# ImageMagick pixel enumeration: 100,56,0,255,srgba
0,0: (51,77,128,255)  #334D80FF  srgba(51,77,128,1)
1,0: (51,77,128,255)  #334D80FF  srgba(51,77,128,1)
2,0: (51,77,128,255)  #334D80FF  srgba(51,77,128,1)
3,0: (51,77,128,255)  #334D80FF  srgba(51,77,128,1)
4,0: (51,77,128,255)  #334D80FF  srgba(51,77,128,1)
5,0: (51,77,128,255)  #334D80FF  srgba(51,77,128,1)
6,0: (51,77,128,255)  #334D80FF  srgba(51,77,128,1)
7,0: (51,77,128,255)  #334D80FF  srgba(51,77,128,1)
8,0: (51,77,128,255)  #334D80FF  srgba(51,77,128,1)
9,0: (51,77,128,255)  #334D80FF  srgba(51,77,128,1)
10,0: (51,77,128,255)  #334D80FF  srgba(51,77,128,1)
11,0: (51,77,128,255)  #334D80FF  srgba(51,77,128,1)
12,0: (51,77,128,255)  #334D80FF  srgba(51,77,128,1)
13,0: (51,77,128,255)  #334D80FF  srgba(51,77,128,1)
14,0: (51,77,128,255)  #334D80FF  srgba(51,77,128,1)
15,0: (51,77,128,255)  #334D80FF  srgba(51,77,128,1)
16,0: (51,77,128,255)  #334D80FF  srgba(51,77,128,1)
17,0: (51,77,128,255)  #334D80FF  srgba(51,77,128,1)
18,0: (51,77,128,255)  #334D80FF  srgba(51,77,128,1)
19,0: (51,77,128,255)  #334D80FF  srgba(51,77,128,1)
20,0: (51,77,128,255)  #334D80FF  srgba(51,77,128,1)
21,0: (51,77,128,255)  #334D80FF  srgba(51,77,128,1)
22,0: (51,77,128,255)  #334D80FF  srgba(51,77,128,1)
23,0: (51,77,128,255)  #334D80FF  srgba(51,77,128,1)
24,0: (51,77,128,255)  #334D80FF  srgba(51,77,128,1)
25,0: (51,77,128,255)  #334D80FF  srgba(51,77,128,1)
26,0: (51,77,128,255)  #334D80FF  srgba(51,77,128,1)
27,0: (51,77,128,255)  #334D80FF  srgba(51,77,128,1)
28,0: (51,77,128,255)  #334D80FF  srgba(51,77,128,1)
29,0: (51,77,128,255)  #334D80FF  srgba(51,77,128,1)
30,0: (51,77,128,255)  #334D80FF  srgba(51,77,128,1)
31,0: (51,77,128,255)  #334D80FF  srgba(51,77,128,1)
32,0: (51,77,128,255)  #334D80FF  srgba(51,77,128,1)
33,0: (51,77,128,255)  #334D80FF  srgba(51,77,128,1)
34,0: (51,77,128,255)  #334D80FF  srgba(51,77,128,1)
35,0: (51,77,128,255)  #334D80FF  srgba(51,77,128,1)
36,0: (51,77,128,255)  #334D80FF  srgba(51,77,128,1)
37,0: (51,77,128,255)  #334D80FF  srgba(51,77,128,1)
38,0: (51,77,128,255)  #334D80FF  srgba(51,77,128,1)
39,0: (51,77,128,255)  #334D80FF  srgba(51,77,128,1)
40,0: (51,77,128,255)  #334D80FF  srgba(51,77,128,1)
41,0: (51,77,128,255)  #334D80FF  srgba(51,77,128,1)
42,0: (51,77,128,255)  #334D80FF  srgba(51,77,128,1)
43,0: (51,77,128,255)  #334D80FF  srgba(51,77,128,1)
44,0: (51,77,128,255)  #334D80FF  srgba(51,77,128,1)
45,0: (51,77,128,255)  #334D80FF  srgba(51,77,128,1)
46,0: (51,77,128,255)  #334D80FF  srgba(51,77,128,1)
47,0: (51,77,128,255)  #334D80FF  srgba(51,77,128,1)
48,0: (51,77,128,255)  #334D80FF  srgba(51,77,128,1)
49,0: (51,77,128,255)  #334D80FF  srgba(51,77,128,1)
50,0: (51,77,128,255)  #334D80FF  srgba(51,77,128,1)
51,0: (51,77,128,255)  #334D80FF  srgba(51,77,128,1)
52,0: (51,77,128,255)  #334D80FF  srgba(51,77,128,1)
53,0: (51,77,128,255)  #334D80FF  srgba(51,77,128,1)
54,0: (51,77,128,255)  #334D80FF  srgba(51,77,128,1)
55,0: (51,77,128,255)  #334D80FF  srgba(51,77,128,1)
56,0: (51,77,128,255)  #334D80FF  srgba(51,77,128,1)
57,0: (51,77,128,255)  #334D80FF  srgba(51,77,128,1)
58,0: (51,77,128,255)  #334D80FF  srgba(51,77,128,1)
59,0: (51,77,128,255)  #334D80FF  srgba(51,77,128,1)
60,0: (51,77,128,255)  #334D80FF  srgba(51,77,128,1)
61,0: (51,77,128,255)  #334D80FF  srgba(51,77,128,1)
62,0: (51,77,128,255)  #334D80FF  srgba(51,77,128,1)
63,0: (51,77,128,255)  #334D80FF  srgba(51,77,128,1)
64,0: (51,77,128,255)  #334D80FF  srgba(51,77,128,1)
65,0: (51,77,128,255)  #334D80FF  srgba(51,77,128,1)
66,0: (51,77,128,255)  #334D80FF  srgba(51,77,128,1)
67,0: (51,77,128,255)  #334D80FF  srgba(51,77,128,1)
68,0: (51,77,128,255)  #334D80FF  srgba(51,77,128,1)
69,0: (51,77,128,255)  #334D80FF  srgba(51,77,128,1)
70,0: (51,77,128,255)  #334D80FF  srgba(51,77,128,1)
71,0: (51,77,128,255)  #334D80FF  srgba(51,77,128,1)
72,0: (51,77,128,255)  #334D80FF  srgba(51,77,128,1)
73,0: (51,77,128,255)  #334D80FF  srgba(51,77,128,1)
74,0: (51,77,128,255)  #334D80FF  srgba(51,77,128,1)
75,0: (51,77,128,255)  #334D80FF  srgba(51,77,128,1)
76,0: (51,77,128,255)  #334D80FF  srgba(51,77,128,1)
77,0: (51,77,128,255)  #334D80FF  srgba(51,77,128,1)
78,0: (51,77,128,255)  #334D80FF  srgba(51,77,128,1)
79,0: (51,77,128,255)  #334D80FF  srgba(51,77,128,1)
80,0: (51,77,128,255)  #334D80FF  srgba(51,77,128,1)
81,0: (51,77,128,255)  #334D80FF  srgba(51,77,128,1)
82,0: (51,77,128,255)  #334D80FF  srgba(51,77,128,1)
83,0: (51,77,128,255)  #334D80FF  srgba(51,77,128,1)
84,0: (51,77,128,255)  #334D80FF  srgba(51,77,128,1)
85,0: (51,77,128,255)  #334D80FF  srgba(51,77,128,1)
86,0: (51,77,128,255)  #334D80FF  srgba(51,77,128,1)
87,0: (51,77,128,255)  #334D80FF  srgba(51,77,128,1)
88,0: (51,77,128,255)  #334D80FF  srgba(51,77,128,1)
89,0: (51,77,128,255)  #334D80FF  srgba(51,77,128,1)
90,0: (51,77,128,255)  #334D80FF  srgba(51,77,128,1)
91,0: (51,77,128,255)  #334D80FF  srgba(51,77,128,1)
92,0: (51,77,128,255)  #334D80FF  srgba(51,77,128,1)
93,0: (51,77,128,255)  #334D80FF  srgba(51,77,128,1)
94,0: (51,77,128,255)  #334D80FF  srgba(51,77,128,1)
95,0: (51,77,128,255)  #334D80FF  srgba(51,77,128,1)
96,0: (51,77,128,255)  #334D80FF  srgba(51,77,128,1)
97,0: (51,77,128,255)  #334D80FF  srgba(51,77,128,1)
98,0: (51,77,128,255)  #334D80FF  srgba(51,77,128,1)
99,0: (51,77,128,255)  #334D80FF  srgba(51,77,128,1)
0,1: (51,77,128,255)  #334D80FF  srgba(51,77,128,1)
1,1: (51,77,128,255)  #334D80FF  srgba(51,77,128,1)
2,1: (51,77,128,255)  #334D80FF  srgba(51,77,128,1)
3,1: (51,77,128,255)  #334D80FF  srgba(51,77,128,1)
4,1: (51,77,128,255)  #334D80FF  srgba(51,77,128,1)
5,1: (51,77,128,255)  #334D80FF  srgba(51,77,128,1)
6,1: (51,77,128,255)  #334D80FF  srgba(51,77,128,1)
7,1: (51,77,128,255)  #334D80FF  srgba(51,77,128,1)
8,1: (51,77,128,255)  #334D80FF  srgba(51,77,128,1)
9,1: (51,77,128,255)  #334D80FF  srgba(51,77,128,1)
10,1: (51,77,128,255)  #334D80FF  srgba(51,77,128,1)
11,1: (51,77,128,255)  #334D80FF  srgba(51,77,128,1)
12,1: (51,77,128,255)  #334D80FF  srgba(51,77,128,1)
13,1: (51,77,128,255)  #334D80FF  srgba(51,77,128,1)
14,1: (51,77,128,255)  #334D80FF  srgba(51,77,128,1)
15,1: (51,77,128,255)  #334D80FF  srgba(51,77,128,1)
16,1: (51,77,128,255)  #334D80FF  srgba(51,77,128,1)
17,1: (51,77,128,255)  #334D80FF  srgba(51,77,128,1)
18,1: (51,77,128,255)  #334D80FF  srgba(51,77,128,1)
19,1: (51,77,128,255)  #334D80FF  srgba(51,77,128,1)
20,1: (51,77,128,255)  #334D80FF  srgba(51,77,128,1)
21,1: (51,77,128,255)  #334D80FF  srgba(51,77,128,1)
22,1: (51,77,128,255)  #334D80FF  srgba(51,77,128,1)
23,1: (51,77,128,255)  #334D80FF  srgba(51,77,128,1)
24,1: (51,77,128,255)  #334D80FF  srgba(51,77,128,1)
25,1: (51,77,128,255)  #334D80FF  srgba(51,77,128,1)
26,1: (51,77,128,255)  #334D80FF  srgba(51,77,128,1)
27,1: (51,77,128,255)  #334D80FF  srgba(51,77,128,1)
28,1: (51,77,128,255)  #334D80FF  srgba(51,77,128,1)
29,1: (51,77,128,255)  #334D80FF  srgba(51,77,128,1)
30,1: (51,77,128,255)  #334D80FF  srgba(51,77,128,1)
31,1: (51,77,128,255)  #334D80FF  srgba(51,77,128,1)
32,1: (51,77,128,255)  #334D80FF  srgba(51,77,128,1)
33,1: (51,77,128,255)  #334D80FF  srgba(51,77,128,1)
34,1: (51,77,128,255)  #334D80FF  srgba(51,77,128,1)
35,1: (51,77,128,255)  #334D80FF  srgba(51,77,128,1)
36,1: (51,77,128,255)  #334D80FF  srgba(51,77,128,1)
37,1: (51,77,128,255)  #334D80FF  srgba(51,77,128,1)
38,1: (51,77,128,255)  #334D80FF  srgba(51,77,128,1)
39,1: (51,77,128,255)  #334D80FF  srgba(51,77,128,1)
40,1: (51,77,128,255)  #334D80FF  srgba(51,77,128,1)
41,1: (51,77,128,255)  #334D80FF  srgba(51,77,128,1)
42,1: (51,77,128,255)  #334D80FF  srgba(51,77,128,1)
43,1: (51,77,128,255)  #334D80FF  srgba(51,77,128,1)
44,1: (51,77,128,255)  #334D80FF  srgba(51,77,128,1)
45,1: (51,77,128,255)  #334D80FF  srgba(51,77,128,1)
46,1: (51,77,128,255)  #334D80FF  srgba(51,77,128,1)
47,1: (51,77,128,255)  #334D80FF  srgba(51,77,128,1)
48,1: (51,77,128,255)  #334D80FF  srgba(51,77,128,1)
49,1: (51,77,128,255)  #334D80FF  srgba(51,77,128,1)
50,1: (51,77,128,255)  #334D80FF  srgba(51,77,128,1)
51,1: (51,77,128,255)  #334D80FF  srgba(51,77,128,1)
52,1: (51,77,128,255)  #334D80FF  srgba(51,77,128,1)
53,1: (51,77,128,255)  #334D80FF  srgba(51,77,128,1)
54,1: (51,77,128,255)  #334D80FF  srgba(51,77,128,1)
55,1: (51,77,128,255)  #334D80FF  srgba(51,77,128,1)
56,1: (51,77,128,255)  #334D80FF  srgba(51,77,128,1)
57,1: (51,77,128,255)  #334D80FF  srgba(51,77,128,1)
58,1: (51,77,128,255)  #334D80FF  srgba(51,77,128,1)
59,1: (51,77,128,255)  #334D80FF  srgba(51,77,128,1)
60,1: (51,77,128,255)  #334D80FF  srgba(51,77,128,1)
61,1: (51,77,128,255)  #334D80FF  srgba(51,77,128,1)
62,1: (51,77,128,255)  #334D80FF  srgba(51,77,128,1)
63,1: (51,77,128,255)  #334D80FF  srgba(51,77,128,1)
64,1: (51,77,128,255)  #334D80FF  srgba(51,77,128,1)
65,1: (51,77,128,255)  #334D80FF  srgba(51,77,128,1)
66,1: (51,77,128,255)  #334D80FF  srgba(51,77,128,1)
67,1: (51,77,128,255)  #334D80FF  srgba(51,77,128,1)
68,1: (51,77,128,255)  #334D80FF  srgba(51,77,128,1)
69,1: (51,77,128,255)  #334D80FF  srgba(51,77,128,1)
70,1: (51,77,128,255)  #334D80FF  srgba(51,77,128,1)
71,1: (51,77,128,255)  #334D80FF  srgba(51,77,128,1)
72,1: (51,77,128,255)  #334D80FF  srgba(51,77,128,1)
73,1: (51,77,128,255)  #334D80FF  srgba(51,77,128,1)
74,1: (51,77,128,255)  #334D80FF  srgba(51,77,128,1)
75,1: (51,77,128,255)  #334D80FF  srgba(51,77,128,1)
76,1: (51,77,128,255)  #334D80FF  srgba(51,77,128,1)
77,1: (51,77,128,255)  #334D80FF  srgba(51,77,128,1)
78,1: (51,77,128,255)  #334D80FF  srgba(51,77,128,1)
79,1: (51,77,128,255)  #334D80FF  srgba(51,77,128,1)
80,1: (51,77,128,255)  #334D80FF  srgba(51,77,128,1)
81,1: (51,77,128,255)  #334D80FF  srgba(51,77,128,1)
82,1: (51,77,128,255)  #334D80FF  srgba(51,77,128,1)
83,1: (51,77,128,255)  #334D80FF  srgba(51,77,128,1)
84,1: (51,77,128,255)  #334D80FF  srgba(51,77,128,1)
85,1: (51,77,128,255)  #334D80FF  srgba(51,77,128,1)
86,1: (51,77,128,255)  #334D80FF  srgba(51,77,128,1)
87,1: (51,77,128,255)  #334D80FF  srgba(51,77,128,1)
88,1: (51,77,128,255)  #334D80FF  srgba(51,77,128,1)
89,1: (51,77,128,255)  #334D80FF  srgba(51,77,128,1)
90,1: (51,77,128,255)  #334D80FF  srgba(51,77,128,1)
91,1: (51,77,128,255)  #334D80FF  srgba(51,77,128,1)
92,1: (51,77,128,255)  #334D80FF  srgba(51,77,128,1)
93,1: (51,77,128,255)  #334D80FF  srgba(51,77,128,1)
94,1: (51,77,128,255)  #334D80FF  srgba(51,77,128,1)
95,1: (51,77,128,255)  #334D80FF  srgba(51,77,128,1)
96,1: (51,77,128,255)  #334D80FF  srgba(51,77,128,1)
97,1: (51,77,128,255)  #334D80FF  srgba(51,77,128,1)
98,1: (51,77,128,255)  #334D80FF  srgba(51,77,128,1)
99,1: (51,77,128,255)  #334D80FF  srgba(51,77,128,1)
0,2: (51,77,128,255)  #334D80FF  srgba(51,77,128,1)
1,2: (51,77,128,255)  #334D80FF  srgba(51,77,128,1)
2,2: (51,77,128,255)  #334D80FF  srgba(51,77,128,1)
3,2: (51,77,128,255)  #334D80FF  srgba(51,77,128,1)
4,2: (51,77,128,255)  #334D80FF  srgba(51,77,128,1)
5,2: (51,77,128,255)  #334D80FF  srgba(51,77,128,1)
6,2: (51,77,128,255)  #334D80FF  srgba(51,77,128,1)
7,2: (51,77,128,255)  #334D80FF  srgba(51,77,128,1)
8,2: (51,77,128,255)  #334D80FF  srgba(51,77,128,1)
9,2: (51,77,128,255)  #334D80FF  srgba(51,77,128,1)
10,2: (51,77,128,255)  #334D80FF  srgba(51,77,128,1)
11,2: (51,77,128,255)  #334D80FF  srgba(51,77,128,1)
12,2: (51,77,128,255)  #334D80FF  srgba(51,77,128,1)
13,2: (51,77,128,255)  #334D80FF  srgba(51,77,128,1)
14,2: (51,77,128,255)  #334D80FF  srgba(51,77,128,1)
15,2: (51,77,128,255)  #334D80FF  srgba(51,77,128,1)
16,2: (51,77,128,255)  #334D80FF  srgba(51,77,128,1)
17,2: (51,77,128,255)  #334D80FF  srgba(51,77,128,1)
18,2: (51,77,128,255)  #334D80FF  srgba(51,77,128,1)
19,2: (51,77,128,255)  #334D80FF  srgba(51,77,128,1)
20,2: (51,77,128,255)  #334D80FF  srgba(51,77,128,1)
21,2: (51,77,128,255)  #334D80FF  srgba(51,77,128,1)
22,2: (51,77,128,255)  #334D80FF  srgba(51,77,128,1)
23,2: (51,77,128,255)  #334D80FF  srgba(51,77,128,1)
24,2: (51,77,128,255)  #334D80FF  srgba(51,77,128,1)
25,2: (51,77,128,255)  #334D80FF  srgba(51,77,128,1)
26,2: (51,77,128,255)  #334D80FF  srgba(51,77,128,1)
27,2: (51,77,128,255)  #334D80FF  srgba(51,77,128,1)
28,2: (51,77,128,255)  #334D80FF  srgba(51,77,128,1)
29,2: (51,77,128,255)  #334D80FF  srgba(51,77,128,1)
30,2: (51,77,128,255)  #334D80FF  srgba(51,77,128,1)
31,2: (51,77,128,255)  #334D80FF  srgba(51,77,128,1)
32,2: (51,77,128,255)  #334D80FF  srgba(51,77,128,1)
33,2: (51,77,128,255)  #334D80FF  srgba(51,77,128,1)
34,2: (51,77,128,255)  #334D80FF  srgba(51,77,128,1)
35,2: (51,77,128,255)  #334D80FF  srgba(51,77,128,1)
36,2: (51,77,128,255)  #334D80FF  srgba(51,77,128,1)
37,2: (51,77,128,255)  #334D80FF  srgba(51,77,128,1)
38,2: (51,77,128,255)  #334D80FF  srgba(51,77,128,1)
39,2: (51,77,128,255)  #334D80FF  srgba(51,77,128,1)
40,2: (51,77,128,255)  #334D80FF  srgba(51,77,128,1)
41,2: (51,77,128,255)  #334D80FF  srgba(51,77,128,1)
42,2: (51,77,128,255)  #334D80FF  srgba(51,77,128,1)
43,2: (51,77,128,255)  #334D80FF  srgba(51,77,128,1)
44,2: (51,77,128,255)  #334D80FF  srgba(51,77,128,1)
45,2: (51,77,128,255)  #334D80FF  srgba(51,77,128,1)
46,2: (51,77,128,255)  #334D80FF  srgba(51,77,128,1)
47,2: (51,77,128,255)  #334D80FF  srgba(51,77,128,1)
48,2: (51,77,128,255)  #334D80FF  srgba(51,77,128,1)
49,2: (51,77,128,255)  #334D80FF  srgba(51,77,128,1)
50,2: (51,77,128,255)  #334D80FF  srgba(51,77,128,1)
51,2: (51,77,128,255)  #334D80FF  srgba(51,77,128,1)
52,2: (51,77,128,255)  #334D80FF  srgba(51,77,128,1)
53,2: (51,77,128,255)  #334D80FF  srgba(51,77,128,1)
54,2: (51,77,128,255)  #334D80FF  srgba(51,77,128,1)
55,2: (51,77,128,255)  #334D80FF  srgba(51,77,128,1)
56,2: (51,77,128,255)  #334D80FF  srgba(51,77,128,1)
57,2: (51,77,128,255)  #334D80FF  srgba(51,77,128,1)
58,2: (51,77,128,255)  #334D80FF  srgba(51,77,128,1)
59,2: (51,77,128,255)  #334D80FF  srgba(51,77,128,1)
60,2: (51,77,128,255)  #334D80FF  srgba(51,77,128,1)
61,2: (51,77,128,255)  #334D80FF  srgba(51,77,128,1)
62,2: (51,77,128,255)  #334D80FF  srgba(51,77,128,1)
63,2: (51,77,128,255)  #334D80FF  srgba(51,77,128,1)
64,2: (51,77,128,255)  #334D80FF  srgba(51,77,128,1)
65,2: (51,77,128,255)  #334D80FF  srgba(51,77,128,1)
66,2: (51,77,128,255)  #334D80FF  srgba(51,77,128,1)
67,2: (51,77,128,255)  #334D80FF  srgba(51,77,128,1)
68,2: (51,77,128,255)  #334D80FF  srgba(51,77,128,1)
69,2: (51,77,128,255)  #334D80FF  srgba(51,77,128,1)
70,2: (51,77,128,255)  #334D80FF  srgba(51,77,128,1)
71,2: (51,77,128,255)  #334D80FF  srgba(51,77,128,1)
72,2: (51,77,128,255)  #334D80FF  srgba(51,77,128,1)
73,2: (51,77,128,255)  #334D80FF  srgba(51,77,128,1)
74,2: (51,77,128,255)  #334D80FF  srgba(51,77,128,1)
75,2: (51,77,128,255)  #334D80FF  srgba(51,77,128,1)
76,2: (51,77,128,255)  #334D80FF  srgba(51,77,128,1)
77,2: (51,77,128,255)  #334D80FF  srgba(51,77,128,1)
78,2: (51,77,128,255)  #334D80FF  srgba(51,77,128,1)
79,2: (51,77,128,255)  #334D80FF  srgba(51,77,128,1)
80,2: (51,77,128,255)  #334D80FF  srgba(51,77,128,1)
81,2: (51,77,128,255)  #334D80FF  srgba(51,77,128,1)
82,2: (51,77,128,255)  #334D80FF  srgba(51,77,128,1)
83,2: (51,77,128,255)  #334D80FF  srgba(51,77,128,1)
84,2: (51,77,128,255)  #334D80FF  srgba(51,77,128,1)
85,2: (51,77,128,255)  #334D80FF  srgba(51,77,128,1)
86,2: (51,77,128,255)  #334D80FF  srgba(51,77,128,1)
87,2: (51,77,128,255)  #334D80FF  srgba(51,77,128,1)
88,2: (51,77,128,255)  #334D80FF  srgba(51,77,128,1)
89,2: (51,77,128,255)  #334D80FF  srgba(51,77,128,1)
90,2: (51,77,128,255)  #334D80FF  srgba(51,77,128,1)
91,2: (51,77,128,255)  #334D80FF  srgba(51,77,128,1)
92,2: (51,77,128,255)  #334D80FF  srgba(51,77,128,1)
93,2: (51,77,128,255)  #334D80FF  srgba(51,77,128,1)
94,2: (51,77,128,255)  #334D80FF  srgba(51,77,128,1)
95,2: (51,77,128,255)  #334D80FF  srgba(51,77,128,1)
96,2: (51,77,128,255)  #334D80FF  srgba(51,77,128,1)
97,2: (51,77,128,255)  #334D80FF  srgba(51,77,128,1)
98,2: (51,77,128,255)  #334D80FF  srgba(51,77,128,1)
99,2: (51,77,128,255)  #334D80FF  srgba(51,77,128,1)
0,3: (51,77,128,255)  #334D80FF  srgba(51,77,128,1)
1,3: (51,77,128,255)  #334D80FF  srgba(51,77,128,1)
2,3: (51,77,128,255)  #334D80FF  srgba(51,77,128,1)
3,3: (51,77,128,255)  #334D80FF  srgba(51,77,128,1)
4,3: (51,77,128,255)  #334D80FF  srgba(51,77,128,1)
5,3: (51,77,128,255)  #334D80FF  srgba(51,77,128,1)
6,3: (51,77,128,255)  #334D80FF  srgba(51,77,128,1)
7,3: (51,77,128,255)  #334D80FF  srgba(51,77,128,1)
8,3: (51,77,128,255)  #334D80FF  srgba(51,77,128,1)
9,3: (51,77,128,255)  #334D80FF  srgba(51,77,128,1)
10,3: (51,77,128,255)  #334D80FF  srgba(51,77,128,1)
11,3: (51,77,128,255)  #334D80FF  srgba(51,77,128,1)
12,3: (51,77,128,255)  #334D80FF  srgba(51,77,128,1)
13,3: (51,77,128,255)  #334D80FF  srgba(51,77,128,1)
14,3: (51,77,128,255)  #334D80FF  srgba(51,77,128,1)
15,3: (51,77,128,255)  #334D80FF  srgba(51,77,128,1)
16,3: (51,77,128,255)  #334D80FF  srgba(51,77,128,1)
17,3: (51,77,128,255)  #334D80FF  srgba(51,77,128,1)
18,3: (51,77,128,255)  #334D80FF  srgba(51,77,128,1)
19,3: (51,77,128,255)  #334D80FF  srgba(51,77,128,1)
20,3: (51,77,128,255)  #334D80FF  srgba(51,77,128,1)
21,3: (51,77,128,255)  #334D80FF  srgba(51,77,128,1)
22,3: (51,77,128,255)  #334D80FF  srgba(51,77,128,1)
23,3: (51,77,128,255)  #334D80FF  srgba(51,77,128,1)
24,3: (51,77,128,255)  #334D80FF  srgba(51,77,128,1)
25,3: (51,77,128,255)  #334D80FF  srgba(51,77,128,1)
26,3: (51,77,128,255)  #334D80FF  srgba(51,77,128,1)
27,3: (51,77,128,255)  #334D80FF  srgba(51,77,128,1)
28,3: (51,77,128,255)  #334D80FF  srgba(51,77,128,1)
29,3: (51,77,128,255)  #334D80FF  srgba(51,77,128,1)
30,3: (51,77,128,255)  #334D80FF  srgba(51,77,128,1)
31,3: (51,77,128,255)  #334D80FF  srgba(51,77,128,1)
32,3: (51,77,128,255)  #334D80FF  srgba(51,77,128,1)
33,3: (51,77,128,255)  #334D80FF  srgba(51,77,128,1)
34,3: (51,77,128,255)  #334D80FF  srgba(51,77,128,1)
35,3: (51,77,128,255)  #334D80FF  srgba(51,77,128,1)
36,3: (51,77,128,255)  #334D80FF  srgba(51,77,128,1)
37,3: (51,77,128,255)  #334D80FF  srgba(51,77,128,1)
38,3: (51,77,128,255)  #334D80FF  srgba(51,77,128,1)
39,3: (51,77,128,255)  #334D80FF  srgba(51,77,128,1)
40,3: (51,77,128,255)  #334D80FF  srgba(51,77,128,1)
41,3: (51,77,128,255)  #334D80FF  srgba(51,77,128,1)
42,3: (51,77,128,255)  #334D80FF  srgba(51,77,128,1)
43,3: (51,77,128,255)  #334D80FF  srgba(51,77,128,1)
44,3: (51,77,128,255)  #334D80FF  srgba(51,77,128,1)
45,3: (51,77,128,255)  #334D80FF  srgba(51,77,128,1)
46,3: (51,77,128,255)  #334D80FF  srgba(51,77,128,1)
47,3: (51,77,128,255)  #334D80FF  srgba(51,77,128,1)
48,3: (51,77,128,255)  #334D80FF  srgba(51,77,128,1)
49,3: (51,77,128,255)  #334D80FF  srgba(51,77,128,1)
50,3: (51,77,128,255)  #334D80FF  srgba(51,77,128,1)
51,3: (51,77,128,255)  #334D80FF  srgba(51,77,128,1)
52,3: (51,77,128,255)  #334D80FF  srgba(51,77,128,1)
53,3: (51,77,128,255)  #334D80FF  srgba(51,77,128,1)
54,3: (51,77,128,255)  #334D80FF  srgba(51,77,128,1)
55,3: (51,77,128,255)  #334D80FF  srgba(51,77,128,1)
56,3: (51,77,128,255)  #334D80FF  srgba(51,77,128,1)
57,3: (51,77,128,255)  #334D80FF  srgba(51,77,128,1)
58,3: (51,77,128,255)  #334D80FF  srgba(51,77,128,1)
59,3: (51,77,128,255)  #334D80FF  srgba(51,77,128,1)
60,3: (51,77,128,255)  #334D80FF  srgba(51,77,128,1)
61,3: (51,77,128,255)  #334D80FF  srgba(51,77,128,1)
62,3: (51,77,128,255)  #334D80FF  srgba(51,77,128,1)
63,3: (51,77,128,255)  #334D80FF  srgba(51,77,128,1)
64,3: (51,77,128,255)  #334D80FF  srgba(51,77,128,1)
65,3: (51,77,128,255)  #334D80FF  srgba(51,77,128,1)
66,3: (51,77,128,255)  #334D80FF  srgba(51,77,128,1)
67,3: (51,77,128,255)  #334D80FF  srgba(51,77,128,1)
68,3: (51,77,128,255)  #334D80FF  srgba(51,77,128,1)
69,3: (51,77,128,255)  #334D80FF  srgba(51,77,128,1)
70,3: (51,77,128,255)  #334D80FF  srgba(51,77,128,1)
71,3: (51,77,128,255)  #334D80FF  srgba(51,77,128,1)
72,3: (51,77,128,255)  #334D80FF  srgba(51,77,128,1)
73,3: (51,77,128,255)  #334D80FF  srgba(51,77,128,1)
74,3: (51,77,128,255)  #334D80FF  srgba(51,77,128,1)
75,3: (51,77,128,255)  #334D80FF  srgba(51,77,128,1)
76,3: (51,77,128,255)  #334D80FF  srgba(51,77,128,1)
77,3: (51,77,128,255)  #334D80FF  srgba(51,77,128,1)
78,3: (51,77,128,255)  #334D80FF  srgba(51,77,128,1)
79,3: (51,77,128,255)  #334D80FF  srgba(51,77,128,1)
80,3: (51,77,128,255)  #334D80FF  srgba(51,77,128,1)
81,3: (51,77,128,255)  #334D80FF  srgba(51,77,128,1)
82,3: (51,77,128,255)  #334D80FF  srgba(51,77,128,1)
83,3: (51,77,128,255)  #334D80FF  srgba(51,77,128,1)
84,3: (51,77,128,255)  #334D80FF  srgba(51,77,128,1)
85,3: (51,77,128,255)  #334D80FF  srgba(51,77,128,1)
86,3: (51,77,128,255)  #334D80FF  srgba(51,77,128,1)
87,3: (51,77,128,255)  #334D80FF  srgba(51,77,128,1)
88,3: (51,77,128,255)  #334D80FF  srgba(51,77,128,1)
89,3: (51,77,128,255)  #334D80FF  srgba(51,77,128,1)
90,3: (51,77,128,255)  #334D80FF  srgba(51,77,128,1)
91,3: (51,77,128,255)  #334D80FF  srgba(51,77,128,1)
92,3: (51,77,128,255)  #334D80FF  srgba(51,77,128,1)
93,3: (51,77,128,255)  #334D80FF  srgba(51,77,128,1)
94,3: (51,77,128,255)  #334D80FF  srgba(51,77,128,1)
95,3: (51,77,128,255)  #334D80FF  srgba(51,77,128,1)
96,3: (51,77,128,255)  #334D80FF  srgba(51,77,128,1)
97,3: (51,77,128,255)  #334D80FF  srgba(51,77,128,1)
98,3: (51,77,128,255)  #334D80FF  srgba(51,77,128,1)
99,3: (51,77,128,255)  #334D80FF  srgba(51,77,128,1)
0,4: (51,77,128,255)  #334D80FF  srgba(51,77,128,1)
1,4: (51,77,128,255)  #334D80FF  srgba(51,77,128,1)
2,4: (51,77,128,255)  #334D80FF  srgba(51,77,128,1)
3,4: (51,77,128,255)  #334D80FF  srgba(51,77,128,1)
4,4: (51,77,128,255)  #334D80FF  srgba(51,77,128,1)
5,4: (51,77,128,255)  #334D80FF  srgba(51,77,128,1)
6,4: (51,77,128,255)  #334D80FF  srgba(51,77,128,1)
7,4: (51,77,128,255)  #334D80FF  srgba(51,77,128,1)
8,4: (51,77,128,255)  #334D80FF  srgba(51,77,128,1)
9,4: (51,77,128,255)  #334D80FF  srgba(51,77,128,1)
10,4: (51,77,128,255)  #334D80FF  srgba(51,77,128,1)
11,4: (51,77,128,255)  #334D80FF  srgba(51,77,128,1)
12,4: (51,77,128,255)  #334D80FF  srgba(51,77,128,1)
13,4: (51,77,128,255)  #334D80FF  srgba(51,77,128,1)
14,4: (51,77,128,255)  #334D80FF  srgba(51,77,128,1)
15,4: (51,77,128,255)  #334D80FF  srgba(51,77,128,1)
16,4: (51,77,128,255)  #334D80FF  srgba(51,77,128,1)
17,4: (51,77,128,255)  #334D80FF  srgba(51,77,128,1)
18,4: (51,77,128,255)  #334D80FF  srgba(51,77,128,1)
19,4: (51,77,128,255)  #334D80FF  srgba(51,77,128,1)
20,4: (51,77,128,255)  #334D80FF  srgba(51,77,128,1)
21,4: (51,77,128,255)  #334D80FF  srgba(51,77,128,1)
22,4: (51,77,128,255)  #334D80FF  srgba(51,77,128,1)
23,4: (51,77,128,255)  #334D80FF  srgba(51,77,128,1)
24,4: (51,77,128,255)  #334D80FF  srgba(51,77,128,1)
25,4: (51,77,128,255)  #334D80FF  srgba(51,77,128,1)
26,4: (51,77,128,255)  #334D80FF  srgba(51,77,128,1)
27,4: (51,77,128,255)  #334D80FF  srgba(51,77,128,1)
28,4: (51,77,128,255)  #334D80FF  srgba(51,77,128,1)
29,4: (51,77,128,255)  #334D80FF  srgba(51,77,128,1)
30,4: (51,77,128,255)  #334D80FF  srgba(51,77,128,1)
31,4: (51,77,128,255)  #334D80FF  srgba(51,77,128,1)
32,4: (51,77,128,255)  #334D80FF  srgba(51,77,128,1)
33,4: (51,77,128,255)  #334D80FF  srgba(51,77,128,1)
34,4: (51,77,128,255)  #334D80FF  srgba(51,77,128,1)
35,4: (51,77,128,255)  #334D80FF  srgba(51,77,128,1)
36,4: (51,77,128,255)  #334D80FF  srgba(51,77,128,1)
37,4: (51,77,128,255)  #334D80FF  srgba(51,77,128,1)
38,4: (51,77,128,255)  #334D80FF  srgba(51,77,128,1)
39,4: (51,77,128,255)  #334D80FF  srgba(51,77,128,1)
40,4: (51,77,128,255)  #334D80FF  srgba(51,77,128,1)
41,4: (51,77,128,255)  #334D80FF  srgba(51,77,128,1)
42,4: (51,77,128,255)  #334D80FF  srgba(51,77,128,1)
43,4: (51,77,128,255)  #334D80FF  srgba(51,77,128,1)
44,4: (51,77,128,255)  #334D80FF  srgba(51,77,128,1)
45,4: (51,77,128,255)  #334D80FF  srgba(51,77,128,1)
46,4: (51,77,128,255)  #334D80FF  srgba(51,77,128,1)
47,4: (51,77,128,255)  #334D80FF  srgba(51,77,128,1)
48,4: (51,77,128,255)  #334D80FF  srgba(51,77,128,1)
49,4: (51,77,128,255)  #334D80FF  srgba(51,77,128,1)
50,4: (51,77,128,255)  #334D80FF  srgba(51,77,128,1)
51,4: (51,77,128,255)  #334D80FF  srgba(51,77,128,1)
52,4: (51,77,128,255)  #334D80FF  srgba(51,77,128,1)
53,4: (51,77,128,255)  #334D80FF  srgba(51,77,128,1)
54,4: (51,77,128,255)  #334D80FF  srgba(51,77,128,1)
55,4: (51,77,128,255)  #334D80FF  srgba(51,77,128,1)
56,4: (51,77,128,255)  #334D80FF  srgba(51,77,128,1)
57,4: (51,77,128,255)  #334D80FF  srgba(51,77,128,1)
58,4: (51,77,128,255)  #334D80FF  srgba(51,77,128,1)
59,4: (51,77,128,255)  #334D80FF  srgba(51,77,128,1)
60,4: (51,77,128,255)  #334D80FF  srgba(51,77,128,1)
61,4: (51,77,128,255)  #334D80FF  srgba(51,77,128,1)
62,4: (51,77,128,255)  #334D80FF  srgba(51,77,128,1)
63,4: (51,77,128,255)  #334D80FF  srgba(51,77,128,1)
64,4: (51,77,128,255)  #334D80FF  srgba(51,77,128,1)
65,4: (51,77,128,255)  #334D80FF  srgba(51,77,128,1)
66,4: (51,77,128,255)  #334D80FF  srgba(51,77,128,1)
67,4: (51,77,128,255)  #334D80FF  srgba(51,77,128,1)
68,4: (51,77,128,255)  #334D80FF  srgba(51,77,128,1)
69,4: (51,77,128,255)  #334D80FF  srgba(51,77,128,1)
70,4: (51,77,128,255)  #334D80FF  srgba(51,77,128,1)
71,4: (51,77,128,255)  #334D80FF  srgba(51,77,128,1)
72,4: (51,77,128,255)  #334D80FF  srgba(51,77,128,1)
73,4: (51,77,128,255)  #334D80FF  srgba(51,77,128,1)
74,4: (51,77,128,255)  #334D80FF  srgba(51,77,128,1)
75,4: (51,77,128,255)  #334D80FF  srgba(51,77,128,1)
76,4: (51,77,128,255)  #334D80FF  srgba(51,77,128,1)
77,4: (51,77,128,255)  #334D80FF  srgba(51,77,128,1)
78,4: (51,77,128,255)  #334D80FF  srgba(51,77,128,1)
79,4: (51,77,128,255)  #334D80FF  srgba(51,77,128,1)
80,4: (51,77,128,255)  #334D80FF  srgba(51,77,128,1)
81,4: (51,77,128,255)  #334D80FF  srgba(51,77,128,1)
82,4: (51,77,128,255)  #334D80FF  srgba(51,77,128,1)
83,4: (51,77,128,255)  #334D80FF  srgba(51,77,128,1)
84,4: (51,77,128,255)  #334D80FF  srgba(51,77,128,1)
85,4: (51,77,128,255)  #334D80FF  srgba(51,77,128,1)
86,4: (51,77,128,255)  #334D80FF  srgba(51,77,128,1)
87,4: (51,77,128,255)  #334D80FF  srgba(51,77,128,1)
88,4: (51,77,128,255)  #334D80FF  srgba(51,77,128,1)
89,4: (51,77,128,255)  #334D80FF  srgba(51,77,128,1)
90,4: (51,77,128,255)  #334D80FF  srgba(51,77,128,1)
91,4: (51,77,128,255)  #334D80FF  srgba(51,77,128,1)
92,4: (51,77,128,255)  #334D80FF  srgba(51,77,128,1)
93,4: (51,77,128,255)  #334D80FF  srgba(51,77,128,1)
94,4: (51,77,128,255)  #334D80FF  srgba(51,77,128,1)
95,4: (51,77,128,255)  #334D80FF  srgba(51,77,128,1)
96,4: (51,77,128,255)  #334D80FF  srgba(51,77,128,1)
97,4: (51,77,128,255)  #334D80FF  srgba(51,77,128,1)
98,4: (51,77,128,255)  #334D80FF  srgba(51,77,128,1)
99,4: (51,77,128,255)  #334D80FF  srgba(51,77,128,1)
0,5: (51,77,128,255)  #334D80FF  srgba(51,77,128,1)
1,5: (51,77,128,255)  #334D80FF  srgba(51,77,128,1)
2,5: (51,77,128,255)  #334D80FF  srgba(51,77,128,1)
3,5: (51,77,128,255)  #334D80FF  srgba(51,77,128,1)
4,5: (51,77,128,255)  #334D80FF  srgba(51,77,128,1)
5,5: (51,77,128,255)  #334D80FF  srgba(51,77,128,1)
6,5: (51,77,128,255)  #334D80FF  srgba(51,77,128,1)
7,5: (51,77,128,255)  #334D80FF  srgba(51,77,128,1)
8,5: (51,77,128,255)  #334D80FF  srgba(51,77,128,1)
9,5: (51,77,128,255)  #334D80FF  srgba(51,77,128,1)
10,5: (51,77,128,255)  #334D80FF  srgba(51,77,128,1)
11,5: (51,77,128,255)  #334D80FF  srgba(51,77,128,1)
12,5: (51,77,128,255)  #334D80FF  srgba(51,77,128,1)
13,5: (51,77,128,255)  #334D80FF  srgba(51,77,128,1)
14,5: (51,77,128,255)  #334D80FF  srgba(51,77,128,1)
15,5: (51,77,128,255)  #334D80FF  srgba(51,77,128,1)
16,5: (51,77,128,255)  #334D80FF  srgba(51,77,128,1)
17,5: (51,77,128,255)  #334D80FF  srgba(51,77,128,1)
18,5: (51,77,128,255)  #334D80FF  srgba(51,77,128,1)
19,5: (51,77,128,255)  #334D80FF  srgba(51,77,128,1)
20,5: (51,77,128,255)  #334D80FF  srgba(51,77,128,1)
21,5: (51,77,128,255)  #334D80FF  srgba(51,77,128,1)
22,5: (51,77,128,255)  #334D80FF  srgba(51,77,128,1)
23,5: (51,77,128,255)  #334D80FF  srgba(51,77,128,1)
24,5: (51,77,128,255)  #334D80FF  srgba(51,77,128,1)
25,5: (51,77,128,255)  #334D80FF  srgba(51,77,128,1)
26,5: (51,77,128,255)  #334D80FF  srgba(51,77,128,1)
27,5: (51,77,128,255)  #334D80FF  srgba(51,77,128,1)
28,5: (51,77,128,255)  #334D80FF  srgba(51,77,128,1)
29,5: (51,77,128,255)  #334D80FF  srgba(51,77,128,1)
30,5: (51,77,128,255)  #334D80FF  srgba(51,77,128,1)
31,5: (51,77,128,255)  #334D80FF  srgba(51,77,128,1)
32,5: (51,77,128,255)  #334D80FF  srgba(51,77,128,1)
33,5: (51,77,128,255)  #334D80FF  srgba(51,77,128,1)
34,5: (51,77,128,255)  #334D80FF  srgba(51,77,128,1)
35,5: (51,77,128,255)  #334D80FF  srgba(51,77,128,1)
36,5: (51,77,128,255)  #334D80FF  srgba(51,77,128,1)
37,5: (51,77,128,255)  #334D80FF  srgba(51,77,128,1)
38,5: (51,77,128,255)  #334D80FF  srgba(51,77,128,1)
39,5: (51,77,128,255)  #334D80FF  srgba(51,77,128,1)
40,5: (51,77,128,255)  #334D80FF  srgba(51,77,128,1)
41,5: (51,77,128,255)  #334D80FF  srgba(51,77,128,1)
42,5: (51,77,128,255)  #334D80FF  srgba(51,77,128,1)
43,5: (51,77,128,255)  #334D80FF  srgba(51,77,128,1)
44,5: (51,77,128,255)  #334D80FF  srgba(51,77,128,1)
45,5: (51,77,128,255)  #334D80FF  srgba(51,77,128,1)
46,5: (51,77,128,255)  #334D80FF  srgba(51,77,128,1)
47,5: (51,77,128,255)  #334D80FF  srgba(51,77,128,1)
48,5: (51,77,128,255)  #334D80FF  srgba(51,77,128,1)
49,5: (51,77,128,255)  #334D80FF  srgba(51,77,128,1)
50,5: (51,77,128,255)  #334D80FF  srgba(51,77,128,1)
51,5: (51,77,128,255)  #334D80FF  srgba(51,77,128,1)
52,5: (51,77,128,255)  #334D80FF  srgba(51,77,128,1)
53,5: (51,77,128,255)  #334D80FF  srgba(51,77,128,1)
54,5: (51,77,128,255)  #334D80FF  srgba(51,77,128,1)
55,5: (51,77,128,255)  #334D80FF  srgba(51,77,128,1)
56,5: (51,77,128,255)  #334D80FF  srgba(51,77,128,1)
57,5: (51,77,128,255)  #334D80FF  srgba(51,77,128,1)
58,5: (51,77,128,255)  #334D80FF  srgba(51,77,128,1)
59,5: (51,77,128,255)  #334D80FF  srgba(51,77,128,1)
60,5: (51,77,128,255)  #334D80FF  srgba(51,77,128,1)
61,5: (51,77,128,255)  #334D80FF  srgba(51,77,128,1)
62,5: (51,77,128,255)  #334D80FF  srgba(51,77,128,1)
63,5: (51,77,128,255)  #334D80FF  srgba(51,77,128,1)
64,5: (51,77,128,255)  #334D80FF  srgba(51,77,128,1)
65,5: (51,77,128,255)  #334D80FF  srgba(51,77,128,1)
66,5: (51,77,128,255)  #334D80FF  srgba(51,77,128,1)
67,5: (51,77,128,255)  #334D80FF  srgba(51,77,128,1)
68,5: (51,77,128,255)  #334D80FF  srgba(51,77,128,1)
69,5: (51,77,128,255)  #334D80FF  srgba(51,77,128,1)
70,5: (51,77,128,255)  #334D80FF  srgba(51,77,128,1)
71,5: (51,77,128,255)  #334D80FF  srgba(51,77,128,1)
72,5: (51,77,128,255)  #334D80FF  srgba(51,77,128,1)
73,5: (51,77,128,255)  #334D80FF  srgba(51,77,128,1)
74,5: (51,77,128,255)  #334D80FF  srgba(51,77,128,1)
75,5: (51,77,128,255)  #334D80FF  srgba(51,77,128,1)
76,5: (51,77,128,255)  #334D80FF  srgba(51,77,128,1)
77,5: (51,77,128,255)  #334D80FF  srgba(51,77,128,1)
78,5: (51,77,128,255)  #334D80FF  srgba(51,77,128,1)
79,5: (51,77,128,255)  #334D80FF  srgba(51,77,128,1)
80,5: (51,77,128,255)  #334D80FF  srgba(51,77,128,1)
81,5: (51,77,128,255)  #334D80FF  srgba(51,77,128,1)
82,5: (51,77,128,255)  #334D80FF  srgba(51,77,128,1)
83,5: (51,77,128,255)  #334D80FF  srgba(51,77,128,1)
84,5: (51,77,128,255)  #334D80FF  srgba(51,77,128,1)
85,5: (51,77,128,255)  #334D80FF  srgba(51,77,128,1)
86,5: (51,77,128,255)  #334D80FF  srgba(51,77,128,1)
87,5: (51,77,128,255)  #334D80FF  srgba(51,77,128,1)
88,5: (51,77,128,255)  #334D80FF  srgba(51,77,128,1)
89,5: (51,77,128,255)  #334D80FF  srgba(51,77,128,1)
90,5: (51,77,128,255)  #334D80FF  srgba(51,77,128,1)
91,5: (51,77,128,255)  #334D80FF  srgba(51,77,128,1)
92,5: (51,77,128,255)  #334D80FF  srgba(51,77,128,1)
93,5: (51,77,128,255)  #334D80FF  srgba(51,77,128,1)
94,5: (51,77,128,255)  #334D80FF  srgba(51,77,128,1)
95,5: (51,77,128,255)  #334D80FF  srgba(51,77,128,1)
96,5: (51,77,128,255)  #334D80FF  srgba(51,77,128,1)
97,5: (51,77,128,255)  #334D80FF  srgba(51,77,128,1)
98,5: (51,77,128,255)  #334D80FF  srgba(51,77,128,1)
99,5: (51,77,128,255)  #334D80FF  srgba(51,77,128,1)
0,6: (51,77,128,255)  #334D80FF  srgba(51,77,128,1)
1,6: (51,77,128,255)  #334D80FF  srgba(51,77,128,1)
2,6: (51,77,128,255)  #334D80FF  srgba(51,77,128,1)
3,6: (51,77,128,255)  #334D80FF  srgba(51,77,128,1)
4,6: (51,77,128,255)  #334D80FF  srgba(51,77,128,1)
5,6: (51,77,128,255)  #334D80FF  srgba(51,77,128,1)
6,6: (51,77,128,255)  #334D80FF  srgba(51,77,128,1)
7,6: (51,77,128,255)  #334D80FF  srgba(51,77,128,1)
8,6: (51,77,128,255)  #334D80FF  srgba(51,77,128,1)
9,6: (51,77,128,255)  #334D80FF  srgba(51,77,128,1)
10,6: (51,77,128,255)  #334D80FF  srgba(51,77,128,1)
11,6: (51,77,128,255)  #334D80FF  srgba(51,77,128,1)
12,6: (51,77,128,255)  #334D80FF  srgba(51,77,128,1)
13,6: (51,77,128,255)  #334D80FF  srgba(51,77,128,1)
14,6: (51,77,128,255)  #334D80FF  srgba(51,77,128,1)
15,6: (51,77,128,255)  #334D80FF  srgba(51,77,128,1)
16,6: (51,77,128,255)  #334D80FF  srgba(51,77,128,1)
17,6: (51,77,128,255)  #334D80FF  srgba(51,77,128,1)
18,6: (51,77,128,255)  #334D80FF  srgba(51,77,128,1)
19,6: (51,77,128,255)  #334D80FF  srgba(51,77,128,1)
20,6: (51,77,128,255)  #334D80FF  srgba(51,77,128,1)
21,6: (51,77,128,255)  #334D80FF  srgba(51,77,128,1)
22,6: (51,77,128,255)  #334D80FF  srgba(51,77,128,1)
23,6: (51,77,128,255)  #334D80FF  srgba(51,77,128,1)
24,6: (51,77,128,255)  #334D80FF  srgba(51,77,128,1)
25,6: (51,77,128,255)  #334D80FF  srgba(51,77,128,1)
26,6: (51,77,128,255)  #334D80FF  srgba(51,77,128,1)
27,6: (51,77,128,255)  #334D80FF  srgba(51,77,128,1)
28,6: (51,77,128,255)  #334D80FF  srgba(51,77,128,1)
29,6: (51,77,128,255)  #334D80FF  srgba(51,77,128,1)
30,6: (51,77,128,255)  #334D80FF  srgba(51,77,128,1)
31,6: (51,77,128,255)  #334D80FF  srgba(51,77,128,1)
32,6: (51,77,128,255)  #334D80FF  srgba(51,77,128,1)
33,6: (51,77,128,255)  #334D80FF  srgba(51,77,128,1)
34,6: (51,77,128,255)  #334D80FF  srgba(51,77,128,1)
35,6: (51,77,128,255)  #334D80FF  srgba(51,77,128,1)
36,6: (51,77,128,255)  #334D80FF  srgba(51,77,128,1)
37,6: (51,77,128,255)  #334D80FF  srgba(51,77,128,1)
38,6: (51,77,128,255)  #334D80FF  srgba(51,77,128,1)
39,6: (51,77,128,255)  #334D80FF  srgba(51,77,128,1)
40,6: (51,77,128,255)  #334D80FF  srgba(51,77,128,1)
41,6: (51,77,128,255)  #334D80FF  srgba(51,77,128,1)
42,6: (51,77,128,255)  #334D80FF  srgba(51,77,128,1)
43,6: (51,77,128,255)  #334D80FF  srgba(51,77,128,1)
44,6: (51,77,128,255)  #334D80FF  srgba(51,77,128,1)
45,6: (51,77,128,255)  #334D80FF  srgba(51,77,128,1)
46,6: (51,77,128,255)  #334D80FF  srgba(51,77,128,1)
47,6: (51,77,128,255)  #334D80FF  srgba(51,77,128,1)
48,6: (51,77,128,255)  #334D80FF  srgba(51,77,128,1)
49,6: (51,77,128,255)  #334D80FF  srgba(51,77,128,1)
50,6: (51,77,128,255)  #334D80FF  srgba(51,77,128,1)
51,6: (51,77,128,255)  #334D80FF  srgba(51,77,128,1)
52,6: (51,77,128,255)  #334D80FF  srgba(51,77,128,1)
53,6: (51,77,128,255)  #334D80FF  srgba(51,77,128,1)
54,6: (51,77,128,255)  #334D80FF  srgba(51,77,128,1)
55,6: (51,77,128,255)  #334D80FF  srgba(51,77,128,1)
56,6: (51,77,128,255)  #334D80FF  srgba(51,77,128,1)
57,6: (51,77,128,255)  #334D80FF  srgba(51,77,128,1)
58,6: (51,77,128,255)  #334D80FF  srgba(51,77,128,1)
59,6: (51,77,128,255)  #334D80FF  srgba(51,77,128,1)
60,6: (51,77,128,255)  #334D80FF  srgba(51,77,128,1)
61,6: (51,77,128,255)  #334D80FF  srgba(51,77,128,1)
62,6: (51,77,128,255)  #334D80FF  srgba(51,77,128,1)
63,6: (51,77,128,255)  #334D80FF  srgba(51,77,128,1)
64,6: (51,77,128,255)  #334D80FF  srgba(51,77,128,1)
65,6: (51,77,128,255)  #334D80FF  srgba(51,77,128,1)
66,6: (51,77,128,255)  #334D80FF  srgba(51,77,128,1)
67,6: (51,77,128,255)  #334D80FF  srgba(51,77,128,1)
68,6: (51,77,128,255)  #334D80FF  srgba(51,77,128,1)
69,6: (51,77,128,255)  #334D80FF  srgba(51,77,128,1)
70,6: (51,77,128,255)  #334D80FF  srgba(51,77,128,1)
71,6: (51,77,128,255)  #334D80FF  srgba(51,77,128,1)
72,6: (51,77,128,255)  #334D80FF  srgba(51,77,128,1)
73,6: (51,77,128,255)  #334D80FF  srgba(51,77,128,1)
74,6: (51,77,128,255)  #334D80FF  srgba(51,77,128,1)
75,6: (51,77,128,255)  #334D80FF  srgba(51,77,128,1)
76,6: (51,77,128,255)  #334D80FF  srgba(51,77,128,1)
77,6: (51,77,128,255)  #334D80FF  srgba(51,77,128,1)
78,6: (51,77,128,255)  #334D80FF  srgba(51,77,128,1)
79,6: (51,77,128,255)  #334D80FF  srgba(51,77,128,1)
80,6: (51,77,128,255)  #334D80FF  srgba(51,77,128,1)
81,6: (51,77,128,255)  #334D80FF  srgba(51,77,128,1)
82,6: (51,77,128,255)  #334D80FF  srgba(51,77,128,1)
83,6: (51,77,128,255)  #334D80FF  srgba(51,77,128,1)
84,6: (51,77,128,255)  #334D80FF  srgba(51,77,128,1)
85,6: (51,77,128,255)  #334D80FF  srgba(51,77,128,1)
86,6: (51,77,128,255)  #334D80FF  srgba(51,77,128,1)
87,6: (51,77,128,255)  #334D80FF  srgba(51,77,128,1)
88,6: (51,77,128,255)  #334D80FF  srgba(51,77,128,1)
89,6: (51,77,128,255)  #334D80FF  srgba(51,77,128,1)
90,6: (51,77,128,255)  #334D80FF  srgba(51,77,128,1)
91,6: (51,77,128,255)  #334D80FF  srgba(51,77,128,1)
92,6: (51,77,128,255)  #334D80FF  srgba(51,77,128,1)
93,6: (51,77,128,255)  #334D80FF  srgba(51,77,128,1)
94,6: (51,77,128,255)  #334D80FF  srgba(51,77,128,1)
95,6: (51,77,128,255)  #334D80FF  srgba(51,77,128,1)
96,6: (51,77,128,255)  #334D80FF  srgba(51,77,128,1)
97,6: (51,77,128,255)  #334D80FF  srgba(51,77,128,1)
98,6: (51,77,128,255)  #334D80FF  srgba(51,77,128,1)
99,6: (51,77,128,255)  #334D80FF  srgba(51,77,128,1)
0,7: (51,77,128,255)  #334D80FF  srgba(51,77,128,1)
1,7: (51,77,128,255)  #334D80FF  srgba(51,77,128,1)
2,7: (51,77,128,255)  #334D80FF  srgba(51,77,128,1)
3,7: (51,77,128,255)  #334D80FF  srgba(51,77,128,1)
4,7: (51,77,128,255)  #334D80FF  srgba(51,77,128,1)
5,7: (51,77,128,255)  #334D80FF  srgba(51,77,128,1)
6,7: (51,77,128,255)  #334D80FF  srgba(51,77,128,1)
7,7: (51,77,128,255)  #334D80FF  srgba(51,77,128,1)
8,7: (51,77,128,255)  #334D80FF  srgba(51,77,128,1)
9,7: (51,77,128,255)  #334D80FF  srgba(51,77,128,1)
10,7: (51,77,128,255)  #334D80FF  srgba(51,77,128,1)
11,7: (51,77,128,255)  #334D80FF  srgba(51,77,128,1)
12,7: (51,77,128,255)  #334D80FF  srgba(51,77,128,1)
13,7: (51,77,128,255)  #334D80FF  srgba(51,77,128,1)
14,7: (51,77,128,255)  #334D80FF  srgba(51,77,128,1)
15,7: (51,77,128,255)  #334D80FF  srgba(51,77,128,1)
16,7: (51,77,128,255)  #334D80FF  srgba(51,77,128,1)
17,7: (51,77,128,255)  #334D80FF  srgba(51,77,128,1)
18,7: (51,77,128,255)  #334D80FF  srgba(51,77,128,1)
19,7: (51,77,128,255)  #334D80FF  srgba(51,77,128,1)
20,7: (51,77,128,255)  #334D80FF  srgba(51,77,128,1)
21,7: (51,77,128,255)  #334D80FF  srgba(51,77,128,1)
22,7: (51,77,128,255)  #334D80FF  srgba(51,77,128,1)
23,7: (51,77,128,255)  #334D80FF  srgba(51,77,128,1)
24,7: (51,77,128,255)  #334D80FF  srgba(51,77,128,1)
25,7: (51,77,128,255)  #334D80FF  srgba(51,77,128,1)
26,7: (51,77,128,255)  #334D80FF  srgba(51,77,128,1)
27,7: (51,77,128,255)  #334D80FF  srgba(51,77,128,1)
28,7: (51,77,128,255)  #334D80FF  srgba(51,77,128,1)
29,7: (51,77,128,255)  #334D80FF  srgba(51,77,128,1)
30,7: (51,77,128,255)  #334D80FF  srgba(51,77,128,1)
31,7: (51,77,128,255)  #334D80FF  srgba(51,77,128,1)
32,7: (51,77,128,255)  #334D80FF  srgba(51,77,128,1)
33,7: (51,77,128,255)  #334D80FF  srgba(51,77,128,1)
34,7: (51,77,128,255)  #334D80FF  srgba(51,77,128,1)
35,7: (51,77,128,255)  #334D80FF  srgba(51,77,128,1)
36,7: (51,77,128,255)  #334D80FF  srgba(51,77,128,1)
37,7: (51,77,128,255)  #334D80FF  srgba(51,77,128,1)
38,7: (51,77,128,255)  #334D80FF  srgba(51,77,128,1)
39,7: (51,77,128,255)  #334D80FF  srgba(51,77,128,1)
40,7: (51,77,128,255)  #334D80FF  srgba(51,77,128,1)
41,7: (51,77,128,255)  #334D80FF  srgba(51,77,128,1)
42,7: (51,77,128,255)  #334D80FF  srgba(51,77,128,1)
43,7: (51,77,128,255)  #334D80FF  srgba(51,77,128,1)
44,7: (51,77,128,255)  #334D80FF  srgba(51,77,128,1)
45,7: (51,77,128,255)  #334D80FF  srgba(51,77,128,1)
46,7: (51,77,128,255)  #334D80FF  srgba(51,77,128,1)
47,7: (51,77,128,255)  #334D80FF  srgba(51,77,128,1)
48,7: (51,77,128,255)  #334D80FF  srgba(51,77,128,1)
49,7: (51,77,128,255)  #334D80FF  srgba(51,77,128,1)
50,7: (51,77,128,255)  #334D80FF  srgba(51,77,128,1)
51,7: (51,77,128,255)  #334D80FF  srgba(51,77,128,1)
52,7: (51,77,128,255)  #334D80FF  srgba(51,77,128,1)
53,7: (51,77,128,255)  #334D80FF  srgba(51,77,128,1)
54,7: (51,77,128,255)  #334D80FF  srgba(51,77,128,1)
55,7: (51,77,128,255)  #334D80FF  srgba(51,77,128,1)
56,7: (51,77,128,255)  #334D80FF  srgba(51,77,128,1)
57,7: (51,77,128,255)  #334D80FF  srgba(51,77,128,1)
58,7: (51,77,128,255)  #334D80FF  srgba(51,77,128,1)
59,7: (51,77,128,255)  #334D80FF  srgba(51,77,128,1)
60,7: (51,77,128,255)  #334D80FF  srgba(51,77,128,1)
61,7: (51,77,128,255)  #334D80FF  srgba(51,77,128,1)
62,7: (51,77,128,255)  #334D80FF  srgba(51,77,128,1)
63,7: (51,77,128,255)  #334D80FF  srgba(51,77,128,1)
64,7: (51,77,128,255)  #334D80FF  srgba(51,77,128,1)
65,7: (51,77,128,255)  #334D80FF  srgba(51,77,128,1)
66,7: (51,77,128,255)  #334D80FF  srgba(51,77,128,1)
67,7: (51,77,128,255)  #334D80FF  srgba(51,77,128,1)
68,7: (51,77,128,255)  #334D80FF  srgba(51,77,128,1)
69,7: (51,77,128,255)  #334D80FF  srgba(51,77,128,1)
70,7: (51,77,128,255)  #334D80FF  srgba(51,77,128,1)
71,7: (51,77,128,255)  #334D80FF  srgba(51,77,128,1)
72,7: (51,77,128,255)  #334D80FF  srgba(51,77,128,1)
73,7: (51,77,128,255)  #334D80FF  srgba(51,77,128,1)
74,7: (51,77,128,255)  #334D80FF  srgba(51,77,128,1)
75,7: (51,77,128,255)  #334D80FF  srgba(51,77,128,1)
76,7: (51,77,128,255)  #334D80FF  srgba(51,77,128,1)
77,7: (51,77,128,255)  #334D80FF  srgba(51,77,128,1)
78,7: (51,77,128,255)  #334D80FF  srgba(51,77,128,1)
79,7: (51,77,128,255)  #334D80FF  srgba(51,77,128,1)
80,7: (51,77,128,255)  #334D80FF  srgba(51,77,128,1)
81,7: (51,77,128,255)  #334D80FF  srgba(51,77,128,1)
82,7: (51,77,128,255)  #334D80FF  srgba(51,77,128,1)
83,7: (51,77,128,255)  #334D80FF  srgba(51,77,128,1)
84,7: (51,77,128,255)  #334D80FF  srgba(51,77,128,1)
85,7: (51,77,128,255)  #334D80FF  srgba(51,77,128,1)
86,7: (51,77,128,255)  #334D80FF  srgba(51,77,128,1)
87,7: (51,77,128,255)  #334D80FF  srgba(51,77,128,1)
88,7: (51,77,128,255)  #334D80FF  srgba(51,77,128,1)
89,7: (51,77,128,255)  #334D80FF  srgba(51,77,128,1)
90,7: (51,77,128,255)  #334D80FF  srgba(51,77,128,1)
91,7: (51,77,128,255)  #334D80FF  srgba(51,77,128,1)
92,7: (51,77,128,255)  #334D80FF  srgba(51,77,128,1)
93,7: (51,77,128,255)  #334D80FF  srgba(51,77,128,1)
94,7: (51,77,128,255)  #334D80FF  srgba(51,77,128,1)
95,7: (51,77,128,255)  #334D80FF  srgba(51,77,128,1)
96,7: (51,77,128,255)  #334D80FF  srgba(51,77,128,1)
97,7: (51,77,128,255)  #334D80FF  srgba(51,77,128,1)
98,7: (51,77,128,255)  #334D80FF  srgba(51,77,128,1)
99,7: (51,77,128,255)  #334D80FF  srgba(51,77,128,1)
0,8: (51,77,128,255)  #334D80FF  srgba(51,77,128,1)
1,8: (51,77,128,255)  #334D80FF  srgba(51,77,128,1)
2,8: (51,77,128,255)  #334D80FF  srgba(51,77,128,1)
3,8: (51,77,128,255)  #334D80FF  srgba(51,77,128,1)
4,8: (51,77,128,255)  #334D80FF  srgba(51,77,128,1)
5,8: (51,77,128,255)  #334D80FF  srgba(51,77,128,1)
6,8: (51,77,128,255)  #334D80FF  srgba(51,77,128,1)
7,8: (51,77,128,255)  #334D80FF  srgba(51,77,128,1)
8,8: (51,77,128,255)  #334D80FF  srgba(51,77,128,1)
9,8: (51,77,128,255)  #334D80FF  srgba(51,77,128,1)
10,8: (51,77,128,255)  #334D80FF  srgba(51,77,128,1)
11,8: (51,77,128,255)  #334D80FF  srgba(51,77,128,1)
12,8: (51,77,128,255)  #334D80FF  srgba(51,77,128,1)
13,8: (51,77,128,255)  #334D80FF  srgba(51,77,128,1)
14,8: (51,77,128,255)  #334D80FF  srgba(51,77,128,1)
15,8: (51,77,128,255)  #334D80FF  srgba(51,77,128,1)
16,8: (51,77,128,255)  #334D80FF  srgba(51,77,128,1)
17,8: (51,77,128,255)  #334D80FF  srgba(51,77,128,1)
18,8: (51,77,128,255)  #334D80FF  srgba(51,77,128,1)
19,8: (51,77,128,255)  #334D80FF  srgba(51,77,128,1)
20,8: (51,77,128,255)  #334D80FF  srgba(51,77,128,1)
21,8: (51,77,128,255)  #334D80FF  srgba(51,77,128,1)
22,8: (51,77,128,255)  #334D80FF  srgba(51,77,128,1)
23,8: (51,77,128,255)  #334D80FF  srgba(51,77,128,1)
24,8: (51,77,128,255)  #334D80FF  srgba(51,77,128,1)
25,8: (51,77,128,255)  #334D80FF  srgba(51,77,128,1)
26,8: (51,77,128,255)  #334D80FF  srgba(51,77,128,1)
27,8: (51,77,128,255)  #334D80FF  srgba(51,77,128,1)
28,8: (51,77,128,255)  #334D80FF  srgba(51,77,128,1)
29,8: (51,77,128,255)  #334D80FF  srgba(51,77,128,1)
30,8: (51,77,128,255)  #334D80FF  srgba(51,77,128,1)
31,8: (51,77,128,255)  #334D80FF  srgba(51,77,128,1)
32,8: (51,77,128,255)  #334D80FF  srgba(51,77,128,1)
33,8: (51,77,128,255)  #334D80FF  srgba(51,77,128,1)
34,8: (51,77,128,255)  #334D80FF  srgba(51,77,128,1)
35,8: (51,77,128,255)  #334D80FF  srgba(51,77,128,1)
36,8: (51,77,128,255)  #334D80FF  srgba(51,77,128,1)
37,8: (51,77,128,255)  #334D80FF  srgba(51,77,128,1)
38,8: (51,77,128,255)  #334D80FF  srgba(51,77,128,1)
39,8: (51,77,128,255)  #334D80FF  srgba(51,77,128,1)
40,8: (51,77,128,255)  #334D80FF  srgba(51,77,128,1)
41,8: (51,77,128,255)  #334D80FF  srgba(51,77,128,1)
42,8: (51,77,128,255)  #334D80FF  srgba(51,77,128,1)
43,8: (51,77,128,255)  #334D80FF  srgba(51,77,128,1)
44,8: (51,77,128,255)  #334D80FF  srgba(51,77,128,1)
45,8: (51,77,128,255)  #334D80FF  srgba(51,77,128,1)
46,8: (51,77,128,255)  #334D80FF  srgba(51,77,128,1)
47,8: (51,77,128,255)  #334D80FF  srgba(51,77,128,1)
48,8: (51,77,128,255)  #334D80FF  srgba(51,77,128,1)
49,8: (51,77,128,255)  #334D80FF  srgba(51,77,128,1)
50,8: (51,77,128,255)  #334D80FF  srgba(51,77,128,1)
51,8: (51,77,128,255)  #334D80FF  srgba(51,77,128,1)
52,8: (51,77,128,255)  #334D80FF  srgba(51,77,128,1)
53,8: (51,77,128,255)  #334D80FF  srgba(51,77,128,1)
54,8: (51,77,128,255)  #334D80FF  srgba(51,77,128,1)
55,8: (51,77,128,255)  #334D80FF  srgba(51,77,128,1)
56,8: (51,77,128,255)  #334D80FF  srgba(51,77,128,1)
57,8: (51,77,128,255)  #334D80FF  srgba(51,77,128,1)
58,8: (51,77,128,255)  #334D80FF  srgba(51,77,128,1)
59,8: (51,77,128,255)  #334D80FF  srgba(51,77,128,1)
60,8: (51,77,128,255)  #334D80FF  srgba(51,77,128,1)
61,8: (51,77,128,255)  #334D80FF  srgba(51,77,128,1)
62,8: (51,77,128,255)  #334D80FF  srgba(51,77,128,1)
63,8: (51,77,128,255)  #334D80FF  srgba(51,77,128,1)
64,8: (51,77,128,255)  #334D80FF  srgba(51,77,128,1)
65,8: (51,77,128,255)  #334D80FF  srgba(51,77,128,1)
66,8: (51,77,128,255)  #334D80FF  srgba(51,77,128,1)
67,8: (51,77,128,255)  #334D80FF  srgba(51,77,128,1)
68,8: (51,77,128,255)  #334D80FF  srgba(51,77,128,1)
69,8: (51,77,128,255)  #334D80FF  srgba(51,77,128,1)
70,8: (51,77,128,255)  #334D80FF  srgba(51,77,128,1)
71,8: (51,77,128,255)  #334D80FF  srgba(51,77,128,1)
72,8: (51,77,128,255)  #334D80FF  srgba(51,77,128,1)
73,8: (51,77,128,255)  #334D80FF  srgba(51,77,128,1)
74,8: (51,77,128,255)  #334D80FF  srgba(51,77,128,1)
75,8: (51,77,128,255)  #334D80FF  srgba(51,77,128,1)
76,8: (51,77,128,255)  #334D80FF  srgba(51,77,128,1)
77,8: (51,77,128,255)  #334D80FF  srgba(51,77,128,1)
78,8: (51,77,128,255)  #334D80FF  srgba(51,77,128,1)
79,8: (51,77,128,255)  #334D80FF  srgba(51,77,128,1)
80,8: (51,77,128,255)  #334D80FF  srgba(51,77,128,1)
81,8: (51,77,128,255)  #334D80FF  srgba(51,77,128,1)
82,8: (51,77,128,255)  #334D80FF  srgba(51,77,128,1)
83,8: (51,77,128,255)  #334D80FF  srgba(51,77,128,1)
84,8: (51,77,128,255)  #334D80FF  srgba(51,77,128,1)
85,8: (51,77,128,255)  #334D80FF  srgba(51,77,128,1)
86,8: (51,77,128,255)  #334D80FF  srgba(51,77,128,1)
87,8: (51,77,128,255)  #334D80FF  srgba(51,77,128,1)
88,8: (51,77,128,255)  #334D80FF  srgba(51,77,128,1)
89,8: (51,77,128,255)  #334D80FF  srgba(51,77,128,1)
90,8: (51,77,128,255)  #334D80FF  srgba(51,77,128,1)
91,8: (51,77,128,255)  #334D80FF  srgba(51,77,128,1)
92,8: (51,77,128,255)  #334D80FF  srgba(51,77,128,1)
93,8: (51,77,128,255)  #334D80FF  srgba(51,77,128,1)
94,8: (51,77,128,255)  #334D80FF  srgba(51,77,128,1)
95,8: (51,77,128,255)  #334D80FF  srgba(51,77,128,1)
96,8: (51,77,128,255)  #334D80FF  srgba(51,77,128,1)
97,8: (51,77,128,255)  #334D80FF  srgba(51,77,128,1)
98,8: (51,77,128,255)  #334D80FF  srgba(51,77,128,1)
99,8: (51,77,128,255)  #334D80FF  srgba(51,77,128,1)
0,9: (51,77,128,255)  #334D80FF  srgba(51,77,128,1)
1,9: (51,77,128,255)  #334D80FF  srgba(51,77,128,1)
2,9: (51,77,128,255)  #334D80FF  srgba(51,77,128,1)
3,9: (51,77,128,255)  #334D80FF  srgba(51,77,128,1)
4,9: (51,77,128,255)  #334D80FF  srgba(51,77,128,1)
5,9: (51,77,128,255)  #334D80FF  srgba(51,77,128,1)
6,9: (51,77,128,255)  #334D80FF  srgba(51,77,128,1)
7,9: (51,77,128,255)  #334D80FF  srgba(51,77,128,1)
8,9: (51,77,128,255)  #334D80FF  srgba(51,77,128,1)
9,9: (51,77,128,255)  #334D80FF  srgba(51,77,128,1)
10,9: (51,77,128,255)  #334D80FF  srgba(51,77,128,1)
11,9: (51,77,128,255)  #334D80FF  srgba(51,77,128,1)
12,9: (51,77,128,255)  #334D80FF  srgba(51,77,128,1)
13,9: (51,77,128,255)  #334D80FF  srgba(51,77,128,1)
14,9: (51,77,128,255)  #334D80FF  srgba(51,77,128,1)
15,9: (51,77,128,255)  #334D80FF  srgba(51,77,128,1)
16,9: (51,77,128,255)  #334D80FF  srgba(51,77,128,1)
17,9: (51,77,128,255)  #334D80FF  srgba(51,77,128,1)
18,9: (51,77,128,255)  #334D80FF  srgba(51,77,128,1)
19,9: (51,77,128,255)  #334D80FF  srgba(51,77,128,1)
20,9: (51,77,128,255)  #334D80FF  srgba(51,77,128,1)
21,9: (51,77,128,255)  #334D80FF  srgba(51,77,128,1)
22,9: (51,77,128,255)  #334D80FF  srgba(51,77,128,1)
23,9: (51,77,128,255)  #334D80FF  srgba(51,77,128,1)
24,9: (51,77,128,255)  #334D80FF  srgba(51,77,128,1)
25,9: (51,77,128,255)  #334D80FF  srgba(51,77,128,1)
26,9: (51,77,128,255)  #334D80FF  srgba(51,77,128,1)
27,9: (51,77,128,255)  #334D80FF  srgba(51,77,128,1)
28,9: (51,77,128,255)  #334D80FF  srgba(51,77,128,1)
29,9: (51,77,128,255)  #334D80FF  srgba(51,77,128,1)
30,9: (51,77,128,255)  #334D80FF  srgba(51,77,128,1)
31,9: (51,77,128,255)  #334D80FF  srgba(51,77,128,1)
32,9: (51,77,128,255)  #334D80FF  srgba(51,77,128,1)
33,9: (51,77,128,255)  #334D80FF  srgba(51,77,128,1)
34,9: (51,77,128,255)  #334D80FF  srgba(51,77,128,1)
35,9: (51,77,128,255)  #334D80FF  srgba(51,77,128,1)
36,9: (51,77,128,255)  #334D80FF  srgba(51,77,128,1)
37,9: (51,77,128,255)  #334D80FF  srgba(51,77,128,1)
38,9: (51,77,128,255)  #334D80FF  srgba(51,77,128,1)
39,9: (51,77,128,255)  #334D80FF  srgba(51,77,128,1)
40,9: (51,77,128,255)  #334D80FF  srgba(51,77,128,1)
41,9: (51,77,128,255)  #334D80FF  srgba(51,77,128,1)
42,9: (51,77,128,255)  #334D80FF  srgba(51,77,128,1)
43,9: (51,77,128,255)  #334D80FF  srgba(51,77,128,1)
44,9: (51,77,128,255)  #334D80FF  srgba(51,77,128,1)
45,9: (51,77,128,255)  #334D80FF  srgba(51,77,128,1)
46,9: (51,77,128,255)  #334D80FF  srgba(51,77,128,1)
47,9: (51,77,128,255)  #334D80FF  srgba(51,77,128,1)
48,9: (51,77,128,255)  #334D80FF  srgba(51,77,128,1)
49,9: (51,77,128,255)  #334D80FF  srgba(51,77,128,1)
50,9: (51,77,128,255)  #334D80FF  srgba(51,77,128,1)
51,9: (51,77,128,255)  #334D80FF  srgba(51,77,128,1)
52,9: (51,77,128,255)  #334D80FF  srgba(51,77,128,1)
53,9: (51,77,128,255)  #334D80FF  srgba(51,77,128,1)
54,9: (51,77,128,255)  #334D80FF  srgba(51,77,128,1)
55,9: (51,77,128,255)  #334D80FF  srgba(51,77,128,1)
56,9: (51,77,128,255)  #334D80FF  srgba(51,77,128,1)
57,9: (51,77,128,255)  #334D80FF  srgba(51,77,128,1)
58,9: (51,77,128,255)  #334D80FF  srgba(51,77,128,1)
59,9: (51,77,128,255)  #334D80FF  srgba(51,77,128,1)
60,9: (51,77,128,255)  #334D80FF  srgba(51,77,128,1)
61,9: (51,77,128,255)  #334D80FF  srgba(51,77,128,1)
62,9: (51,77,128,255)  #334D80FF  srgba(51,77,128,1)
63,9: (51,77,128,255)  #334D80FF  srgba(51,77,128,1)
64,9: (51,77,128,255)  #334D80FF  srgba(51,77,128,1)
65,9: (51,77,128,255)  #334D80FF  srgba(51,77,128,1)
66,9: (51,77,128,255)  #334D80FF  srgba(51,77,128,1)
67,9: (51,77,128,255)  #334D80FF  srgba(51,77,128,1)
68,9: (51,77,128,255)  #334D80FF  srgba(51,77,128,1)
69,9: (51,77,128,255)  #334D80FF  srgba(51,77,128,1)
70,9: (51,77,128,255)  #334D80FF  srgba(51,77,128,1)
71,9: (51,77,128,255)  #334D80FF  srgba(51,77,128,1)
72,9: (51,77,128,255)  #334D80FF  srgba(51,77,128,1)
73,9: (51,77,128,255)  #334D80FF  srgba(51,77,128,1)
74,9: (51,77,128,255)  #334D80FF  srgba(51,77,128,1)
75,9: (51,77,128,255)  #334D80FF  srgba(51,77,128,1)
76,9: (51,77,128,255)  #334D80FF  srgba(51,77,128,1)
77,9: (51,77,128,255)  #334D80FF  srgba(51,77,128,1)
78,9: (51,77,128,255)  #334D80FF  srgba(51,77,128,1)
79,9: (51,77,128,255)  #334D80FF  srgba(51,77,128,1)
80,9: (51,77,128,255)  #334D80FF  srgba(51,77,128,1)
81,9: (51,77,128,255)  #334D80FF  srgba(51,77,128,1)
82,9: (51,77,128,255)  #334D80FF  srgba(51,77,128,1)
83,9: (51,77,128,255)  #334D80FF  srgba(51,77,128,1)
84,9: (51,77,128,255)  #334D80FF  srgba(51,77,128,1)
85,9: (51,77,128,255)  #334D80FF  srgba(51,77,128,1)
86,9: (51,77,128,255)  #334D80FF  srgba(51,77,128,1)
87,9: (51,77,128,255)  #334D80FF  srgba(51,77,128,1)
88,9: (51,77,128,255)  #334D80FF  srgba(51,77,128,1)
89,9: (51,77,128,255)  #334D80FF  srgba(51,77,128,1)
90,9: (51,77,128,255)  #334D80FF  srgba(51,77,128,1)
91,9: (51,77,128,255)  #334D80FF  srgba(51,77,128,1)
92,9: (51,77,128,255)  #334D80FF  srgba(51,77,128,1)
93,9: (51,77,128,255)  #334D80FF  srgba(51,77,128,1)
94,9: (51,77,128,255)  #334D80FF  srgba(51,77,128,1)
95,9: (51,77,128,255)  #334D80FF  srgba(51,77,128,1)
96,9: (51,77,128,255)  #334D80FF  srgba(51,77,128,1)
97,9: (51,77,128,255)  #334D80FF  srgba(51,77,128,1)
98,9: (51,77,128,255)  #334D80FF  srgba(51,77,128,1)
99,9: (51,77,128,255)  #334D80FF  srgba(51,77,128,1)
0,10: (51,77,128,255)  #334D80FF  srgba(51,77,128,1)
1,10: (51,77,128,255)  #334D80FF  srgba(51,77,128,1)
2,10: (51,77,128,255)  #334D80FF  srgba(51,77,128,1)
3,10: (51,77,128,255)  #334D80FF  srgba(51,77,128,1)
4,10: (51,77,128,255)  #334D80FF  srgba(51,77,128,1)
5,10: (51,77,128,255)  #334D80FF  srgba(51,77,128,1)
6,10: (51,77,128,255)  #334D80FF  srgba(51,77,128,1)
7,10: (51,77,128,255)  #334D80FF  srgba(51,77,128,1)
8,10: (51,77,128,255)  #334D80FF  srgba(51,77,128,1)
9,10: (51,77,128,255)  #334D80FF  srgba(51,77,128,1)
10,10: (51,77,128,255)  #334D80FF  srgba(51,77,128,1)
11,10: (51,77,128,255)  #334D80FF  srgba(51,77,128,1)
12,10: (51,77,128,255)  #334D80FF  srgba(51,77,128,1)
13,10: (51,77,128,255)  #334D80FF  srgba(51,77,128,1)
14,10: (51,77,128,255)  #334D80FF  srgba(51,77,128,1)
15,10: (51,77,128,255)  #334D80FF  srgba(51,77,128,1)
16,10: (51,77,128,255)  #334D80FF  srgba(51,77,128,1)
17,10: (51,77,128,255)  #334D80FF  srgba(51,77,128,1)
18,10: (51,77,128,255)  #334D80FF  srgba(51,77,128,1)
19,10: (51,77,128,255)  #334D80FF  srgba(51,77,128,1)
20,10: (51,77,128,255)  #334D80FF  srgba(51,77,128,1)
21,10: (51,77,128,255)  #334D80FF  srgba(51,77,128,1)
22,10: (51,77,128,255)  #334D80FF  srgba(51,77,128,1)
23,10: (51,77,128,255)  #334D80FF  srgba(51,77,128,1)
24,10: (51,77,128,255)  #334D80FF  srgba(51,77,128,1)
25,10: (51,77,128,255)  #334D80FF  srgba(51,77,128,1)
26,10: (51,77,128,255)  #334D80FF  srgba(51,77,128,1)
27,10: (51,77,128,255)  #334D80FF  srgba(51,77,128,1)
28,10: (51,77,128,255)  #334D80FF  srgba(51,77,128,1)
29,10: (51,77,128,255)  #334D80FF  srgba(51,77,128,1)
30,10: (51,77,128,255)  #334D80FF  srgba(51,77,128,1)
31,10: (51,77,128,255)  #334D80FF  srgba(51,77,128,1)
32,10: (51,77,128,255)  #334D80FF  srgba(51,77,128,1)
33,10: (51,77,128,255)  #334D80FF  srgba(51,77,128,1)
34,10: (51,77,128,255)  #334D80FF  srgba(51,77,128,1)
35,10: (51,77,128,255)  #334D80FF  srgba(51,77,128,1)
36,10: (51,77,128,255)  #334D80FF  srgba(51,77,128,1)
37,10: (51,77,128,255)  #334D80FF  srgba(51,77,128,1)
38,10: (51,77,128,255)  #334D80FF  srgba(51,77,128,1)
39,10: (51,77,128,255)  #334D80FF  srgba(51,77,128,1)
40,10: (51,77,128,255)  #334D80FF  srgba(51,77,128,1)
41,10: (51,77,128,255)  #334D80FF  srgba(51,77,128,1)
42,10: (51,77,128,255)  #334D80FF  srgba(51,77,128,1)
43,10: (51,77,128,255)  #334D80FF  srgba(51,77,128,1)
44,10: (51,77,128,255)  #334D80FF  srgba(51,77,128,1)
45,10: (51,77,128,255)  #334D80FF  srgba(51,77,128,1)
46,10: (51,77,128,255)  #334D80FF  srgba(51,77,128,1)
47,10: (51,77,128,255)  #334D80FF  srgba(51,77,128,1)
48,10: (51,77,128,255)  #334D80FF  srgba(51,77,128,1)
49,10: (51,77,128,255)  #334D80FF  srgba(51,77,128,1)
50,10: (51,77,128,255)  #334D80FF  srgba(51,77,128,1)
51,10: (51,77,128,255)  #334D80FF  srgba(51,77,128,1)
52,10: (51,77,128,255)  #334D80FF  srgba(51,77,128,1)
53,10: (51,77,128,255)  #334D80FF  srgba(51,77,128,1)
54,10: (51,77,128,255)  #334D80FF  srgba(51,77,128,1)
55,10: (51,77,128,255)  #334D80FF  srgba(51,77,128,1)
56,10: (51,77,128,255)  #334D80FF  srgba(51,77,128,1)
57,10: (51,77,128,255)  #334D80FF  srgba(51,77,128,1)
58,10: (51,77,128,255)  #334D80FF  srgba(51,77,128,1)
59,10: (51,77,128,255)  #334D80FF  srgba(51,77,128,1)
60,10: (51,77,128,255)  #334D80FF  srgba(51,77,128,1)
61,10: (51,77,128,255)  #334D80FF  srgba(51,77,128,1)
62,10: (51,77,128,255)  #334D80FF  srgba(51,77,128,1)
63,10: (51,77,128,255)  #334D80FF  srgba(51,77,128,1)
64,10: (51,77,128,255)  #334D80FF  srgba(51,77,128,1)
65,10: (51,77,128,255)  #334D80FF  srgba(51,77,128,1)
66,10: (51,77,128,255)  #334D80FF  srgba(51,77,128,1)
67,10: (51,77,128,255)  #334D80FF  srgba(51,77,128,1)
68,10: (51,77,128,255)  #334D80FF  srgba(51,77,128,1)
69,10: (51,77,128,255)  #334D80FF  srgba(51,77,128,1)
70,10: (51,77,128,255)  #334D80FF  srgba(51,77,128,1)
71,10: (51,77,128,255)  #334D80FF  srgba(51,77,128,1)
72,10: (51,77,128,255)  #334D80FF  srgba(51,77,128,1)
73,10: (51,77,128,255)  #334D80FF  srgba(51,77,128,1)
74,10: (51,77,128,255)  #334D80FF  srgba(51,77,128,1)
75,10: (51,77,128,255)  #334D80FF  srgba(51,77,128,1)
76,10: (51,77,128,255)  #334D80FF  srgba(51,77,128,1)
77,10: (51,77,128,255)  #334D80FF  srgba(51,77,128,1)
78,10: (51,77,128,255)  #334D80FF  srgba(51,77,128,1)
79,10: (51,77,128,255)  #334D80FF  srgba(51,77,128,1)
80,10: (51,77,128,255)  #334D80FF  srgba(51,77,128,1)
81,10: (51,77,128,255)  #334D80FF  srgba(51,77,128,1)
82,10: (51,77,128,255)  #334D80FF  srgba(51,77,128,1)
83,10: (51,77,128,255)  #334D80FF  srgba(51,77,128,1)
84,10: (51,77,128,255)  #334D80FF  srgba(51,77,128,1)
85,10: (51,77,128,255)  #334D80FF  srgba(51,77,128,1)
86,10: (51,77,128,255)  #334D80FF  srgba(51,77,128,1)
87,10: (51,77,128,255)  #334D80FF  srgba(51,77,128,1)
88,10: (51,77,128,255)  #334D80FF  srgba(51,77,128,1)
89,10: (51,77,128,255)  #334D80FF  srgba(51,77,128,1)
90,10: (51,77,128,255)  #334D80FF  srgba(51,77,128,1)
91,10: (51,77,128,255)  #334D80FF  srgba(51,77,128,1)
92,10: (51,77,128,255)  #334D80FF  srgba(51,77,128,1)
93,10: (51,77,128,255)  #334D80FF  srgba(51,77,128,1)
94,10: (51,77,128,255)  #334D80FF  srgba(51,77,128,1)
95,10: (51,77,128,255)  #334D80FF  srgba(51,77,128,1)
96,10: (51,77,128,255)  #334D80FF  srgba(51,77,128,1)
97,10: (51,77,128,255)  #334D80FF  srgba(51,77,128,1)
98,10: (51,77,128,255)  #334D80FF  srgba(51,77,128,1)
99,10: (51,77,128,255)  #334D80FF  srgba(51,77,128,1)
0,11: (51,77,128,255)  #334D80FF  srgba(51,77,128,1)
1,11: (51,77,128,255)  #334D80FF  srgba(51,77,128,1)
2,11: (51,77,128,255)  #334D80FF  srgba(51,77,128,1)
3,11: (51,77,128,255)  #334D80FF  srgba(51,77,128,1)
4,11: (51,77,128,255)  #334D80FF  srgba(51,77,128,1)
5,11: (51,77,128,255)  #334D80FF  srgba(51,77,128,1)
6,11: (51,77,128,255)  #334D80FF  srgba(51,77,128,1)
7,11: (51,77,128,255)  #334D80FF  srgba(51,77,128,1)
8,11: (51,77,128,255)  #334D80FF  srgba(51,77,128,1)
9,11: (51,77,128,255)  #334D80FF  srgba(51,77,128,1)
10,11: (51,77,128,255)  #334D80FF  srgba(51,77,128,1)
11,11: (51,77,128,255)  #334D80FF  srgba(51,77,128,1)
12,11: (51,77,128,255)  #334D80FF  srgba(51,77,128,1)
13,11: (51,77,128,255)  #334D80FF  srgba(51,77,128,1)
14,11: (51,77,128,255)  #334D80FF  srgba(51,77,128,1)
15,11: (51,77,128,255)  #334D80FF  srgba(51,77,128,1)
16,11: (51,77,128,255)  #334D80FF  srgba(51,77,128,1)
17,11: (51,77,128,255)  #334D80FF  srgba(51,77,128,1)
18,11: (51,77,128,255)  #334D80FF  srgba(51,77,128,1)
19,11: (51,77,128,255)  #334D80FF  srgba(51,77,128,1)
20,11: (51,77,128,255)  #334D80FF  srgba(51,77,128,1)
21,11: (51,77,128,255)  #334D80FF  srgba(51,77,128,1)
22,11: (51,77,128,255)  #334D80FF  srgba(51,77,128,1)
23,11: (51,77,128,255)  #334D80FF  srgba(51,77,128,1)
24,11: (51,77,128,255)  #334D80FF  srgba(51,77,128,1)
25,11: (51,77,128,255)  #334D80FF  srgba(51,77,128,1)
26,11: (51,77,128,255)  #334D80FF  srgba(51,77,128,1)
27,11: (51,77,128,255)  #334D80FF  srgba(51,77,128,1)
28,11: (51,77,128,255)  #334D80FF  srgba(51,77,128,1)
29,11: (51,77,128,255)  #334D80FF  srgba(51,77,128,1)
30,11: (51,77,128,255)  #334D80FF  srgba(51,77,128,1)
31,11: (51,77,128,255)  #334D80FF  srgba(51,77,128,1)
32,11: (51,77,128,255)  #334D80FF  srgba(51,77,128,1)
33,11: (51,77,128,255)  #334D80FF  srgba(51,77,128,1)
34,11: (51,77,128,255)  #334D80FF  srgba(51,77,128,1)
35,11: (51,77,128,255)  #334D80FF  srgba(51,77,128,1)
36,11: (51,77,128,255)  #334D80FF  srgba(51,77,128,1)
37,11: (51,77,128,255)  #334D80FF  srgba(51,77,128,1)
38,11: (51,77,128,255)  #334D80FF  srgba(51,77,128,1)
39,11: (51,77,128,255)  #334D80FF  srgba(51,77,128,1)
40,11: (51,77,128,255)  #334D80FF  srgba(51,77,128,1)
41,11: (51,77,128,255)  #334D80FF  srgba(51,77,128,1)
42,11: (51,77,128,255)  #334D80FF  srgba(51,77,128,1)
43,11: (51,77,128,255)  #334D80FF  srgba(51,77,128,1)
44,11: (51,77,128,255)  #334D80FF  srgba(51,77,128,1)
45,11: (51,77,128,255)  #334D80FF  srgba(51,77,128,1)
46,11: (51,77,128,255)  #334D80FF  srgba(51,77,128,1)
47,11: (51,77,128,255)  #334D80FF  srgba(51,77,128,1)
48,11: (51,77,128,255)  #334D80FF  srgba(51,77,128,1)
49,11: (51,77,128,255)  #334D80FF  srgba(51,77,128,1)
50,11: (51,77,128,255)  #334D80FF  srgba(51,77,128,1)
51,11: (51,77,128,255)  #334D80FF  srgba(51,77,128,1)
52,11: (51,77,128,255)  #334D80FF  srgba(51,77,128,1)
53,11: (51,77,128,255)  #334D80FF  srgba(51,77,128,1)
54,11: (51,77,128,255)  #334D80FF  srgba(51,77,128,1)
55,11: (51,77,128,255)  #334D80FF  srgba(51,77,128,1)
56,11: (51,77,128,255)  #334D80FF  srgba(51,77,128,1)
57,11: (51,77,128,255)  #334D80FF  srgba(51,77,128,1)
58,11: (51,77,128,255)  #334D80FF  srgba(51,77,128,1)
59,11: (51,77,128,255)  #334D80FF  srgba(51,77,128,1)
60,11: (51,77,128,255)  #334D80FF  srgba(51,77,128,1)
61,11: (51,77,128,255)  #334D80FF  srgba(51,77,128,1)
62,11: (51,77,128,255)  #334D80FF  srgba(51,77,128,1)
63,11: (51,77,128,255)  #334D80FF  srgba(51,77,128,1)
64,11: (51,77,128,255)  #334D80FF  srgba(51,77,128,1)
65,11: (51,77,128,255)  #334D80FF  srgba(51,77,128,1)
66,11: (51,77,128,255)  #334D80FF  srgba(51,77,128,1)
67,11: (51,77,128,255)  #334D80FF  srgba(51,77,128,1)
68,11: (51,77,128,255)  #334D80FF  srgba(51,77,128,1)
69,11: (51,77,128,255)  #334D80FF  srgba(51,77,128,1)
70,11: (51,77,128,255)  #334D80FF  srgba(51,77,128,1)
71,11: (51,77,128,255)  #334D80FF  srgba(51,77,128,1)
72,11: (51,77,128,255)  #334D80FF  srgba(51,77,128,1)
73,11: (51,77,128,255)  #334D80FF  srgba(51,77,128,1)
74,11: (51,77,128,255)  #334D80FF  srgba(51,77,128,1)
75,11: (51,77,128,255)  #334D80FF  srgba(51,77,128,1)
76,11: (51,77,128,255)  #334D80FF  srgba(51,77,128,1)
77,11: (51,77,128,255)  #334D80FF  srgba(51,77,128,1)
78,11: (51,77,128,255)  #334D80FF  srgba(51,77,128,1)
79,11: (51,77,128,255)  #334D80FF  srgba(51,77,128,1)
80,11: (51,77,128,255)  #334D80FF  srgba(51,77,128,1)
81,11: (51,77,128,255)  #334D80FF  srgba(51,77,128,1)
82,11: (51,77,128,255)  #334D80FF  srgba(51,77,128,1)
83,11: (51,77,128,255)  #334D80FF  srgba(51,77,128,1)
84,11: (51,77,128,255)  #334D80FF  srgba(51,77,128,1)
85,11: (51,77,128,255)  #334D80FF  srgba(51,77,128,1)
86,11: (51,77,128,255)  #334D80FF  srgba(51,77,128,1)
87,11: (51,77,128,255)  #334D80FF  srgba(51,77,128,1)
88,11: (51,77,128,255)  #334D80FF  srgba(51,77,128,1)
89,11: (51,77,128,255)  #334D80FF  srgba(51,77,128,1)
90,11: (51,77,128,255)  #334D80FF  srgba(51,77,128,1)
91,11: (51,77,128,255)  #334D80FF  srgba(51,77,128,1)
92,11: (51,77,128,255)  #334D80FF  srgba(51,77,128,1)
93,11: (51,77,128,255)  #334D80FF  srgba(51,77,128,1)
94,11: (51,77,128,255)  #334D80FF  srgba(51,77,128,1)
95,11: (51,77,128,255)  #334D80FF  srgba(51,77,128,1)
96,11: (51,77,128,255)  #334D80FF  srgba(51,77,128,1)
97,11: (51,77,128,255)  #334D80FF  srgba(51,77,128,1)
98,11: (51,77,128,255)  #334D80FF  srgba(51,77,128,1)
99,11: (51,77,128,255)  #334D80FF  srgba(51,77,128,1)
0,12: (51,77,128,255)  #334D80FF  srgba(51,77,128,1)
1,12: (51,77,128,255)  #334D80FF  srgba(51,77,128,1)
2,12: (51,77,128,255)  #334D80FF  srgba(51,77,128,1)
3,12: (51,77,128,255)  #334D80FF  srgba(51,77,128,1)
4,12: (51,77,128,255)  #334D80FF  srgba(51,77,128,1)
5,12: (51,77,128,255)  #334D80FF  srgba(51,77,128,1)
6,12: (51,77,128,255)  #334D80FF  srgba(51,77,128,1)
7,12: (51,77,128,255)  #334D80FF  srgba(51,77,128,1)
8,12: (51,77,128,255)  #334D80FF  srgba(51,77,128,1)
9,12: (51,77,128,255)  #334D80FF  srgba(51,77,128,1)
10,12: (51,77,128,255)  #334D80FF  srgba(51,77,128,1)
11,12: (51,77,128,255)  #334D80FF  srgba(51,77,128,1)
12,12: (51,77,128,255)  #334D80FF  srgba(51,77,128,1)
13,12: (51,77,128,255)  #334D80FF  srgba(51,77,128,1)
14,12: (51,77,128,255)  #334D80FF  srgba(51,77,128,1)
15,12: (51,77,128,255)  #334D80FF  srgba(51,77,128,1)
16,12: (51,77,128,255)  #334D80FF  srgba(51,77,128,1)
17,12: (51,77,128,255)  #334D80FF  srgba(51,77,128,1)
18,12: (51,77,128,255)  #334D80FF  srgba(51,77,128,1)
19,12: (51,77,128,255)  #334D80FF  srgba(51,77,128,1)
20,12: (51,77,128,255)  #334D80FF  srgba(51,77,128,1)
21,12: (51,77,128,255)  #334D80FF  srgba(51,77,128,1)
22,12: (51,77,128,255)  #334D80FF  srgba(51,77,128,1)
23,12: (51,77,128,255)  #334D80FF  srgba(51,77,128,1)
24,12: (51,77,128,255)  #334D80FF  srgba(51,77,128,1)
25,12: (51,77,128,255)  #334D80FF  srgba(51,77,128,1)
26,12: (51,77,128,255)  #334D80FF  srgba(51,77,128,1)
27,12: (51,77,128,255)  #334D80FF  srgba(51,77,128,1)
28,12: (51,77,128,255)  #334D80FF  srgba(51,77,128,1)
29,12: (51,77,128,255)  #334D80FF  srgba(51,77,128,1)
30,12: (51,77,128,255)  #334D80FF  srgba(51,77,128,1)
31,12: (51,77,128,255)  #334D80FF  srgba(51,77,128,1)
32,12: (51,77,128,255)  #334D80FF  srgba(51,77,128,1)
33,12: (51,77,128,255)  #334D80FF  srgba(51,77,128,1)
34,12: (51,77,128,255)  #334D80FF  srgba(51,77,128,1)
35,12: (51,77,128,255)  #334D80FF  srgba(51,77,128,1)
36,12: (51,77,128,255)  #334D80FF  srgba(51,77,128,1)
37,12: (51,77,128,255)  #334D80FF  srgba(51,77,128,1)
38,12: (51,77,128,255)  #334D80FF  srgba(51,77,128,1)
39,12: (51,77,128,255)  #334D80FF  srgba(51,77,128,1)
40,12: (51,77,128,255)  #334D80FF  srgba(51,77,128,1)
41,12: (51,77,128,255)  #334D80FF  srgba(51,77,128,1)
42,12: (51,77,128,255)  #334D80FF  srgba(51,77,128,1)
43,12: (51,77,128,255)  #334D80FF  srgba(51,77,128,1)
44,12: (51,77,128,255)  #334D80FF  srgba(51,77,128,1)
45,12: (51,77,128,255)  #334D80FF  srgba(51,77,128,1)
46,12: (51,77,128,255)  #334D80FF  srgba(51,77,128,1)
47,12: (51,77,128,255)  #334D80FF  srgba(51,77,128,1)
48,12: (51,77,128,255)  #334D80FF  srgba(51,77,128,1)
49,12: (51,77,128,255)  #334D80FF  srgba(51,77,128,1)
50,12: (51,77,128,255)  #334D80FF  srgba(51,77,128,1)
51,12: (51,77,128,255)  #334D80FF  srgba(51,77,128,1)
52,12: (51,77,128,255)  #334D80FF  srgba(51,77,128,1)
53,12: (51,77,128,255)  #334D80FF  srgba(51,77,128,1)
54,12: (51,77,128,255)  #334D80FF  srgba(51,77,128,1)
55,12: (51,77,128,255)  #334D80FF  srgba(51,77,128,1)
56,12: (51,77,128,255)  #334D80FF  srgba(51,77,128,1)
57,12: (51,77,128,255)  #334D80FF  srgba(51,77,128,1)
58,12: (51,77,128,255)  #334D80FF  srgba(51,77,128,1)
59,12: (51,77,128,255)  #334D80FF  srgba(51,77,128,1)
60,12: (51,77,128,255)  #334D80FF  srgba(51,77,128,1)
61,12: (51,77,128,255)  #334D80FF  srgba(51,77,128,1)
62,12: (51,77,128,255)  #334D80FF  srgba(51,77,128,1)
63,12: (51,77,128,255)  #334D80FF  srgba(51,77,128,1)
64,12: (51,77,128,255)  #334D80FF  srgba(51,77,128,1)
65,12: (51,77,128,255)  #334D80FF  srgba(51,77,128,1)
66,12: (51,77,128,255)  #334D80FF  srgba(51,77,128,1)
67,12: (51,77,128,255)  #334D80FF  srgba(51,77,128,1)
68,12: (51,77,128,255)  #334D80FF  srgba(51,77,128,1)
69,12: (51,77,128,255)  #334D80FF  srgba(51,77,128,1)
70,12: (51,77,128,255)  #334D80FF  srgba(51,77,128,1)
71,12: (51,77,128,255)  #334D80FF  srgba(51,77,128,1)
72,12: (51,77,128,255)  #334D80FF  srgba(51,77,128,1)
73,12: (51,77,128,255)  #334D80FF  srgba(51,77,128,1)
74,12: (51,77,128,255)  #334D80FF  srgba(51,77,128,1)
75,12: (51,77,128,255)  #334D80FF  srgba(51,77,128,1)
76,12: (51,77,128,255)  #334D80FF  srgba(51,77,128,1)
77,12: (51,77,128,255)  #334D80FF  srgba(51,77,128,1)
78,12: (51,77,128,255)  #334D80FF  srgba(51,77,128,1)
79,12: (51,77,128,255)  #334D80FF  srgba(51,77,128,1)
80,12: (51,77,128,255)  #334D80FF  srgba(51,77,128,1)
81,12: (51,77,128,255)  #334D80FF  srgba(51,77,128,1)
82,12: (51,77,128,255)  #334D80FF  srgba(51,77,128,1)
83,12: (51,77,128,255)  #334D80FF  srgba(51,77,128,1)
84,12: (51,77,128,255)  #334D80FF  srgba(51,77,128,1)
85,12: (51,77,128,255)  #334D80FF  srgba(51,77,128,1)
86,12: (51,77,128,255)  #334D80FF  srgba(51,77,128,1)
87,12: (51,77,128,255)  #334D80FF  srgba(51,77,128,1)
88,12: (51,77,128,255)  #334D80FF  srgba(51,77,128,1)
89,12: (51,77,128,255)  #334D80FF  srgba(51,77,128,1)
90,12: (51,77,128,255)  #334D80FF  srgba(51,77,128,1)
91,12: (51,77,128,255)  #334D80FF  srgba(51,77,128,1)
92,12: (51,77,128,255)  #334D80FF  srgba(51,77,128,1)
93,12: (51,77,128,255)  #334D80FF  srgba(51,77,128,1)
94,12: (51,77,128,255)  #334D80FF  srgba(51,77,128,1)
95,12: (51,77,128,255)  #334D80FF  srgba(51,77,128,1)
96,12: (51,77,128,255)  #334D80FF  srgba(51,77,128,1)
97,12: (51,77,128,255)  #334D80FF  srgba(51,77,128,1)
98,12: (51,77,128,255)  #334D80FF  srgba(51,77,128,1)
99,12: (51,77,128,255)  #334D80FF  srgba(51,77,128,1)
0,13: (51,77,128,255)  #334D80FF  srgba(51,77,128,1)
1,13: (51,77,128,255)  #334D80FF  srgba(51,77,128,1)
2,13: (51,77,128,255)  #334D80FF  srgba(51,77,128,1)
3,13: (51,77,128,255)  #334D80FF  srgba(51,77,128,1)
4,13: (51,77,128,255)  #334D80FF  srgba(51,77,128,1)
5,13: (51,77,128,255)  #334D80FF  srgba(51,77,128,1)
6,13: (51,77,128,255)  #334D80FF  srgba(51,77,128,1)
7,13: (51,77,128,255)  #334D80FF  srgba(51,77,128,1)
8,13: (51,77,128,255)  #334D80FF  srgba(51,77,128,1)
9,13: (51,77,128,255)  #334D80FF  srgba(51,77,128,1)
10,13: (51,77,128,255)  #334D80FF  srgba(51,77,128,1)
11,13: (51,77,128,255)  #334D80FF  srgba(51,77,128,1)
12,13: (51,77,128,255)  #334D80FF  srgba(51,77,128,1)
13,13: (51,77,128,255)  #334D80FF  srgba(51,77,128,1)
14,13: (51,77,128,255)  #334D80FF  srgba(51,77,128,1)
15,13: (51,77,128,255)  #334D80FF  srgba(51,77,128,1)
16,13: (51,77,128,255)  #334D80FF  srgba(51,77,128,1)
17,13: (51,77,128,255)  #334D80FF  srgba(51,77,128,1)
18,13: (51,77,128,255)  #334D80FF  srgba(51,77,128,1)
19,13: (51,77,128,255)  #334D80FF  srgba(51,77,128,1)
20,13: (51,77,128,255)  #334D80FF  srgba(51,77,128,1)
21,13: (51,77,128,255)  #334D80FF  srgba(51,77,128,1)
22,13: (51,77,128,255)  #334D80FF  srgba(51,77,128,1)
23,13: (51,77,128,255)  #334D80FF  srgba(51,77,128,1)
24,13: (51,77,128,255)  #334D80FF  srgba(51,77,128,1)
25,13: (51,77,128,255)  #334D80FF  srgba(51,77,128,1)
26,13: (51,77,128,255)  #334D80FF  srgba(51,77,128,1)
27,13: (51,77,128,255)  #334D80FF  srgba(51,77,128,1)
28,13: (51,77,128,255)  #334D80FF  srgba(51,77,128,1)
29,13: (51,77,128,255)  #334D80FF  srgba(51,77,128,1)
30,13: (51,77,128,255)  #334D80FF  srgba(51,77,128,1)
31,13: (51,77,128,255)  #334D80FF  srgba(51,77,128,1)
32,13: (51,77,128,255)  #334D80FF  srgba(51,77,128,1)
33,13: (51,77,128,255)  #334D80FF  srgba(51,77,128,1)
34,13: (51,77,128,255)  #334D80FF  srgba(51,77,128,1)
35,13: (51,77,128,255)  #334D80FF  srgba(51,77,128,1)
36,13: (51,77,128,255)  #334D80FF  srgba(51,77,128,1)
37,13: (51,77,128,255)  #334D80FF  srgba(51,77,128,1)
38,13: (51,77,128,255)  #334D80FF  srgba(51,77,128,1)
39,13: (51,77,128,255)  #334D80FF  srgba(51,77,128,1)
40,13: (51,77,128,255)  #334D80FF  srgba(51,77,128,1)
41,13: (51,77,128,255)  #334D80FF  srgba(51,77,128,1)
42,13: (51,77,128,255)  #334D80FF  srgba(51,77,128,1)
43,13: (51,77,128,255)  #334D80FF  srgba(51,77,128,1)
44,13: (51,77,128,255)  #334D80FF  srgba(51,77,128,1)
45,13: (51,77,128,255)  #334D80FF  srgba(51,77,128,1)
46,13: (51,77,128,255)  #334D80FF  srgba(51,77,128,1)
47,13: (51,77,128,255)  #334D80FF  srgba(51,77,128,1)
48,13: (51,77,128,255)  #334D80FF  srgba(51,77,128,1)
49,13: (51,77,128,255)  #334D80FF  srgba(51,77,128,1)
50,13: (51,77,128,255)  #334D80FF  srgba(51,77,128,1)
51,13: (51,77,128,255)  #334D80FF  srgba(51,77,128,1)
52,13: (51,77,128,255)  #334D80FF  srgba(51,77,128,1)
53,13: (51,77,128,255)  #334D80FF  srgba(51,77,128,1)
54,13: (51,77,128,255)  #334D80FF  srgba(51,77,128,1)
55,13: (51,77,128,255)  #334D80FF  srgba(51,77,128,1)
56,13: (51,77,128,255)  #334D80FF  srgba(51,77,128,1)
57,13: (51,77,128,255)  #334D80FF  srgba(51,77,128,1)
58,13: (51,77,128,255)  #334D80FF  srgba(51,77,128,1)
59,13: (51,77,128,255)  #334D80FF  srgba(51,77,128,1)
60,13: (51,77,128,255)  #334D80FF  srgba(51,77,128,1)
61,13: (51,77,128,255)  #334D80FF  srgba(51,77,128,1)
62,13: (51,77,128,255)  #334D80FF  srgba(51,77,128,1)
63,13: (51,77,128,255)  #334D80FF  srgba(51,77,128,1)
64,13: (51,77,128,255)  #334D80FF  srgba(51,77,128,1)
65,13: (51,77,128,255)  #334D80FF  srgba(51,77,128,1)
66,13: (51,77,128,255)  #334D80FF  srgba(51,77,128,1)
67,13: (51,77,128,255)  #334D80FF  srgba(51,77,128,1)
68,13: (51,77,128,255)  #334D80FF  srgba(51,77,128,1)
69,13: (51,77,128,255)  #334D80FF  srgba(51,77,128,1)
70,13: (51,77,128,255)  #334D80FF  srgba(51,77,128,1)
71,13: (51,77,128,255)  #334D80FF  srgba(51,77,128,1)
72,13: (51,77,128,255)  #334D80FF  srgba(51,77,128,1)
73,13: (51,77,128,255)  #334D80FF  srgba(51,77,128,1)
74,13: (51,77,128,255)  #334D80FF  srgba(51,77,128,1)
75,13: (51,77,128,255)  #334D80FF  srgba(51,77,128,1)
76,13: (51,77,128,255)  #334D80FF  srgba(51,77,128,1)
77,13: (51,77,128,255)  #334D80FF  srgba(51,77,128,1)
78,13: (51,77,128,255)  #334D80FF  srgba(51,77,128,1)
79,13: (51,77,128,255)  #334D80FF  srgba(51,77,128,1)
80,13: (51,77,128,255)  #334D80FF  srgba(51,77,128,1)
81,13: (51,77,128,255)  #334D80FF  srgba(51,77,128,1)
82,13: (51,77,128,255)  #334D80FF  srgba(51,77,128,1)
83,13: (51,77,128,255)  #334D80FF  srgba(51,77,128,1)
84,13: (51,77,128,255)  #334D80FF  srgba(51,77,128,1)
85,13: (51,77,128,255)  #334D80FF  srgba(51,77,128,1)
86,13: (51,77,128,255)  #334D80FF  srgba(51,77,128,1)
87,13: (51,77,128,255)  #334D80FF  srgba(51,77,128,1)
88,13: (51,77,128,255)  #334D80FF  srgba(51,77,128,1)
89,13: (51,77,128,255)  #334D80FF  srgba(51,77,128,1)
90,13: (51,77,128,255)  #334D80FF  srgba(51,77,128,1)
91,13: (51,77,128,255)  #334D80FF  srgba(51,77,128,1)
92,13: (51,77,128,255)  #334D80FF  srgba(51,77,128,1)
93,13: (51,77,128,255)  #334D80FF  srgba(51,77,128,1)
94,13: (51,77,128,255)  #334D80FF  srgba(51,77,128,1)
95,13: (51,77,128,255)  #334D80FF  srgba(51,77,128,1)
96,13: (51,77,128,255)  #334D80FF  srgba(51,77,128,1)
97,13: (51,77,128,255)  #334D80FF  srgba(51,77,128,1)
98,13: (51,77,128,255)  #334D80FF  srgba(51,77,128,1)
99,13: (51,77,128,255)  #334D80FF  srgba(51,77,128,1)
0,14: (51,77,128,255)  #334D80FF  srgba(51,77,128,1)
1,14: (51,77,128,255)  #334D80FF  srgba(51,77,128,1)
2,14: (51,77,128,255)  #334D80FF  srgba(51,77,128,1)
3,14: (51,77,128,255)  #334D80FF  srgba(51,77,128,1)
4,14: (51,77,128,255)  #334D80FF  srgba(51,77,128,1)
5,14: (51,77,128,255)  #334D80FF  srgba(51,77,128,1)
6,14: (51,77,128,255)  #334D80FF  srgba(51,77,128,1)
7,14: (51,77,128,255)  #334D80FF  srgba(51,77,128,1)
8,14: (51,77,128,255)  #334D80FF  srgba(51,77,128,1)
9,14: (51,77,128,255)  #334D80FF  srgba(51,77,128,1)
10,14: (51,77,128,255)  #334D80FF  srgba(51,77,128,1)
11,14: (51,77,128,255)  #334D80FF  srgba(51,77,128,1)
12,14: (51,77,128,255)  #334D80FF  srgba(51,77,128,1)
13,14: (51,77,128,255)  #334D80FF  srgba(51,77,128,1)
14,14: (51,77,128,255)  #334D80FF  srgba(51,77,128,1)
15,14: (51,77,128,255)  #334D80FF  srgba(51,77,128,1)
16,14: (51,77,128,255)  #334D80FF  srgba(51,77,128,1)
17,14: (51,77,128,255)  #334D80FF  srgba(51,77,128,1)
18,14: (51,77,128,255)  #334D80FF  srgba(51,77,128,1)
19,14: (51,77,128,255)  #334D80FF  srgba(51,77,128,1)
20,14: (51,77,128,255)  #334D80FF  srgba(51,77,128,1)
21,14: (51,77,128,255)  #334D80FF  srgba(51,77,128,1)
22,14: (51,77,128,255)  #334D80FF  srgba(51,77,128,1)
23,14: (51,77,128,255)  #334D80FF  srgba(51,77,128,1)
24,14: (51,77,128,255)  #334D80FF  srgba(51,77,128,1)
25,14: (51,77,128,255)  #334D80FF  srgba(51,77,128,1)
26,14: (51,77,128,255)  #334D80FF  srgba(51,77,128,1)
27,14: (51,77,128,255)  #334D80FF  srgba(51,77,128,1)
28,14: (51,77,128,255)  #334D80FF  srgba(51,77,128,1)
29,14: (51,77,128,255)  #334D80FF  srgba(51,77,128,1)
30,14: (51,77,128,255)  #334D80FF  srgba(51,77,128,1)
31,14: (51,77,128,255)  #334D80FF  srgba(51,77,128,1)
32,14: (51,77,128,255)  #334D80FF  srgba(51,77,128,1)
33,14: (51,77,128,255)  #334D80FF  srgba(51,77,128,1)
34,14: (51,77,128,255)  #334D80FF  srgba(51,77,128,1)
35,14: (51,77,128,255)  #334D80FF  srgba(51,77,128,1)
36,14: (51,77,128,255)  #334D80FF  srgba(51,77,128,1)
37,14: (51,77,128,255)  #334D80FF  srgba(51,77,128,1)
38,14: (51,77,128,255)  #334D80FF  srgba(51,77,128,1)
39,14: (51,77,128,255)  #334D80FF  srgba(51,77,128,1)
40,14: (51,77,128,255)  #334D80FF  srgba(51,77,128,1)
41,14: (51,77,128,255)  #334D80FF  srgba(51,77,128,1)
42,14: (51,77,128,255)  #334D80FF  srgba(51,77,128,1)
43,14: (51,77,128,255)  #334D80FF  srgba(51,77,128,1)
44,14: (51,77,128,255)  #334D80FF  srgba(51,77,128,1)
45,14: (51,77,128,255)  #334D80FF  srgba(51,77,128,1)
46,14: (51,77,128,255)  #334D80FF  srgba(51,77,128,1)
47,14: (51,77,128,255)  #334D80FF  srgba(51,77,128,1)
48,14: (51,77,128,255)  #334D80FF  srgba(51,77,128,1)
49,14: (51,77,128,255)  #334D80FF  srgba(51,77,128,1)
50,14: (51,77,128,255)  #334D80FF  srgba(51,77,128,1)
51,14: (51,77,128,255)  #334D80FF  srgba(51,77,128,1)
52,14: (51,77,128,255)  #334D80FF  srgba(51,77,128,1)
53,14: (51,77,128,255)  #334D80FF  srgba(51,77,128,1)
54,14: (51,77,128,255)  #334D80FF  srgba(51,77,128,1)
55,14: (51,77,128,255)  #334D80FF  srgba(51,77,128,1)
56,14: (51,77,128,255)  #334D80FF  srgba(51,77,128,1)
57,14: (51,77,128,255)  #334D80FF  srgba(51,77,128,1)
58,14: (51,77,128,255)  #334D80FF  srgba(51,77,128,1)
59,14: (51,77,128,255)  #334D80FF  srgba(51,77,128,1)
60,14: (51,77,128,255)  #334D80FF  srgba(51,77,128,1)
61,14: (51,77,128,255)  #334D80FF  srgba(51,77,128,1)
62,14: (51,77,128,255)  #334D80FF  srgba(51,77,128,1)
63,14: (51,77,128,255)  #334D80FF  srgba(51,77,128,1)
64,14: (51,77,128,255)  #334D80FF  srgba(51,77,128,1)
65,14: (51,77,128,255)  #334D80FF  srgba(51,77,128,1)
66,14: (51,77,128,255)  #334D80FF  srgba(51,77,128,1)
67,14: (51,77,128,255)  #334D80FF  srgba(51,77,128,1)
68,14: (51,77,128,255)  #334D80FF  srgba(51,77,128,1)
69,14: (51,77,128,255)  #334D80FF  srgba(51,77,128,1)
70,14: (51,77,128,255)  #334D80FF  srgba(51,77,128,1)
71,14: (51,77,128,255)  #334D80FF  srgba(51,77,128,1)
72,14: (51,77,128,255)  #334D80FF  srgba(51,77,128,1)
73,14: (51,77,128,255)  #334D80FF  srgba(51,77,128,1)
74,14: (51,77,128,255)  #334D80FF  srgba(51,77,128,1)
75,14: (51,77,128,255)  #334D80FF  srgba(51,77,128,1)
76,14: (51,77,128,255)  #334D80FF  srgba(51,77,128,1)
77,14: (51,77,128,255)  #334D80FF  srgba(51,77,128,1)
78,14: (51,77,128,255)  #334D80FF  srgba(51,77,128,1)
79,14: (51,77,128,255)  #334D80FF  srgba(51,77,128,1)
80,14: (51,77,128,255)  #334D80FF  srgba(51,77,128,1)
81,14: (51,77,128,255)  #334D80FF  srgba(51,77,128,1)
82,14: (51,77,128,255)  #334D80FF  srgba(51,77,128,1)
83,14: (51,77,128,255)  #334D80FF  srgba(51,77,128,1)
84,14: (51,77,128,255)  #334D80FF  srgba(51,77,128,1)
85,14: (51,77,128,255)  #334D80FF  srgba(51,77,128,1)
86,14: (51,77,128,255)  #334D80FF  srgba(51,77,128,1)
87,14: (51,77,128,255)  #334D80FF  srgba(51,77,128,1)
88,14: (51,77,128,255)  #334D80FF  srgba(51,77,128,1)
89,14: (51,77,128,255)  #334D80FF  srgba(51,77,128,1)
90,14: (51,77,128,255)  #334D80FF  srgba(51,77,128,1)
91,14: (51,77,128,255)  #334D80FF  srgba(51,77,128,1)
92,14: (51,77,128,255)  #334D80FF  srgba(51,77,128,1)
93,14: (51,77,128,255)  #334D80FF  srgba(51,77,128,1)
94,14: (51,77,128,255)  #334D80FF  srgba(51,77,128,1)
95,14: (51,77,128,255)  #334D80FF  srgba(51,77,128,1)
96,14: (51,77,128,255)  #334D80FF  srgba(51,77,128,1)
97,14: (51,77,128,255)  #334D80FF  srgba(51,77,128,1)
98,14: (51,77,128,255)  #334D80FF  srgba(51,77,128,1)
99,14: (51,77,128,255)  #334D80FF  srgba(51,77,128,1)
0,15: (51,77,128,255)  #334D80FF  srgba(51,77,128,1)
1,15: (51,77,128,255)  #334D80FF  srgba(51,77,128,1)
2,15: (51,77,128,255)  #334D80FF  srgba(51,77,128,1)
3,15: (51,77,128,255)  #334D80FF  srgba(51,77,128,1)
4,15: (51,77,128,255)  #334D80FF  srgba(51,77,128,1)
5,15: (51,77,128,255)  #334D80FF  srgba(51,77,128,1)
6,15: (51,77,128,255)  #334D80FF  srgba(51,77,128,1)
7,15: (51,77,128,255)  #334D80FF  srgba(51,77,128,1)
8,15: (51,77,128,255)  #334D80FF  srgba(51,77,128,1)
9,15: (51,77,128,255)  #334D80FF  srgba(51,77,128,1)
10,15: (51,77,128,255)  #334D80FF  srgba(51,77,128,1)
11,15: (51,77,128,255)  #334D80FF  srgba(51,77,128,1)
12,15: (51,77,128,255)  #334D80FF  srgba(51,77,128,1)
13,15: (51,77,128,255)  #334D80FF  srgba(51,77,128,1)
14,15: (51,77,128,255)  #334D80FF  srgba(51,77,128,1)
15,15: (51,77,128,255)  #334D80FF  srgba(51,77,128,1)
16,15: (51,77,128,255)  #334D80FF  srgba(51,77,128,1)
17,15: (51,77,128,255)  #334D80FF  srgba(51,77,128,1)
18,15: (51,77,128,255)  #334D80FF  srgba(51,77,128,1)
19,15: (51,77,128,255)  #334D80FF  srgba(51,77,128,1)
20,15: (51,77,128,255)  #334D80FF  srgba(51,77,128,1)
21,15: (51,77,128,255)  #334D80FF  srgba(51,77,128,1)
22,15: (51,77,128,255)  #334D80FF  srgba(51,77,128,1)
23,15: (51,77,128,255)  #334D80FF  srgba(51,77,128,1)
24,15: (51,77,128,255)  #334D80FF  srgba(51,77,128,1)
25,15: (51,77,128,255)  #334D80FF  srgba(51,77,128,1)
26,15: (51,77,128,255)  #334D80FF  srgba(51,77,128,1)
27,15: (51,77,128,255)  #334D80FF  srgba(51,77,128,1)
28,15: (51,77,128,255)  #334D80FF  srgba(51,77,128,1)
29,15: (51,77,128,255)  #334D80FF  srgba(51,77,128,1)
30,15: (51,77,128,255)  #334D80FF  srgba(51,77,128,1)
31,15: (51,77,128,255)  #334D80FF  srgba(51,77,128,1)
32,15: (51,77,128,255)  #334D80FF  srgba(51,77,128,1)
33,15: (51,77,128,255)  #334D80FF  srgba(51,77,128,1)
34,15: (51,77,128,255)  #334D80FF  srgba(51,77,128,1)
35,15: (51,77,128,255)  #334D80FF  srgba(51,77,128,1)
36,15: (51,77,128,255)  #334D80FF  srgba(51,77,128,1)
37,15: (51,77,128,255)  #334D80FF  srgba(51,77,128,1)
38,15: (51,77,128,255)  #334D80FF  srgba(51,77,128,1)
39,15: (51,77,128,255)  #334D80FF  srgba(51,77,128,1)
40,15: (51,77,128,255)  #334D80FF  srgba(51,77,128,1)
41,15: (51,77,128,255)  #334D80FF  srgba(51,77,128,1)
42,15: (51,77,128,255)  #334D80FF  srgba(51,77,128,1)
43,15: (51,77,128,255)  #334D80FF  srgba(51,77,128,1)
44,15: (51,77,128,255)  #334D80FF  srgba(51,77,128,1)
45,15: (51,77,128,255)  #334D80FF  srgba(51,77,128,1)
46,15: (51,77,128,255)  #334D80FF  srgba(51,77,128,1)
47,15: (51,77,128,255)  #334D80FF  srgba(51,77,128,1)
48,15: (51,77,128,255)  #334D80FF  srgba(51,77,128,1)
49,15: (51,77,128,255)  #334D80FF  srgba(51,77,128,1)
50,15: (51,77,128,255)  #334D80FF  srgba(51,77,128,1)
51,15: (51,77,128,255)  #334D80FF  srgba(51,77,128,1)
52,15: (51,77,128,255)  #334D80FF  srgba(51,77,128,1)
53,15: (51,77,128,255)  #334D80FF  srgba(51,77,128,1)
54,15: (51,77,128,255)  #334D80FF  srgba(51,77,128,1)
55,15: (51,77,128,255)  #334D80FF  srgba(51,77,128,1)
56,15: (51,77,128,255)  #334D80FF  srgba(51,77,128,1)
57,15: (51,77,128,255)  #334D80FF  srgba(51,77,128,1)
58,15: (51,77,128,255)  #334D80FF  srgba(51,77,128,1)
59,15: (51,77,128,255)  #334D80FF  srgba(51,77,128,1)
60,15: (51,77,128,255)  #334D80FF  srgba(51,77,128,1)
61,15: (51,77,128,255)  #334D80FF  srgba(51,77,128,1)
62,15: (51,77,128,255)  #334D80FF  srgba(51,77,128,1)
63,15: (51,77,128,255)  #334D80FF  srgba(51,77,128,1)
64,15: (51,77,128,255)  #334D80FF  srgba(51,77,128,1)
65,15: (51,77,128,255)  #334D80FF  srgba(51,77,128,1)
66,15: (51,77,128,255)  #334D80FF  srgba(51,77,128,1)
67,15: (51,77,128,255)  #334D80FF  srgba(51,77,128,1)
68,15: (51,77,128,255)  #334D80FF  srgba(51,77,128,1)
69,15: (51,77,128,255)  #334D80FF  srgba(51,77,128,1)
70,15: (51,77,128,255)  #334D80FF  srgba(51,77,128,1)
71,15: (51,77,128,255)  #334D80FF  srgba(51,77,128,1)
72,15: (51,77,128,255)  #334D80FF  srgba(51,77,128,1)
73,15: (51,77,128,255)  #334D80FF  srgba(51,77,128,1)
74,15: (51,77,128,255)  #334D80FF  srgba(51,77,128,1)
75,15: (51,77,128,255)  #334D80FF  srgba(51,77,128,1)
76,15: (51,77,128,255)  #334D80FF  srgba(51,77,128,1)
77,15: (51,77,128,255)  #334D80FF  srgba(51,77,128,1)
78,15: (51,77,128,255)  #334D80FF  srgba(51,77,128,1)
79,15: (51,77,128,255)  #334D80FF  srgba(51,77,128,1)
80,15: (51,77,128,255)  #334D80FF  srgba(51,77,128,1)
81,15: (51,77,128,255)  #334D80FF  srgba(51,77,128,1)
82,15: (51,77,128,255)  #334D80FF  srgba(51,77,128,1)
83,15: (51,77,128,255)  #334D80FF  srgba(51,77,128,1)
84,15: (51,77,128,255)  #334D80FF  srgba(51,77,128,1)
85,15: (51,77,128,255)  #334D80FF  srgba(51,77,128,1)
86,15: (51,77,128,255)  #334D80FF  srgba(51,77,128,1)
87,15: (51,77,128,255)  #334D80FF  srgba(51,77,128,1)
88,15: (51,77,128,255)  #334D80FF  srgba(51,77,128,1)
89,15: (51,77,128,255)  #334D80FF  srgba(51,77,128,1)
90,15: (51,77,128,255)  #334D80FF  srgba(51,77,128,1)
91,15: (51,77,128,255)  #334D80FF  srgba(51,77,128,1)
92,15: (51,77,128,255)  #334D80FF  srgba(51,77,128,1)
93,15: (51,77,128,255)  #334D80FF  srgba(51,77,128,1)
94,15: (51,77,128,255)  #334D80FF  srgba(51,77,128,1)
95,15: (51,77,128,255)  #334D80FF  srgba(51,77,128,1)
96,15: (51,77,128,255)  #334D80FF  srgba(51,77,128,1)
97,15: (51,77,128,255)  #334D80FF  srgba(51,77,128,1)
98,15: (51,77,128,255)  #334D80FF  srgba(51,77,128,1)
99,15: (51,77,128,255)  #334D80FF  srgba(51,77,128,1)
0,16: (51,77,128,255)  #334D80FF  srgba(51,77,128,1)
1,16: (51,77,128,255)  #334D80FF  srgba(51,77,128,1)
2,16: (51,77,128,255)  #334D80FF  srgba(51,77,128,1)
3,16: (51,77,128,255)  #334D80FF  srgba(51,77,128,1)
4,16: (51,77,128,255)  #334D80FF  srgba(51,77,128,1)
5,16: (51,77,128,255)  #334D80FF  srgba(51,77,128,1)
6,16: (51,77,128,255)  #334D80FF  srgba(51,77,128,1)
7,16: (51,77,128,255)  #334D80FF  srgba(51,77,128,1)
8,16: (51,77,128,255)  #334D80FF  srgba(51,77,128,1)
9,16: (51,77,128,255)  #334D80FF  srgba(51,77,128,1)
10,16: (51,77,128,255)  #334D80FF  srgba(51,77,128,1)
11,16: (51,77,128,255)  #334D80FF  srgba(51,77,128,1)
12,16: (51,77,128,255)  #334D80FF  srgba(51,77,128,1)
13,16: (51,77,128,255)  #334D80FF  srgba(51,77,128,1)
14,16: (51,77,128,255)  #334D80FF  srgba(51,77,128,1)
15,16: (51,77,128,255)  #334D80FF  srgba(51,77,128,1)
16,16: (51,77,128,255)  #334D80FF  srgba(51,77,128,1)
17,16: (51,77,128,255)  #334D80FF  srgba(51,77,128,1)
18,16: (51,77,128,255)  #334D80FF  srgba(51,77,128,1)
19,16: (51,77,128,255)  #334D80FF  srgba(51,77,128,1)
20,16: (51,77,128,255)  #334D80FF  srgba(51,77,128,1)
21,16: (51,77,128,255)  #334D80FF  srgba(51,77,128,1)
22,16: (51,77,128,255)  #334D80FF  srgba(51,77,128,1)
23,16: (51,77,128,255)  #334D80FF  srgba(51,77,128,1)
24,16: (51,77,128,255)  #334D80FF  srgba(51,77,128,1)
25,16: (51,77,128,255)  #334D80FF  srgba(51,77,128,1)
26,16: (51,77,128,255)  #334D80FF  srgba(51,77,128,1)
27,16: (51,77,128,255)  #334D80FF  srgba(51,77,128,1)
28,16: (51,77,128,255)  #334D80FF  srgba(51,77,128,1)
29,16: (51,77,128,255)  #334D80FF  srgba(51,77,128,1)
30,16: (51,77,128,255)  #334D80FF  srgba(51,77,128,1)
31,16: (51,77,128,255)  #334D80FF  srgba(51,77,128,1)
32,16: (51,77,128,255)  #334D80FF  srgba(51,77,128,1)
33,16: (51,77,128,255)  #334D80FF  srgba(51,77,128,1)
34,16: (51,77,128,255)  #334D80FF  srgba(51,77,128,1)
35,16: (51,77,128,255)  #334D80FF  srgba(51,77,128,1)
36,16: (51,77,128,255)  #334D80FF  srgba(51,77,128,1)
37,16: (51,77,128,255)  #334D80FF  srgba(51,77,128,1)
38,16: (51,77,128,255)  #334D80FF  srgba(51,77,128,1)
39,16: (51,77,128,255)  #334D80FF  srgba(51,77,128,1)
40,16: (51,77,128,255)  #334D80FF  srgba(51,77,128,1)
41,16: (51,77,128,255)  #334D80FF  srgba(51,77,128,1)
42,16: (51,77,128,255)  #334D80FF  srgba(51,77,128,1)
43,16: (51,77,128,255)  #334D80FF  srgba(51,77,128,1)
44,16: (51,77,128,255)  #334D80FF  srgba(51,77,128,1)
45,16: (51,77,128,255)  #334D80FF  srgba(51,77,128,1)
46,16: (51,77,128,255)  #334D80FF  srgba(51,77,128,1)
47,16: (51,77,128,255)  #334D80FF  srgba(51,77,128,1)
48,16: (51,77,128,255)  #334D80FF  srgba(51,77,128,1)
49,16: (51,77,128,255)  #334D80FF  srgba(51,77,128,1)
50,16: (51,77,128,255)  #334D80FF  srgba(51,77,128,1)
51,16: (51,77,128,255)  #334D80FF  srgba(51,77,128,1)
52,16: (51,77,128,255)  #334D80FF  srgba(51,77,128,1)
53,16: (51,77,128,255)  #334D80FF  srgba(51,77,128,1)
54,16: (51,77,128,255)  #334D80FF  srgba(51,77,128,1)
55,16: (51,77,128,255)  #334D80FF  srgba(51,77,128,1)
56,16: (51,77,128,255)  #334D80FF  srgba(51,77,128,1)
57,16: (51,77,128,255)  #334D80FF  srgba(51,77,128,1)
58,16: (51,77,128,255)  #334D80FF  srgba(51,77,128,1)
59,16: (51,77,128,255)  #334D80FF  srgba(51,77,128,1)
60,16: (51,77,128,255)  #334D80FF  srgba(51,77,128,1)
61,16: (51,77,128,255)  #334D80FF  srgba(51,77,128,1)
62,16: (51,77,128,255)  #334D80FF  srgba(51,77,128,1)
63,16: (51,77,128,255)  #334D80FF  srgba(51,77,128,1)
64,16: (51,77,128,255)  #334D80FF  srgba(51,77,128,1)
65,16: (51,77,128,255)  #334D80FF  srgba(51,77,128,1)
66,16: (51,77,128,255)  #334D80FF  srgba(51,77,128,1)
67,16: (51,77,128,255)  #334D80FF  srgba(51,77,128,1)
68,16: (51,77,128,255)  #334D80FF  srgba(51,77,128,1)
69,16: (51,77,128,255)  #334D80FF  srgba(51,77,128,1)
70,16: (51,77,128,255)  #334D80FF  srgba(51,77,128,1)
71,16: (51,77,128,255)  #334D80FF  srgba(51,77,128,1)
72,16: (51,77,128,255)  #334D80FF  srgba(51,77,128,1)
73,16: (51,77,128,255)  #334D80FF  srgba(51,77,128,1)
74,16: (51,77,128,255)  #334D80FF  srgba(51,77,128,1)
75,16: (51,77,128,255)  #334D80FF  srgba(51,77,128,1)
76,16: (51,77,128,255)  #334D80FF  srgba(51,77,128,1)
77,16: (51,77,128,255)  #334D80FF  srgba(51,77,128,1)
78,16: (51,77,128,255)  #334D80FF  srgba(51,77,128,1)
79,16: (51,77,128,255)  #334D80FF  srgba(51,77,128,1)
80,16: (51,77,128,255)  #334D80FF  srgba(51,77,128,1)
81,16: (51,77,128,255)  #334D80FF  srgba(51,77,128,1)
82,16: (51,77,128,255)  #334D80FF  srgba(51,77,128,1)
83,16: (51,77,128,255)  #334D80FF  srgba(51,77,128,1)
84,16: (51,77,128,255)  #334D80FF  srgba(51,77,128,1)
85,16: (51,77,128,255)  #334D80FF  srgba(51,77,128,1)
86,16: (51,77,128,255)  #334D80FF  srgba(51,77,128,1)
87,16: (51,77,128,255)  #334D80FF  srgba(51,77,128,1)
88,16: (51,77,128,255)  #334D80FF  srgba(51,77,128,1)
89,16: (51,77,128,255)  #334D80FF  srgba(51,77,128,1)
90,16: (51,77,128,255)  #334D80FF  srgba(51,77,128,1)
91,16: (51,77,128,255)  #334D80FF  srgba(51,77,128,1)
92,16: (51,77,128,255)  #334D80FF  srgba(51,77,128,1)
93,16: (51,77,128,255)  #334D80FF  srgba(51,77,128,1)
94,16: (51,77,128,255)  #334D80FF  srgba(51,77,128,1)
95,16: (51,77,128,255)  #334D80FF  srgba(51,77,128,1)
96,16: (51,77,128,255)  #334D80FF  srgba(51,77,128,1)
97,16: (51,77,128,255)  #334D80FF  srgba(51,77,128,1)
98,16: (51,77,128,255)  #334D80FF  srgba(51,77,128,1)
99,16: (51,77,128,255)  #334D80FF  srgba(51,77,128,1)
0,17: (51,77,128,255)  #334D80FF  srgba(51,77,128,1)
1,17: (51,77,128,255)  #334D80FF  srgba(51,77,128,1)
2,17: (51,77,128,255)  #334D80FF  srgba(51,77,128,1)
3,17: (51,77,128,255)  #334D80FF  srgba(51,77,128,1)
4,17: (51,77,128,255)  #334D80FF  srgba(51,77,128,1)
5,17: (51,77,128,255)  #334D80FF  srgba(51,77,128,1)
6,17: (51,77,128,255)  #334D80FF  srgba(51,77,128,1)
7,17: (51,77,128,255)  #334D80FF  srgba(51,77,128,1)
8,17: (51,77,128,255)  #334D80FF  srgba(51,77,128,1)
9,17: (51,77,128,255)  #334D80FF  srgba(51,77,128,1)
10,17: (51,77,128,255)  #334D80FF  srgba(51,77,128,1)
11,17: (51,77,128,255)  #334D80FF  srgba(51,77,128,1)
12,17: (51,77,128,255)  #334D80FF  srgba(51,77,128,1)
13,17: (51,77,128,255)  #334D80FF  srgba(51,77,128,1)
14,17: (51,77,128,255)  #334D80FF  srgba(51,77,128,1)
15,17: (51,77,128,255)  #334D80FF  srgba(51,77,128,1)
16,17: (51,77,128,255)  #334D80FF  srgba(51,77,128,1)
17,17: (51,77,128,255)  #334D80FF  srgba(51,77,128,1)
18,17: (51,77,128,255)  #334D80FF  srgba(51,77,128,1)
19,17: (51,77,128,255)  #334D80FF  srgba(51,77,128,1)
20,17: (51,77,128,255)  #334D80FF  srgba(51,77,128,1)
21,17: (51,77,128,255)  #334D80FF  srgba(51,77,128,1)
22,17: (51,77,128,255)  #334D80FF  srgba(51,77,128,1)
23,17: (51,77,128,255)  #334D80FF  srgba(51,77,128,1)
24,17: (51,77,128,255)  #334D80FF  srgba(51,77,128,1)
25,17: (51,77,128,255)  #334D80FF  srgba(51,77,128,1)
26,17: (51,77,128,255)  #334D80FF  srgba(51,77,128,1)
27,17: (51,77,128,255)  #334D80FF  srgba(51,77,128,1)
28,17: (51,77,128,255)  #334D80FF  srgba(51,77,128,1)
29,17: (51,77,128,255)  #334D80FF  srgba(51,77,128,1)
30,17: (51,77,128,255)  #334D80FF  srgba(51,77,128,1)
31,17: (51,77,128,255)  #334D80FF  srgba(51,77,128,1)
32,17: (51,77,128,255)  #334D80FF  srgba(51,77,128,1)
33,17: (51,77,128,255)  #334D80FF  srgba(51,77,128,1)
34,17: (51,77,128,255)  #334D80FF  srgba(51,77,128,1)
35,17: (51,77,128,255)  #334D80FF  srgba(51,77,128,1)
36,17: (51,77,128,255)  #334D80FF  srgba(51,77,128,1)
37,17: (51,77,128,255)  #334D80FF  srgba(51,77,128,1)
38,17: (51,77,128,255)  #334D80FF  srgba(51,77,128,1)
39,17: (51,77,128,255)  #334D80FF  srgba(51,77,128,1)
40,17: (51,77,128,255)  #334D80FF  srgba(51,77,128,1)
41,17: (51,77,128,255)  #334D80FF  srgba(51,77,128,1)
42,17: (51,77,128,255)  #334D80FF  srgba(51,77,128,1)
43,17: (51,77,128,255)  #334D80FF  srgba(51,77,128,1)
44,17: (51,77,128,255)  #334D80FF  srgba(51,77,128,1)
45,17: (51,77,128,255)  #334D80FF  srgba(51,77,128,1)
46,17: (51,77,128,255)  #334D80FF  srgba(51,77,128,1)
47,17: (51,77,128,255)  #334D80FF  srgba(51,77,128,1)
48,17: (51,77,128,255)  #334D80FF  srgba(51,77,128,1)
49,17: (51,77,128,255)  #334D80FF  srgba(51,77,128,1)
50,17: (51,77,128,255)  #334D80FF  srgba(51,77,128,1)
51,17: (51,77,128,255)  #334D80FF  srgba(51,77,128,1)
52,17: (51,77,128,255)  #334D80FF  srgba(51,77,128,1)
53,17: (51,77,128,255)  #334D80FF  srgba(51,77,128,1)
54,17: (51,77,128,255)  #334D80FF  srgba(51,77,128,1)
55,17: (51,77,128,255)  #334D80FF  srgba(51,77,128,1)
56,17: (51,77,128,255)  #334D80FF  srgba(51,77,128,1)
57,17: (51,77,128,255)  #334D80FF  srgba(51,77,128,1)
58,17: (51,77,128,255)  #334D80FF  srgba(51,77,128,1)
59,17: (51,77,128,255)  #334D80FF  srgba(51,77,128,1)
60,17: (51,77,128,255)  #334D80FF  srgba(51,77,128,1)
61,17: (51,77,128,255)  #334D80FF  srgba(51,77,128,1)
62,17: (51,77,128,255)  #334D80FF  srgba(51,77,128,1)
63,17: (51,77,128,255)  #334D80FF  srgba(51,77,128,1)
64,17: (51,77,128,255)  #334D80FF  srgba(51,77,128,1)
65,17: (51,77,128,255)  #334D80FF  srgba(51,77,128,1)
66,17: (51,77,128,255)  #334D80FF  srgba(51,77,128,1)
67,17: (51,77,128,255)  #334D80FF  srgba(51,77,128,1)
68,17: (51,77,128,255)  #334D80FF  srgba(51,77,128,1)
69,17: (51,77,128,255)  #334D80FF  srgba(51,77,128,1)
70,17: (51,77,128,255)  #334D80FF  srgba(51,77,128,1)
71,17: (51,77,128,255)  #334D80FF  srgba(51,77,128,1)
72,17: (51,77,128,255)  #334D80FF  srgba(51,77,128,1)
73,17: (51,77,128,255)  #334D80FF  srgba(51,77,128,1)
74,17: (51,77,128,255)  #334D80FF  srgba(51,77,128,1)
75,17: (51,77,128,255)  #334D80FF  srgba(51,77,128,1)
76,17: (51,77,128,255)  #334D80FF  srgba(51,77,128,1)
77,17: (51,77,128,255)  #334D80FF  srgba(51,77,128,1)
78,17: (51,77,128,255)  #334D80FF  srgba(51,77,128,1)
79,17: (51,77,128,255)  #334D80FF  srgba(51,77,128,1)
80,17: (51,77,128,255)  #334D80FF  srgba(51,77,128,1)
81,17: (51,77,128,255)  #334D80FF  srgba(51,77,128,1)
82,17: (51,77,128,255)  #334D80FF  srgba(51,77,128,1)
83,17: (51,77,128,255)  #334D80FF  srgba(51,77,128,1)
84,17: (51,77,128,255)  #334D80FF  srgba(51,77,128,1)
85,17: (51,77,128,255)  #334D80FF  srgba(51,77,128,1)
86,17: (51,77,128,255)  #334D80FF  srgba(51,77,128,1)
87,17: (51,77,128,255)  #334D80FF  srgba(51,77,128,1)
88,17: (51,77,128,255)  #334D80FF  srgba(51,77,128,1)
89,17: (51,77,128,255)  #334D80FF  srgba(51,77,128,1)
90,17: (51,77,128,255)  #334D80FF  srgba(51,77,128,1)
91,17: (51,77,128,255)  #334D80FF  srgba(51,77,128,1)
92,17: (51,77,128,255)  #334D80FF  srgba(51,77,128,1)
93,17: (51,77,128,255)  #334D80FF  srgba(51,77,128,1)
94,17: (51,77,128,255)  #334D80FF  srgba(51,77,128,1)
95,17: (51,77,128,255)  #334D80FF  srgba(51,77,128,1)
96,17: (51,77,128,255)  #334D80FF  srgba(51,77,128,1)
97,17: (51,77,128,255)  #334D80FF  srgba(51,77,128,1)
98,17: (51,77,128,255)  #334D80FF  srgba(51,77,128,1)
99,17: (51,77,128,255)  #334D80FF  srgba(51,77,128,1)
0,18: (51,77,128,255)  #334D80FF  srgba(51,77,128,1)
1,18: (51,77,128,255)  #334D80FF  srgba(51,77,128,1)
2,18: (51,77,128,255)  #334D80FF  srgba(51,77,128,1)
3,18: (51,77,128,255)  #334D80FF  srgba(51,77,128,1)
4,18: (51,77,128,255)  #334D80FF  srgba(51,77,128,1)
5,18: (51,77,128,255)  #334D80FF  srgba(51,77,128,1)
6,18: (51,77,128,255)  #334D80FF  srgba(51,77,128,1)
7,18: (51,77,128,255)  #334D80FF  srgba(51,77,128,1)
8,18: (51,77,128,255)  #334D80FF  srgba(51,77,128,1)
9,18: (51,77,128,255)  #334D80FF  srgba(51,77,128,1)
10,18: (51,77,128,255)  #334D80FF  srgba(51,77,128,1)
11,18: (51,77,128,255)  #334D80FF  srgba(51,77,128,1)
12,18: (51,77,128,255)  #334D80FF  srgba(51,77,128,1)
13,18: (51,77,128,255)  #334D80FF  srgba(51,77,128,1)
14,18: (51,77,128,255)  #334D80FF  srgba(51,77,128,1)
15,18: (51,77,128,255)  #334D80FF  srgba(51,77,128,1)
16,18: (51,77,128,255)  #334D80FF  srgba(51,77,128,1)
17,18: (51,77,128,255)  #334D80FF  srgba(51,77,128,1)
18,18: (51,77,128,255)  #334D80FF  srgba(51,77,128,1)
19,18: (51,77,128,255)  #334D80FF  srgba(51,77,128,1)
20,18: (51,77,128,255)  #334D80FF  srgba(51,77,128,1)
21,18: (51,77,128,255)  #334D80FF  srgba(51,77,128,1)
22,18: (51,77,128,255)  #334D80FF  srgba(51,77,128,1)
23,18: (51,77,128,255)  #334D80FF  srgba(51,77,128,1)
24,18: (51,77,128,255)  #334D80FF  srgba(51,77,128,1)
25,18: (51,77,128,255)  #334D80FF  srgba(51,77,128,1)
26,18: (51,77,128,255)  #334D80FF  srgba(51,77,128,1)
27,18: (51,77,128,255)  #334D80FF  srgba(51,77,128,1)
28,18: (51,77,128,255)  #334D80FF  srgba(51,77,128,1)
29,18: (51,77,128,255)  #334D80FF  srgba(51,77,128,1)
30,18: (51,77,128,255)  #334D80FF  srgba(51,77,128,1)
31,18: (51,77,128,255)  #334D80FF  srgba(51,77,128,1)
32,18: (51,77,128,255)  #334D80FF  srgba(51,77,128,1)
33,18: (51,77,128,255)  #334D80FF  srgba(51,77,128,1)
34,18: (51,77,128,255)  #334D80FF  srgba(51,77,128,1)
35,18: (51,77,128,255)  #334D80FF  srgba(51,77,128,1)
36,18: (51,77,128,255)  #334D80FF  srgba(51,77,128,1)
37,18: (51,77,128,255)  #334D80FF  srgba(51,77,128,1)
38,18: (51,77,128,255)  #334D80FF  srgba(51,77,128,1)
39,18: (51,77,128,255)  #334D80FF  srgba(51,77,128,1)
40,18: (51,77,128,255)  #334D80FF  srgba(51,77,128,1)
41,18: (51,77,128,255)  #334D80FF  srgba(51,77,128,1)
42,18: (51,77,128,255)  #334D80FF  srgba(51,77,128,1)
43,18: (51,77,128,255)  #334D80FF  srgba(51,77,128,1)
44,18: (51,77,128,255)  #334D80FF  srgba(51,77,128,1)
45,18: (51,77,128,255)  #334D80FF  srgba(51,77,128,1)
46,18: (51,77,128,255)  #334D80FF  srgba(51,77,128,1)
47,18: (51,77,128,255)  #334D80FF  srgba(51,77,128,1)
48,18: (51,77,128,255)  #334D80FF  srgba(51,77,128,1)
49,18: (51,77,128,255)  #334D80FF  srgba(51,77,128,1)
50,18: (51,77,128,255)  #334D80FF  srgba(51,77,128,1)
51,18: (51,77,128,255)  #334D80FF  srgba(51,77,128,1)
52,18: (51,77,128,255)  #334D80FF  srgba(51,77,128,1)
53,18: (51,77,128,255)  #334D80FF  srgba(51,77,128,1)
54,18: (51,77,128,255)  #334D80FF  srgba(51,77,128,1)
55,18: (51,77,128,255)  #334D80FF  srgba(51,77,128,1)
56,18: (51,77,128,255)  #334D80FF  srgba(51,77,128,1)
57,18: (51,77,128,255)  #334D80FF  srgba(51,77,128,1)
58,18: (51,77,128,255)  #334D80FF  srgba(51,77,128,1)
59,18: (51,77,128,255)  #334D80FF  srgba(51,77,128,1)
60,18: (51,77,128,255)  #334D80FF  srgba(51,77,128,1)
61,18: (51,77,128,255)  #334D80FF  srgba(51,77,128,1)
62,18: (51,77,128,255)  #334D80FF  srgba(51,77,128,1)
63,18: (51,77,128,255)  #334D80FF  srgba(51,77,128,1)
64,18: (51,77,128,255)  #334D80FF  srgba(51,77,128,1)
65,18: (51,77,128,255)  #334D80FF  srgba(51,77,128,1)
66,18: (51,77,128,255)  #334D80FF  srgba(51,77,128,1)
67,18: (51,77,128,255)  #334D80FF  srgba(51,77,128,1)
68,18: (51,77,128,255)  #334D80FF  srgba(51,77,128,1)
69,18: (51,77,128,255)  #334D80FF  srgba(51,77,128,1)
70,18: (51,77,128,255)  #334D80FF  srgba(51,77,128,1)
71,18: (51,77,128,255)  #334D80FF  srgba(51,77,128,1)
72,18: (51,77,128,255)  #334D80FF  srgba(51,77,128,1)
73,18: (51,77,128,255)  #334D80FF  srgba(51,77,128,1)
74,18: (51,77,128,255)  #334D80FF  srgba(51,77,128,1)
75,18: (51,77,128,255)  #334D80FF  srgba(51,77,128,1)
76,18: (51,77,128,255)  #334D80FF  srgba(51,77,128,1)
77,18: (51,77,128,255)  #334D80FF  srgba(51,77,128,1)
78,18: (51,77,128,255)  #334D80FF  srgba(51,77,128,1)
79,18: (51,77,128,255)  #334D80FF  srgba(51,77,128,1)
80,18: (51,77,128,255)  #334D80FF  srgba(51,77,128,1)
81,18: (51,77,128,255)  #334D80FF  srgba(51,77,128,1)
82,18: (51,77,128,255)  #334D80FF  srgba(51,77,128,1)
83,18: (51,77,128,255)  #334D80FF  srgba(51,77,128,1)
84,18: (51,77,128,255)  #334D80FF  srgba(51,77,128,1)
85,18: (51,77,128,255)  #334D80FF  srgba(51,77,128,1)
86,18: (51,77,128,255)  #334D80FF  srgba(51,77,128,1)
87,18: (51,77,128,255)  #334D80FF  srgba(51,77,128,1)
88,18: (51,77,128,255)  #334D80FF  srgba(51,77,128,1)
89,18: (51,77,128,255)  #334D80FF  srgba(51,77,128,1)
90,18: (51,77,128,255)  #334D80FF  srgba(51,77,128,1)
91,18: (51,77,128,255)  #334D80FF  srgba(51,77,128,1)
92,18: (51,77,128,255)  #334D80FF  srgba(51,77,128,1)
93,18: (51,77,128,255)  #334D80FF  srgba(51,77,128,1)
94,18: (51,77,128,255)  #334D80FF  srgba(51,77,128,1)
95,18: (51,77,128,255)  #334D80FF  srgba(51,77,128,1)
96,18: (51,77,128,255)  #334D80FF  srgba(51,77,128,1)
97,18: (51,77,128,255)  #334D80FF  srgba(51,77,128,1)
98,18: (51,77,128,255)  #334D80FF  srgba(51,77,128,1)
99,18: (51,77,128,255)  #334D80FF  srgba(51,77,128,1)
0,19: (51,77,128,255)  #334D80FF  srgba(51,77,128,1)
1,19: (51,77,128,255)  #334D80FF  srgba(51,77,128,1)
2,19: (51,77,128,255)  #334D80FF  srgba(51,77,128,1)
3,19: (51,77,128,255)  #334D80FF  srgba(51,77,128,1)
4,19: (51,77,128,255)  #334D80FF  srgba(51,77,128,1)
5,19: (51,77,128,255)  #334D80FF  srgba(51,77,128,1)
6,19: (51,77,128,255)  #334D80FF  srgba(51,77,128,1)
7,19: (51,77,128,255)  #334D80FF  srgba(51,77,128,1)
8,19: (51,77,128,255)  #334D80FF  srgba(51,77,128,1)
9,19: (51,77,128,255)  #334D80FF  srgba(51,77,128,1)
10,19: (51,77,128,255)  #334D80FF  srgba(51,77,128,1)
11,19: (51,77,128,255)  #334D80FF  srgba(51,77,128,1)
12,19: (51,77,128,255)  #334D80FF  srgba(51,77,128,1)
13,19: (51,77,128,255)  #334D80FF  srgba(51,77,128,1)
14,19: (51,77,128,255)  #334D80FF  srgba(51,77,128,1)
15,19: (51,77,128,255)  #334D80FF  srgba(51,77,128,1)
16,19: (51,77,128,255)  #334D80FF  srgba(51,77,128,1)
17,19: (51,77,128,255)  #334D80FF  srgba(51,77,128,1)
18,19: (51,77,128,255)  #334D80FF  srgba(51,77,128,1)
19,19: (51,77,128,255)  #334D80FF  srgba(51,77,128,1)
20,19: (51,77,128,255)  #334D80FF  srgba(51,77,128,1)
21,19: (51,77,128,255)  #334D80FF  srgba(51,77,128,1)
22,19: (51,77,128,255)  #334D80FF  srgba(51,77,128,1)
23,19: (51,77,128,255)  #334D80FF  srgba(51,77,128,1)
24,19: (51,77,128,255)  #334D80FF  srgba(51,77,128,1)
25,19: (51,77,128,255)  #334D80FF  srgba(51,77,128,1)
26,19: (51,77,128,255)  #334D80FF  srgba(51,77,128,1)
27,19: (51,77,128,255)  #334D80FF  srgba(51,77,128,1)
28,19: (51,77,128,255)  #334D80FF  srgba(51,77,128,1)
29,19: (51,77,128,255)  #334D80FF  srgba(51,77,128,1)
30,19: (51,77,128,255)  #334D80FF  srgba(51,77,128,1)
31,19: (51,77,128,255)  #334D80FF  srgba(51,77,128,1)
32,19: (51,77,128,255)  #334D80FF  srgba(51,77,128,1)
33,19: (51,77,128,255)  #334D80FF  srgba(51,77,128,1)
34,19: (51,77,128,255)  #334D80FF  srgba(51,77,128,1)
35,19: (51,77,128,255)  #334D80FF  srgba(51,77,128,1)
36,19: (51,77,128,255)  #334D80FF  srgba(51,77,128,1)
37,19: (51,77,128,255)  #334D80FF  srgba(51,77,128,1)
38,19: (51,77,128,255)  #334D80FF  srgba(51,77,128,1)
39,19: (51,77,128,255)  #334D80FF  srgba(51,77,128,1)
40,19: (51,77,128,255)  #334D80FF  srgba(51,77,128,1)
41,19: (51,77,128,255)  #334D80FF  srgba(51,77,128,1)
42,19: (51,77,128,255)  #334D80FF  srgba(51,77,128,1)
43,19: (51,77,128,255)  #334D80FF  srgba(51,77,128,1)
44,19: (51,77,128,255)  #334D80FF  srgba(51,77,128,1)
45,19: (51,77,128,255)  #334D80FF  srgba(51,77,128,1)
46,19: (51,77,128,255)  #334D80FF  srgba(51,77,128,1)
47,19: (51,77,128,255)  #334D80FF  srgba(51,77,128,1)
48,19: (51,77,128,255)  #334D80FF  srgba(51,77,128,1)
49,19: (51,77,128,255)  #334D80FF  srgba(51,77,128,1)
50,19: (51,77,128,255)  #334D80FF  srgba(51,77,128,1)
51,19: (51,77,128,255)  #334D80FF  srgba(51,77,128,1)
52,19: (51,77,128,255)  #334D80FF  srgba(51,77,128,1)
53,19: (51,77,128,255)  #334D80FF  srgba(51,77,128,1)
54,19: (51,77,128,255)  #334D80FF  srgba(51,77,128,1)
55,19: (51,77,128,255)  #334D80FF  srgba(51,77,128,1)
56,19: (51,77,128,255)  #334D80FF  srgba(51,77,128,1)
57,19: (51,77,128,255)  #334D80FF  srgba(51,77,128,1)
58,19: (51,77,128,255)  #334D80FF  srgba(51,77,128,1)
59,19: (51,77,128,255)  #334D80FF  srgba(51,77,128,1)
60,19: (51,77,128,255)  #334D80FF  srgba(51,77,128,1)
61,19: (51,77,128,255)  #334D80FF  srgba(51,77,128,1)
62,19: (51,77,128,255)  #334D80FF  srgba(51,77,128,1)
63,19: (51,77,128,255)  #334D80FF  srgba(51,77,128,1)
64,19: (51,77,128,255)  #334D80FF  srgba(51,77,128,1)
65,19: (51,77,128,255)  #334D80FF  srgba(51,77,128,1)
66,19: (51,77,128,255)  #334D80FF  srgba(51,77,128,1)
67,19: (51,77,128,255)  #334D80FF  srgba(51,77,128,1)
68,19: (51,77,128,255)  #334D80FF  srgba(51,77,128,1)
69,19: (51,77,128,255)  #334D80FF  srgba(51,77,128,1)
70,19: (51,77,128,255)  #334D80FF  srgba(51,77,128,1)
71,19: (51,77,128,255)  #334D80FF  srgba(51,77,128,1)
72,19: (51,77,128,255)  #334D80FF  srgba(51,77,128,1)
73,19: (51,77,128,255)  #334D80FF  srgba(51,77,128,1)
74,19: (51,77,128,255)  #334D80FF  srgba(51,77,128,1)
75,19: (51,77,128,255)  #334D80FF  srgba(51,77,128,1)
76,19: (51,77,128,255)  #334D80FF  srgba(51,77,128,1)
77,19: (51,77,128,255)  #334D80FF  srgba(51,77,128,1)
78,19: (51,77,128,255)  #334D80FF  srgba(51,77,128,1)
79,19: (51,77,128,255)  #334D80FF  srgba(51,77,128,1)
80,19: (51,77,128,255)  #334D80FF  srgba(51,77,128,1)
81,19: (51,77,128,255)  #334D80FF  srgba(51,77,128,1)
82,19: (51,77,128,255)  #334D80FF  srgba(51,77,128,1)
83,19: (51,77,128,255)  #334D80FF  srgba(51,77,128,1)
84,19: (51,77,128,255)  #334D80FF  srgba(51,77,128,1)
85,19: (51,77,128,255)  #334D80FF  srgba(51,77,128,1)
86,19: (51,77,128,255)  #334D80FF  srgba(51,77,128,1)
87,19: (51,77,128,255)  #334D80FF  srgba(51,77,128,1)
88,19: (51,77,128,255)  #334D80FF  srgba(51,77,128,1)
89,19: (51,77,128,255)  #334D80FF  srgba(51,77,128,1)
90,19: (51,77,128,255)  #334D80FF  srgba(51,77,128,1)
91,19: (51,77,128,255)  #334D80FF  srgba(51,77,128,1)
92,19: (51,77,128,255)  #334D80FF  srgba(51,77,128,1)
93,19: (51,77,128,255)  #334D80FF  srgba(51,77,128,1)
94,19: (51,77,128,255)  #334D80FF  srgba(51,77,128,1)
95,19: (51,77,128,255)  #334D80FF  srgba(51,77,128,1)
96,19: (51,77,128,255)  #334D80FF  srgba(51,77,128,1)
97,19: (51,77,128,255)  #334D80FF  srgba(51,77,128,1)
98,19: (51,77,128,255)  #334D80FF  srgba(51,77,128,1)
99,19: (51,77,128,255)  #334D80FF  srgba(51,77,128,1)
0,20: (51,77,128,255)  #334D80FF  srgba(51,77,128,1)
1,20: (51,77,128,255)  #334D80FF  srgba(51,77,128,1)
2,20: (51,77,128,255)  #334D80FF  srgba(51,77,128,1)
3,20: (51,77,128,255)  #334D80FF  srgba(51,77,128,1)
4,20: (51,77,128,255)  #334D80FF  srgba(51,77,128,1)
5,20: (51,77,128,255)  #334D80FF  srgba(51,77,128,1)
6,20: (51,77,128,255)  #334D80FF  srgba(51,77,128,1)
7,20: (51,77,128,255)  #334D80FF  srgba(51,77,128,1)
8,20: (51,77,128,255)  #334D80FF  srgba(51,77,128,1)
9,20: (51,77,128,255)  #334D80FF  srgba(51,77,128,1)
10,20: (51,77,128,255)  #334D80FF  srgba(51,77,128,1)
11,20: (51,77,128,255)  #334D80FF  srgba(51,77,128,1)
12,20: (51,77,128,255)  #334D80FF  srgba(51,77,128,1)
13,20: (51,77,128,255)  #334D80FF  srgba(51,77,128,1)
14,20: (51,77,128,255)  #334D80FF  srgba(51,77,128,1)
15,20: (51,77,128,255)  #334D80FF  srgba(51,77,128,1)
16,20: (51,77,128,255)  #334D80FF  srgba(51,77,128,1)
17,20: (51,77,128,255)  #334D80FF  srgba(51,77,128,1)
18,20: (51,77,128,255)  #334D80FF  srgba(51,77,128,1)
19,20: (51,77,128,255)  #334D80FF  srgba(51,77,128,1)
20,20: (51,77,128,255)  #334D80FF  srgba(51,77,128,1)
21,20: (51,77,128,255)  #334D80FF  srgba(51,77,128,1)
22,20: (51,77,128,255)  #334D80FF  srgba(51,77,128,1)
23,20: (51,77,128,255)  #334D80FF  srgba(51,77,128,1)
24,20: (51,77,128,255)  #334D80FF  srgba(51,77,128,1)
25,20: (51,77,128,255)  #334D80FF  srgba(51,77,128,1)
26,20: (51,77,128,255)  #334D80FF  srgba(51,77,128,1)
27,20: (51,77,128,255)  #334D80FF  srgba(51,77,128,1)
28,20: (51,77,128,255)  #334D80FF  srgba(51,77,128,1)
29,20: (51,77,128,255)  #334D80FF  srgba(51,77,128,1)
30,20: (51,77,128,255)  #334D80FF  srgba(51,77,128,1)
31,20: (51,77,128,255)  #334D80FF  srgba(51,77,128,1)
32,20: (51,77,128,255)  #334D80FF  srgba(51,77,128,1)
33,20: (51,77,128,255)  #334D80FF  srgba(51,77,128,1)
34,20: (51,77,128,255)  #334D80FF  srgba(51,77,128,1)
35,20: (51,77,128,255)  #334D80FF  srgba(51,77,128,1)
36,20: (51,77,128,255)  #334D80FF  srgba(51,77,128,1)
37,20: (51,77,128,255)  #334D80FF  srgba(51,77,128,1)
38,20: (51,77,128,255)  #334D80FF  srgba(51,77,128,1)
39,20: (51,77,128,255)  #334D80FF  srgba(51,77,128,1)
40,20: (51,77,128,255)  #334D80FF  srgba(51,77,128,1)
41,20: (51,77,128,255)  #334D80FF  srgba(51,77,128,1)
42,20: (51,77,128,255)  #334D80FF  srgba(51,77,128,1)
43,20: (51,77,128,255)  #334D80FF  srgba(51,77,128,1)
44,20: (51,77,128,255)  #334D80FF  srgba(51,77,128,1)
45,20: (51,77,128,255)  #334D80FF  srgba(51,77,128,1)
46,20: (51,77,128,255)  #334D80FF  srgba(51,77,128,1)
47,20: (51,77,128,255)  #334D80FF  srgba(51,77,128,1)
48,20: (51,77,128,255)  #334D80FF  srgba(51,77,128,1)
49,20: (51,77,128,255)  #334D80FF  srgba(51,77,128,1)
50,20: (51,77,128,255)  #334D80FF  srgba(51,77,128,1)
51,20: (51,77,128,255)  #334D80FF  srgba(51,77,128,1)
52,20: (51,77,128,255)  #334D80FF  srgba(51,77,128,1)
53,20: (51,77,128,255)  #334D80FF  srgba(51,77,128,1)
54,20: (51,77,128,255)  #334D80FF  srgba(51,77,128,1)
55,20: (51,77,128,255)  #334D80FF  srgba(51,77,128,1)
56,20: (51,77,128,255)  #334D80FF  srgba(51,77,128,1)
57,20: (51,77,128,255)  #334D80FF  srgba(51,77,128,1)
58,20: (51,77,128,255)  #334D80FF  srgba(51,77,128,1)
59,20: (51,77,128,255)  #334D80FF  srgba(51,77,128,1)
60,20: (51,77,128,255)  #334D80FF  srgba(51,77,128,1)
61,20: (51,77,128,255)  #334D80FF  srgba(51,77,128,1)
62,20: (51,77,128,255)  #334D80FF  srgba(51,77,128,1)
63,20: (51,77,128,255)  #334D80FF  srgba(51,77,128,1)
64,20: (51,77,128,255)  #334D80FF  srgba(51,77,128,1)
65,20: (51,77,128,255)  #334D80FF  srgba(51,77,128,1)
66,20: (51,77,128,255)  #334D80FF  srgba(51,77,128,1)
67,20: (51,77,128,255)  #334D80FF  srgba(51,77,128,1)
68,20: (51,77,128,255)  #334D80FF  srgba(51,77,128,1)
69,20: (51,77,128,255)  #334D80FF  srgba(51,77,128,1)
70,20: (51,77,128,255)  #334D80FF  srgba(51,77,128,1)
71,20: (51,77,128,255)  #334D80FF  srgba(51,77,128,1)
72,20: (51,77,128,255)  #334D80FF  srgba(51,77,128,1)
73,20: (51,77,128,255)  #334D80FF  srgba(51,77,128,1)
74,20: (51,77,128,255)  #334D80FF  srgba(51,77,128,1)
75,20: (51,77,128,255)  #334D80FF  srgba(51,77,128,1)
76,20: (51,77,128,255)  #334D80FF  srgba(51,77,128,1)
77,20: (51,77,128,255)  #334D80FF  srgba(51,77,128,1)
78,20: (51,77,128,255)  #334D80FF  srgba(51,77,128,1)
79,20: (51,77,128,255)  #334D80FF  srgba(51,77,128,1)
80,20: (51,77,128,255)  #334D80FF  srgba(51,77,128,1)
81,20: (51,77,128,255)  #334D80FF  srgba(51,77,128,1)
82,20: (51,77,128,255)  #334D80FF  srgba(51,77,128,1)
83,20: (51,77,128,255)  #334D80FF  srgba(51,77,128,1)
84,20: (51,77,128,255)  #334D80FF  srgba(51,77,128,1)
85,20: (51,77,128,255)  #334D80FF  srgba(51,77,128,1)
86,20: (51,77,128,255)  #334D80FF  srgba(51,77,128,1)
87,20: (51,77,128,255)  #334D80FF  srgba(51,77,128,1)
88,20: (51,77,128,255)  #334D80FF  srgba(51,77,128,1)
89,20: (51,77,128,255)  #334D80FF  srgba(51,77,128,1)
90,20: (51,77,128,255)  #334D80FF  srgba(51,77,128,1)
91,20: (51,77,128,255)  #334D80FF  srgba(51,77,128,1)
92,20: (51,77,128,255)  #334D80FF  srgba(51,77,128,1)
93,20: (51,77,128,255)  #334D80FF  srgba(51,77,128,1)
94,20: (51,77,128,255)  #334D80FF  srgba(51,77,128,1)
95,20: (51,77,128,255)  #334D80FF  srgba(51,77,128,1)
96,20: (51,77,128,255)  #334D80FF  srgba(51,77,128,1)
97,20: (51,77,128,255)  #334D80FF  srgba(51,77,128,1)
98,20: (51,77,128,255)  #334D80FF  srgba(51,77,128,1)
99,20: (51,77,128,255)  #334D80FF  srgba(51,77,128,1)
0,21: (51,77,128,255)  #334D80FF  srgba(51,77,128,1)
1,21: (51,77,128,255)  #334D80FF  srgba(51,77,128,1)
2,21: (51,77,128,255)  #334D80FF  srgba(51,77,128,1)
3,21: (51,77,128,255)  #334D80FF  srgba(51,77,128,1)
4,21: (51,77,128,255)  #334D80FF  srgba(51,77,128,1)
5,21: (51,77,128,255)  #334D80FF  srgba(51,77,128,1)
6,21: (51,77,128,255)  #334D80FF  srgba(51,77,128,1)
7,21: (51,77,128,255)  #334D80FF  srgba(51,77,128,1)
8,21: (51,77,128,255)  #334D80FF  srgba(51,77,128,1)
9,21: (51,77,128,255)  #334D80FF  srgba(51,77,128,1)
10,21: (51,77,128,255)  #334D80FF  srgba(51,77,128,1)
11,21: (51,77,128,255)  #334D80FF  srgba(51,77,128,1)
12,21: (51,77,128,255)  #334D80FF  srgba(51,77,128,1)
13,21: (51,77,128,255)  #334D80FF  srgba(51,77,128,1)
14,21: (51,77,128,255)  #334D80FF  srgba(51,77,128,1)
15,21: (51,77,128,255)  #334D80FF  srgba(51,77,128,1)
16,21: (51,77,128,255)  #334D80FF  srgba(51,77,128,1)
17,21: (51,77,128,255)  #334D80FF  srgba(51,77,128,1)
18,21: (51,77,128,255)  #334D80FF  srgba(51,77,128,1)
19,21: (51,77,128,255)  #334D80FF  srgba(51,77,128,1)
20,21: (51,77,128,255)  #334D80FF  srgba(51,77,128,1)
21,21: (51,77,128,255)  #334D80FF  srgba(51,77,128,1)
22,21: (51,77,128,255)  #334D80FF  srgba(51,77,128,1)
23,21: (51,77,128,255)  #334D80FF  srgba(51,77,128,1)
24,21: (51,77,128,255)  #334D80FF  srgba(51,77,128,1)
25,21: (51,77,128,255)  #334D80FF  srgba(51,77,128,1)
26,21: (51,77,128,255)  #334D80FF  srgba(51,77,128,1)
27,21: (51,77,128,255)  #334D80FF  srgba(51,77,128,1)
28,21: (51,77,128,255)  #334D80FF  srgba(51,77,128,1)
29,21: (51,77,128,255)  #334D80FF  srgba(51,77,128,1)
30,21: (51,77,128,255)  #334D80FF  srgba(51,77,128,1)
31,21: (51,77,128,255)  #334D80FF  srgba(51,77,128,1)
32,21: (51,77,128,255)  #334D80FF  srgba(51,77,128,1)
33,21: (51,77,128,255)  #334D80FF  srgba(51,77,128,1)
34,21: (51,77,128,255)  #334D80FF  srgba(51,77,128,1)
35,21: (51,77,128,255)  #334D80FF  srgba(51,77,128,1)
36,21: (51,77,128,255)  #334D80FF  srgba(51,77,128,1)
37,21: (51,77,128,255)  #334D80FF  srgba(51,77,128,1)
38,21: (51,77,128,255)  #334D80FF  srgba(51,77,128,1)
39,21: (51,77,128,255)  #334D80FF  srgba(51,77,128,1)
40,21: (51,77,128,255)  #334D80FF  srgba(51,77,128,1)
41,21: (51,77,128,255)  #334D80FF  srgba(51,77,128,1)
42,21: (51,77,128,255)  #334D80FF  srgba(51,77,128,1)
43,21: (51,77,128,255)  #334D80FF  srgba(51,77,128,1)
44,21: (51,77,128,255)  #334D80FF  srgba(51,77,128,1)
45,21: (51,77,128,255)  #334D80FF  srgba(51,77,128,1)
46,21: (51,77,128,255)  #334D80FF  srgba(51,77,128,1)
47,21: (51,77,128,255)  #334D80FF  srgba(51,77,128,1)
48,21: (51,77,128,255)  #334D80FF  srgba(51,77,128,1)
49,21: (51,77,128,255)  #334D80FF  srgba(51,77,128,1)
50,21: (51,77,128,255)  #334D80FF  srgba(51,77,128,1)
51,21: (51,77,128,255)  #334D80FF  srgba(51,77,128,1)
52,21: (51,77,128,255)  #334D80FF  srgba(51,77,128,1)
53,21: (51,77,128,255)  #334D80FF  srgba(51,77,128,1)
54,21: (51,77,128,255)  #334D80FF  srgba(51,77,128,1)
55,21: (51,77,128,255)  #334D80FF  srgba(51,77,128,1)
56,21: (51,77,128,255)  #334D80FF  srgba(51,77,128,1)
57,21: (51,77,128,255)  #334D80FF  srgba(51,77,128,1)
58,21: (51,77,128,255)  #334D80FF  srgba(51,77,128,1)
59,21: (51,77,128,255)  #334D80FF  srgba(51,77,128,1)
60,21: (51,77,128,255)  #334D80FF  srgba(51,77,128,1)
61,21: (51,77,128,255)  #334D80FF  srgba(51,77,128,1)
62,21: (51,77,128,255)  #334D80FF  srgba(51,77,128,1)
63,21: (51,77,128,255)  #334D80FF  srgba(51,77,128,1)
64,21: (51,77,128,255)  #334D80FF  srgba(51,77,128,1)
65,21: (51,77,128,255)  #334D80FF  srgba(51,77,128,1)
66,21: (51,77,128,255)  #334D80FF  srgba(51,77,128,1)
67,21: (51,77,128,255)  #334D80FF  srgba(51,77,128,1)
68,21: (51,77,128,255)  #334D80FF  srgba(51,77,128,1)
69,21: (51,77,128,255)  #334D80FF  srgba(51,77,128,1)
70,21: (51,77,128,255)  #334D80FF  srgba(51,77,128,1)
71,21: (51,77,128,255)  #334D80FF  srgba(51,77,128,1)
72,21: (51,77,128,255)  #334D80FF  srgba(51,77,128,1)
73,21: (51,77,128,255)  #334D80FF  srgba(51,77,128,1)
74,21: (51,77,128,255)  #334D80FF  srgba(51,77,128,1)
75,21: (51,77,128,255)  #334D80FF  srgba(51,77,128,1)
76,21: (51,77,128,255)  #334D80FF  srgba(51,77,128,1)
77,21: (51,77,128,255)  #334D80FF  srgba(51,77,128,1)
78,21: (51,77,128,255)  #334D80FF  srgba(51,77,128,1)
79,21: (51,77,128,255)  #334D80FF  srgba(51,77,128,1)
80,21: (51,77,128,255)  #334D80FF  srgba(51,77,128,1)
81,21: (51,77,128,255)  #334D80FF  srgba(51,77,128,1)
82,21: (51,77,128,255)  #334D80FF  srgba(51,77,128,1)
83,21: (51,77,128,255)  #334D80FF  srgba(51,77,128,1)
84,21: (51,77,128,255)  #334D80FF  srgba(51,77,128,1)
85,21: (51,77,128,255)  #334D80FF  srgba(51,77,128,1)
86,21: (51,77,128,255)  #334D80FF  srgba(51,77,128,1)
87,21: (51,77,128,255)  #334D80FF  srgba(51,77,128,1)
88,21: (51,77,128,255)  #334D80FF  srgba(51,77,128,1)
89,21: (51,77,128,255)  #334D80FF  srgba(51,77,128,1)
90,21: (51,77,128,255)  #334D80FF  srgba(51,77,128,1)
91,21: (51,77,128,255)  #334D80FF  srgba(51,77,128,1)
92,21: (51,77,128,255)  #334D80FF  srgba(51,77,128,1)
93,21: (51,77,128,255)  #334D80FF  srgba(51,77,128,1)
94,21: (51,77,128,255)  #334D80FF  srgba(51,77,128,1)
95,21: (51,77,128,255)  #334D80FF  srgba(51,77,128,1)
96,21: (51,77,128,255)  #334D80FF  srgba(51,77,128,1)
97,21: (51,77,128,255)  #334D80FF  srgba(51,77,128,1)
98,21: (51,77,128,255)  #334D80FF  srgba(51,77,128,1)
99,21: (51,77,128,255)  #334D80FF  srgba(51,77,128,1)
0,22: (51,77,128,255)  #334D80FF  srgba(51,77,128,1)
1,22: (51,77,128,255)  #334D80FF  srgba(51,77,128,1)
2,22: (51,77,128,255)  #334D80FF  srgba(51,77,128,1)
3,22: (51,77,128,255)  #334D80FF  srgba(51,77,128,1)
4,22: (51,77,128,255)  #334D80FF  srgba(51,77,128,1)
5,22: (51,77,128,255)  #334D80FF  srgba(51,77,128,1)
6,22: (51,77,128,255)  #334D80FF  srgba(51,77,128,1)
7,22: (51,77,128,255)  #334D80FF  srgba(51,77,128,1)
8,22: (51,77,128,255)  #334D80FF  srgba(51,77,128,1)
9,22: (51,77,128,255)  #334D80FF  srgba(51,77,128,1)
10,22: (51,77,128,255)  #334D80FF  srgba(51,77,128,1)
11,22: (51,77,128,255)  #334D80FF  srgba(51,77,128,1)
12,22: (51,77,128,255)  #334D80FF  srgba(51,77,128,1)
13,22: (51,77,128,255)  #334D80FF  srgba(51,77,128,1)
14,22: (51,77,128,255)  #334D80FF  srgba(51,77,128,1)
15,22: (51,77,128,255)  #334D80FF  srgba(51,77,128,1)
16,22: (51,77,128,255)  #334D80FF  srgba(51,77,128,1)
17,22: (51,77,128,255)  #334D80FF  srgba(51,77,128,1)
18,22: (51,77,128,255)  #334D80FF  srgba(51,77,128,1)
19,22: (51,77,128,255)  #334D80FF  srgba(51,77,128,1)
20,22: (51,77,128,255)  #334D80FF  srgba(51,77,128,1)
21,22: (51,77,128,255)  #334D80FF  srgba(51,77,128,1)
22,22: (51,77,128,255)  #334D80FF  srgba(51,77,128,1)
23,22: (51,77,128,255)  #334D80FF  srgba(51,77,128,1)
24,22: (51,77,128,255)  #334D80FF  srgba(51,77,128,1)
25,22: (51,77,128,255)  #334D80FF  srgba(51,77,128,1)
26,22: (51,77,128,255)  #334D80FF  srgba(51,77,128,1)
27,22: (51,77,128,255)  #334D80FF  srgba(51,77,128,1)
28,22: (51,77,128,255)  #334D80FF  srgba(51,77,128,1)
29,22: (51,77,128,255)  #334D80FF  srgba(51,77,128,1)
30,22: (51,77,128,255)  #334D80FF  srgba(51,77,128,1)
31,22: (51,77,128,255)  #334D80FF  srgba(51,77,128,1)
32,22: (51,77,128,255)  #334D80FF  srgba(51,77,128,1)
33,22: (51,77,128,255)  #334D80FF  srgba(51,77,128,1)
34,22: (51,77,128,255)  #334D80FF  srgba(51,77,128,1)
35,22: (51,77,128,255)  #334D80FF  srgba(51,77,128,1)
36,22: (51,77,128,255)  #334D80FF  srgba(51,77,128,1)
37,22: (51,77,128,255)  #334D80FF  srgba(51,77,128,1)
38,22: (51,77,128,255)  #334D80FF  srgba(51,77,128,1)
39,22: (51,77,128,255)  #334D80FF  srgba(51,77,128,1)
40,22: (51,77,128,255)  #334D80FF  srgba(51,77,128,1)
41,22: (51,77,128,255)  #334D80FF  srgba(51,77,128,1)
42,22: (51,77,128,255)  #334D80FF  srgba(51,77,128,1)
43,22: (51,77,128,255)  #334D80FF  srgba(51,77,128,1)
44,22: (51,77,128,255)  #334D80FF  srgba(51,77,128,1)
45,22: (51,77,128,255)  #334D80FF  srgba(51,77,128,1)
46,22: (51,77,128,255)  #334D80FF  srgba(51,77,128,1)
47,22: (51,77,128,255)  #334D80FF  srgba(51,77,128,1)
48,22: (51,77,128,255)  #334D80FF  srgba(51,77,128,1)
49,22: (51,77,128,255)  #334D80FF  srgba(51,77,128,1)
50,22: (51,77,128,255)  #334D80FF  srgba(51,77,128,1)
51,22: (51,77,128,255)  #334D80FF  srgba(51,77,128,1)
52,22: (51,77,128,255)  #334D80FF  srgba(51,77,128,1)
53,22: (51,77,128,255)  #334D80FF  srgba(51,77,128,1)
54,22: (51,77,128,255)  #334D80FF  srgba(51,77,128,1)
55,22: (51,77,128,255)  #334D80FF  srgba(51,77,128,1)
56,22: (51,77,128,255)  #334D80FF  srgba(51,77,128,1)
57,22: (51,77,128,255)  #334D80FF  srgba(51,77,128,1)
58,22: (51,77,128,255)  #334D80FF  srgba(51,77,128,1)
59,22: (51,77,128,255)  #334D80FF  srgba(51,77,128,1)
60,22: (51,77,128,255)  #334D80FF  srgba(51,77,128,1)
61,22: (51,77,128,255)  #334D80FF  srgba(51,77,128,1)
62,22: (51,77,128,255)  #334D80FF  srgba(51,77,128,1)
63,22: (51,77,128,255)  #334D80FF  srgba(51,77,128,1)
64,22: (51,77,128,255)  #334D80FF  srgba(51,77,128,1)
65,22: (51,77,128,255)  #334D80FF  srgba(51,77,128,1)
66,22: (51,77,128,255)  #334D80FF  srgba(51,77,128,1)
67,22: (51,77,128,255)  #334D80FF  srgba(51,77,128,1)
68,22: (51,77,128,255)  #334D80FF  srgba(51,77,128,1)
69,22: (51,77,128,255)  #334D80FF  srgba(51,77,128,1)
70,22: (51,77,128,255)  #334D80FF  srgba(51,77,128,1)
71,22: (51,77,128,255)  #334D80FF  srgba(51,77,128,1)
72,22: (51,77,128,255)  #334D80FF  srgba(51,77,128,1)
73,22: (51,77,128,255)  #334D80FF  srgba(51,77,128,1)
74,22: (51,77,128,255)  #334D80FF  srgba(51,77,128,1)
75,22: (51,77,128,255)  #334D80FF  srgba(51,77,128,1)
76,22: (51,77,128,255)  #334D80FF  srgba(51,77,128,1)
77,22: (51,77,128,255)  #334D80FF  srgba(51,77,128,1)
78,22: (51,77,128,255)  #334D80FF  srgba(51,77,128,1)
79,22: (51,77,128,255)  #334D80FF  srgba(51,77,128,1)
80,22: (51,77,128,255)  #334D80FF  srgba(51,77,128,1)
81,22: (51,77,128,255)  #334D80FF  srgba(51,77,128,1)
82,22: (51,77,128,255)  #334D80FF  srgba(51,77,128,1)
83,22: (51,77,128,255)  #334D80FF  srgba(51,77,128,1)
84,22: (51,77,128,255)  #334D80FF  srgba(51,77,128,1)
85,22: (51,77,128,255)  #334D80FF  srgba(51,77,128,1)
86,22: (51,77,128,255)  #334D80FF  srgba(51,77,128,1)
87,22: (51,77,128,255)  #334D80FF  srgba(51,77,128,1)
88,22: (51,77,128,255)  #334D80FF  srgba(51,77,128,1)
89,22: (51,77,128,255)  #334D80FF  srgba(51,77,128,1)
90,22: (51,77,128,255)  #334D80FF  srgba(51,77,128,1)
91,22: (51,77,128,255)  #334D80FF  srgba(51,77,128,1)
92,22: (51,77,128,255)  #334D80FF  srgba(51,77,128,1)
93,22: (51,77,128,255)  #334D80FF  srgba(51,77,128,1)
94,22: (51,77,128,255)  #334D80FF  srgba(51,77,128,1)
95,22: (51,77,128,255)  #334D80FF  srgba(51,77,128,1)
96,22: (51,77,128,255)  #334D80FF  srgba(51,77,128,1)
97,22: (51,77,128,255)  #334D80FF  srgba(51,77,128,1)
98,22: (51,77,128,255)  #334D80FF  srgba(51,77,128,1)
99,22: (51,77,128,255)  #334D80FF  srgba(51,77,128,1)
0,23: (51,77,128,255)  #334D80FF  srgba(51,77,128,1)
1,23: (51,77,128,255)  #334D80FF  srgba(51,77,128,1)
2,23: (51,77,128,255)  #334D80FF  srgba(51,77,128,1)
3,23: (51,77,128,255)  #334D80FF  srgba(51,77,128,1)
4,23: (51,77,128,255)  #334D80FF  srgba(51,77,128,1)
5,23: (51,77,128,255)  #334D80FF  srgba(51,77,128,1)
6,23: (51,77,128,255)  #334D80FF  srgba(51,77,128,1)
7,23: (51,77,128,255)  #334D80FF  srgba(51,77,128,1)
8,23: (51,77,128,255)  #334D80FF  srgba(51,77,128,1)
9,23: (51,77,128,255)  #334D80FF  srgba(51,77,128,1)
10,23: (51,77,128,255)  #334D80FF  srgba(51,77,128,1)
11,23: (51,77,128,255)  #334D80FF  srgba(51,77,128,1)
12,23: (51,77,128,255)  #334D80FF  srgba(51,77,128,1)
13,23: (51,77,128,255)  #334D80FF  srgba(51,77,128,1)
14,23: (51,77,128,255)  #334D80FF  srgba(51,77,128,1)
15,23: (51,77,128,255)  #334D80FF  srgba(51,77,128,1)
16,23: (51,77,128,255)  #334D80FF  srgba(51,77,128,1)
17,23: (51,77,128,255)  #334D80FF  srgba(51,77,128,1)
18,23: (51,77,128,255)  #334D80FF  srgba(51,77,128,1)
19,23: (51,77,128,255)  #334D80FF  srgba(51,77,128,1)
20,23: (51,77,128,255)  #334D80FF  srgba(51,77,128,1)
21,23: (51,77,128,255)  #334D80FF  srgba(51,77,128,1)
22,23: (51,77,128,255)  #334D80FF  srgba(51,77,128,1)
23,23: (51,77,128,255)  #334D80FF  srgba(51,77,128,1)
24,23: (51,77,128,255)  #334D80FF  srgba(51,77,128,1)
25,23: (51,77,128,255)  #334D80FF  srgba(51,77,128,1)
26,23: (51,77,128,255)  #334D80FF  srgba(51,77,128,1)
27,23: (51,77,128,255)  #334D80FF  srgba(51,77,128,1)
28,23: (51,77,128,255)  #334D80FF  srgba(51,77,128,1)
29,23: (51,77,128,255)  #334D80FF  srgba(51,77,128,1)
30,23: (51,77,128,255)  #334D80FF  srgba(51,77,128,1)
31,23: (51,77,128,255)  #334D80FF  srgba(51,77,128,1)
32,23: (51,77,128,255)  #334D80FF  srgba(51,77,128,1)
33,23: (51,77,128,255)  #334D80FF  srgba(51,77,128,1)
34,23: (51,77,128,255)  #334D80FF  srgba(51,77,128,1)
35,23: (51,77,128,255)  #334D80FF  srgba(51,77,128,1)
36,23: (51,77,128,255)  #334D80FF  srgba(51,77,128,1)
37,23: (51,77,128,255)  #334D80FF  srgba(51,77,128,1)
38,23: (51,77,128,255)  #334D80FF  srgba(51,77,128,1)
39,23: (51,77,128,255)  #334D80FF  srgba(51,77,128,1)
40,23: (51,77,128,255)  #334D80FF  srgba(51,77,128,1)
41,23: (51,77,128,255)  #334D80FF  srgba(51,77,128,1)
42,23: (51,77,128,255)  #334D80FF  srgba(51,77,128,1)
43,23: (51,77,128,255)  #334D80FF  srgba(51,77,128,1)
44,23: (51,77,128,255)  #334D80FF  srgba(51,77,128,1)
45,23: (51,77,128,255)  #334D80FF  srgba(51,77,128,1)
46,23: (51,77,128,255)  #334D80FF  srgba(51,77,128,1)
47,23: (51,77,128,255)  #334D80FF  srgba(51,77,128,1)
48,23: (51,77,128,255)  #334D80FF  srgba(51,77,128,1)
49,23: (51,77,128,255)  #334D80FF  srgba(51,77,128,1)
50,23: (51,77,128,255)  #334D80FF  srgba(51,77,128,1)
51,23: (51,77,128,255)  #334D80FF  srgba(51,77,128,1)
52,23: (51,77,128,255)  #334D80FF  srgba(51,77,128,1)
53,23: (51,77,128,255)  #334D80FF  srgba(51,77,128,1)
54,23: (51,77,128,255)  #334D80FF  srgba(51,77,128,1)
55,23: (51,77,128,255)  #334D80FF  srgba(51,77,128,1)
56,23: (51,77,128,255)  #334D80FF  srgba(51,77,128,1)
57,23: (51,77,128,255)  #334D80FF  srgba(51,77,128,1)
58,23: (51,77,128,255)  #334D80FF  srgba(51,77,128,1)
59,23: (51,77,128,255)  #334D80FF  srgba(51,77,128,1)
60,23: (51,77,128,255)  #334D80FF  srgba(51,77,128,1)
61,23: (51,77,128,255)  #334D80FF  srgba(51,77,128,1)
62,23: (51,77,128,255)  #334D80FF  srgba(51,77,128,1)
63,23: (51,77,128,255)  #334D80FF  srgba(51,77,128,1)
64,23: (51,77,128,255)  #334D80FF  srgba(51,77,128,1)
65,23: (51,77,128,255)  #334D80FF  srgba(51,77,128,1)
66,23: (51,77,128,255)  #334D80FF  srgba(51,77,128,1)
67,23: (51,77,128,255)  #334D80FF  srgba(51,77,128,1)
68,23: (51,77,128,255)  #334D80FF  srgba(51,77,128,1)
69,23: (51,77,128,255)  #334D80FF  srgba(51,77,128,1)
70,23: (51,77,128,255)  #334D80FF  srgba(51,77,128,1)
71,23: (51,77,128,255)  #334D80FF  srgba(51,77,128,1)
72,23: (51,77,128,255)  #334D80FF  srgba(51,77,128,1)
73,23: (51,77,128,255)  #334D80FF  srgba(51,77,128,1)
74,23: (51,77,128,255)  #334D80FF  srgba(51,77,128,1)
75,23: (51,77,128,255)  #334D80FF  srgba(51,77,128,1)
76,23: (51,77,128,255)  #334D80FF  srgba(51,77,128,1)
77,23: (51,77,128,255)  #334D80FF  srgba(51,77,128,1)
78,23: (51,77,128,255)  #334D80FF  srgba(51,77,128,1)
79,23: (51,77,128,255)  #334D80FF  srgba(51,77,128,1)
80,23: (51,77,128,255)  #334D80FF  srgba(51,77,128,1)
81,23: (51,77,128,255)  #334D80FF  srgba(51,77,128,1)
82,23: (51,77,128,255)  #334D80FF  srgba(51,77,128,1)
83,23: (51,77,128,255)  #334D80FF  srgba(51,77,128,1)
84,23: (51,77,128,255)  #334D80FF  srgba(51,77,128,1)
85,23: (51,77,128,255)  #334D80FF  srgba(51,77,128,1)
86,23: (51,77,128,255)  #334D80FF  srgba(51,77,128,1)
87,23: (51,77,128,255)  #334D80FF  srgba(51,77,128,1)
88,23: (51,77,128,255)  #334D80FF  srgba(51,77,128,1)
89,23: (51,77,128,255)  #334D80FF  srgba(51,77,128,1)
90,23: (51,77,128,255)  #334D80FF  srgba(51,77,128,1)
91,23: (51,77,128,255)  #334D80FF  srgba(51,77,128,1)
92,23: (51,77,128,255)  #334D80FF  srgba(51,77,128,1)
93,23: (51,77,128,255)  #334D80FF  srgba(51,77,128,1)
94,23: (51,77,128,255)  #334D80FF  srgba(51,77,128,1)
95,23: (51,77,128,255)  #334D80FF  srgba(51,77,128,1)
96,23: (51,77,128,255)  #334D80FF  srgba(51,77,128,1)
97,23: (51,77,128,255)  #334D80FF  srgba(51,77,128,1)
98,23: (51,77,128,255)  #334D80FF  srgba(51,77,128,1)
99,23: (51,77,128,255)  #334D80FF  srgba(51,77,128,1)
0,24: (51,77,128,255)  #334D80FF  srgba(51,77,128,1)
1,24: (51,77,128,255)  #334D80FF  srgba(51,77,128,1)
2,24: (51,77,128,255)  #334D80FF  srgba(51,77,128,1)
3,24: (51,77,128,255)  #334D80FF  srgba(51,77,128,1)
4,24: (51,77,128,255)  #334D80FF  srgba(51,77,128,1)
5,24: (51,77,128,255)  #334D80FF  srgba(51,77,128,1)
6,24: (51,77,128,255)  #334D80FF  srgba(51,77,128,1)
7,24: (51,77,128,255)  #334D80FF  srgba(51,77,128,1)
8,24: (51,77,128,255)  #334D80FF  srgba(51,77,128,1)
9,24: (51,77,128,255)  #334D80FF  srgba(51,77,128,1)
10,24: (51,77,128,255)  #334D80FF  srgba(51,77,128,1)
11,24: (51,77,128,255)  #334D80FF  srgba(51,77,128,1)
12,24: (51,77,128,255)  #334D80FF  srgba(51,77,128,1)
13,24: (51,77,128,255)  #334D80FF  srgba(51,77,128,1)
14,24: (51,77,128,255)  #334D80FF  srgba(51,77,128,1)
15,24: (51,77,128,255)  #334D80FF  srgba(51,77,128,1)
16,24: (51,77,128,255)  #334D80FF  srgba(51,77,128,1)
17,24: (51,77,128,255)  #334D80FF  srgba(51,77,128,1)
18,24: (51,77,128,255)  #334D80FF  srgba(51,77,128,1)
19,24: (51,77,128,255)  #334D80FF  srgba(51,77,128,1)
20,24: (51,77,128,255)  #334D80FF  srgba(51,77,128,1)
21,24: (51,77,128,255)  #334D80FF  srgba(51,77,128,1)
22,24: (51,77,128,255)  #334D80FF  srgba(51,77,128,1)
23,24: (51,77,128,255)  #334D80FF  srgba(51,77,128,1)
24,24: (51,77,128,255)  #334D80FF  srgba(51,77,128,1)
25,24: (51,77,128,255)  #334D80FF  srgba(51,77,128,1)
26,24: (51,77,128,255)  #334D80FF  srgba(51,77,128,1)
27,24: (51,77,128,255)  #334D80FF  srgba(51,77,128,1)
28,24: (51,77,128,255)  #334D80FF  srgba(51,77,128,1)
29,24: (51,77,128,255)  #334D80FF  srgba(51,77,128,1)
30,24: (51,77,128,255)  #334D80FF  srgba(51,77,128,1)
31,24: (51,77,128,255)  #334D80FF  srgba(51,77,128,1)
32,24: (51,77,128,255)  #334D80FF  srgba(51,77,128,1)
33,24: (51,77,128,255)  #334D80FF  srgba(51,77,128,1)
34,24: (51,77,128,255)  #334D80FF  srgba(51,77,128,1)
35,24: (51,77,128,255)  #334D80FF  srgba(51,77,128,1)
36,24: (51,77,128,255)  #334D80FF  srgba(51,77,128,1)
37,24: (51,77,128,255)  #334D80FF  srgba(51,77,128,1)
38,24: (51,77,128,255)  #334D80FF  srgba(51,77,128,1)
39,24: (51,77,128,255)  #334D80FF  srgba(51,77,128,1)
40,24: (51,77,128,255)  #334D80FF  srgba(51,77,128,1)
41,24: (51,77,128,255)  #334D80FF  srgba(51,77,128,1)
42,24: (51,77,128,255)  #334D80FF  srgba(51,77,128,1)
43,24: (51,77,128,255)  #334D80FF  srgba(51,77,128,1)
44,24: (51,77,128,255)  #334D80FF  srgba(51,77,128,1)
45,24: (51,77,128,255)  #334D80FF  srgba(51,77,128,1)
46,24: (51,77,128,255)  #334D80FF  srgba(51,77,128,1)
47,24: (51,77,128,255)  #334D80FF  srgba(51,77,128,1)
48,24: (51,77,128,255)  #334D80FF  srgba(51,77,128,1)
49,24: (51,77,128,255)  #334D80FF  srgba(51,77,128,1)
50,24: (51,77,128,255)  #334D80FF  srgba(51,77,128,1)
51,24: (51,77,128,255)  #334D80FF  srgba(51,77,128,1)
52,24: (51,77,128,255)  #334D80FF  srgba(51,77,128,1)
53,24: (51,77,128,255)  #334D80FF  srgba(51,77,128,1)
54,24: (51,77,128,255)  #334D80FF  srgba(51,77,128,1)
55,24: (51,77,128,255)  #334D80FF  srgba(51,77,128,1)
56,24: (51,77,128,255)  #334D80FF  srgba(51,77,128,1)
57,24: (51,77,128,255)  #334D80FF  srgba(51,77,128,1)
58,24: (51,77,128,255)  #334D80FF  srgba(51,77,128,1)
59,24: (51,77,128,255)  #334D80FF  srgba(51,77,128,1)
60,24: (51,77,128,255)  #334D80FF  srgba(51,77,128,1)
61,24: (51,77,128,255)  #334D80FF  srgba(51,77,128,1)
62,24: (51,77,128,255)  #334D80FF  srgba(51,77,128,1)
63,24: (51,77,128,255)  #334D80FF  srgba(51,77,128,1)
64,24: (51,77,128,255)  #334D80FF  srgba(51,77,128,1)
65,24: (51,77,128,255)  #334D80FF  srgba(51,77,128,1)
66,24: (51,77,128,255)  #334D80FF  srgba(51,77,128,1)
67,24: (51,77,128,255)  #334D80FF  srgba(51,77,128,1)
68,24: (51,77,128,255)  #334D80FF  srgba(51,77,128,1)
69,24: (51,77,128,255)  #334D80FF  srgba(51,77,128,1)
70,24: (51,77,128,255)  #334D80FF  srgba(51,77,128,1)
71,24: (51,77,128,255)  #334D80FF  srgba(51,77,128,1)
72,24: (51,77,128,255)  #334D80FF  srgba(51,77,128,1)
73,24: (51,77,128,255)  #334D80FF  srgba(51,77,128,1)
74,24: (51,77,128,255)  #334D80FF  srgba(51,77,128,1)
75,24: (51,77,128,255)  #334D80FF  srgba(51,77,128,1)
76,24: (51,77,128,255)  #334D80FF  srgba(51,77,128,1)
77,24: (51,77,128,255)  #334D80FF  srgba(51,77,128,1)
78,24: (51,77,128,255)  #334D80FF  srgba(51,77,128,1)
79,24: (51,77,128,255)  #334D80FF  srgba(51,77,128,1)
80,24: (51,77,128,255)  #334D80FF  srgba(51,77,128,1)
81,24: (51,77,128,255)  #334D80FF  srgba(51,77,128,1)
82,24: (51,77,128,255)  #334D80FF  srgba(51,77,128,1)
83,24: (51,77,128,255)  #334D80FF  srgba(51,77,128,1)
84,24: (51,77,128,255)  #334D80FF  srgba(51,77,128,1)
85,24: (51,77,128,255)  #334D80FF  srgba(51,77,128,1)
86,24: (51,77,128,255)  #334D80FF  srgba(51,77,128,1)
87,24: (51,77,128,255)  #334D80FF  srgba(51,77,128,1)
88,24: (51,77,128,255)  #334D80FF  srgba(51,77,128,1)
89,24: (51,77,128,255)  #334D80FF  srgba(51,77,128,1)
90,24: (51,77,128,255)  #334D80FF  srgba(51,77,128,1)
91,24: (51,77,128,255)  #334D80FF  srgba(51,77,128,1)
92,24: (51,77,128,255)  #334D80FF  srgba(51,77,128,1)
93,24: (51,77,128,255)  #334D80FF  srgba(51,77,128,1)
94,24: (51,77,128,255)  #334D80FF  srgba(51,77,128,1)
95,24: (51,77,128,255)  #334D80FF  srgba(51,77,128,1)
96,24: (51,77,128,255)  #334D80FF  srgba(51,77,128,1)
97,24: (51,77,128,255)  #334D80FF  srgba(51,77,128,1)
98,24: (51,77,128,255)  #334D80FF  srgba(51,77,128,1)
99,24: (51,77,128,255)  #334D80FF  srgba(51,77,128,1)
0,25: (51,77,128,255)  #334D80FF  srgba(51,77,128,1)
1,25: (51,77,128,255)  #334D80FF  srgba(51,77,128,1)
2,25: (51,77,128,255)  #334D80FF  srgba(51,77,128,1)
3,25: (51,77,128,255)  #334D80FF  srgba(51,77,128,1)
4,25: (51,77,128,255)  #334D80FF  srgba(51,77,128,1)
5,25: (51,77,128,255)  #334D80FF  srgba(51,77,128,1)
6,25: (51,77,128,255)  #334D80FF  srgba(51,77,128,1)
7,25: (51,77,128,255)  #334D80FF  srgba(51,77,128,1)
8,25: (51,77,128,255)  #334D80FF  srgba(51,77,128,1)
9,25: (51,77,128,255)  #334D80FF  srgba(51,77,128,1)
10,25: (51,77,128,255)  #334D80FF  srgba(51,77,128,1)
11,25: (51,77,128,255)  #334D80FF  srgba(51,77,128,1)
12,25: (51,77,128,255)  #334D80FF  srgba(51,77,128,1)
13,25: (51,77,128,255)  #334D80FF  srgba(51,77,128,1)
14,25: (51,77,128,255)  #334D80FF  srgba(51,77,128,1)
15,25: (51,77,128,255)  #334D80FF  srgba(51,77,128,1)
16,25: (51,77,128,255)  #334D80FF  srgba(51,77,128,1)
17,25: (51,77,128,255)  #334D80FF  srgba(51,77,128,1)
18,25: (51,77,128,255)  #334D80FF  srgba(51,77,128,1)
19,25: (51,77,128,255)  #334D80FF  srgba(51,77,128,1)
20,25: (51,77,128,255)  #334D80FF  srgba(51,77,128,1)
21,25: (51,77,128,255)  #334D80FF  srgba(51,77,128,1)
22,25: (51,77,128,255)  #334D80FF  srgba(51,77,128,1)
23,25: (51,77,128,255)  #334D80FF  srgba(51,77,128,1)
24,25: (51,77,128,255)  #334D80FF  srgba(51,77,128,1)
25,25: (51,77,128,255)  #334D80FF  srgba(51,77,128,1)
26,25: (51,77,128,255)  #334D80FF  srgba(51,77,128,1)
27,25: (51,77,128,255)  #334D80FF  srgba(51,77,128,1)
28,25: (51,77,128,255)  #334D80FF  srgba(51,77,128,1)
29,25: (51,77,128,255)  #334D80FF  srgba(51,77,128,1)
30,25: (51,77,128,255)  #334D80FF  srgba(51,77,128,1)
31,25: (51,77,128,255)  #334D80FF  srgba(51,77,128,1)
32,25: (51,77,128,255)  #334D80FF  srgba(51,77,128,1)
33,25: (51,77,128,255)  #334D80FF  srgba(51,77,128,1)
34,25: (51,77,128,255)  #334D80FF  srgba(51,77,128,1)
35,25: (51,77,128,255)  #334D80FF  srgba(51,77,128,1)
36,25: (51,77,128,255)  #334D80FF  srgba(51,77,128,1)
37,25: (51,77,128,255)  #334D80FF  srgba(51,77,128,1)
38,25: (51,77,128,255)  #334D80FF  srgba(51,77,128,1)
39,25: (51,77,128,255)  #334D80FF  srgba(51,77,128,1)
40,25: (51,77,128,255)  #334D80FF  srgba(51,77,128,1)
41,25: (51,77,128,255)  #334D80FF  srgba(51,77,128,1)
42,25: (51,77,128,255)  #334D80FF  srgba(51,77,128,1)
43,25: (51,77,128,255)  #334D80FF  srgba(51,77,128,1)
44,25: (51,77,128,255)  #334D80FF  srgba(51,77,128,1)
45,25: (51,77,128,255)  #334D80FF  srgba(51,77,128,1)
46,25: (51,77,128,255)  #334D80FF  srgba(51,77,128,1)
47,25: (51,77,128,255)  #334D80FF  srgba(51,77,128,1)
48,25: (51,77,128,255)  #334D80FF  srgba(51,77,128,1)
49,25: (51,77,128,255)  #334D80FF  srgba(51,77,128,1)
50,25: (51,77,128,255)  #334D80FF  srgba(51,77,128,1)
51,25: (51,77,128,255)  #334D80FF  srgba(51,77,128,1)
52,25: (51,77,128,255)  #334D80FF  srgba(51,77,128,1)
53,25: (51,77,128,255)  #334D80FF  srgba(51,77,128,1)
54,25: (51,77,128,255)  #334D80FF  srgba(51,77,128,1)
55,25: (51,77,128,255)  #334D80FF  srgba(51,77,128,1)
56,25: (51,77,128,255)  #334D80FF  srgba(51,77,128,1)
57,25: (51,77,128,255)  #334D80FF  srgba(51,77,128,1)
58,25: (51,77,128,255)  #334D80FF  srgba(51,77,128,1)
59,25: (51,77,128,255)  #334D80FF  srgba(51,77,128,1)
60,25: (51,77,128,255)  #334D80FF  srgba(51,77,128,1)
61,25: (51,77,128,255)  #334D80FF  srgba(51,77,128,1)
62,25: (51,77,128,255)  #334D80FF  srgba(51,77,128,1)
63,25: (51,77,128,255)  #334D80FF  srgba(51,77,128,1)
64,25: (51,77,128,255)  #334D80FF  srgba(51,77,128,1)
65,25: (51,77,128,255)  #334D80FF  srgba(51,77,128,1)
66,25: (51,77,128,255)  #334D80FF  srgba(51,77,128,1)
67,25: (51,77,128,255)  #334D80FF  srgba(51,77,128,1)
68,25: (51,77,128,255)  #334D80FF  srgba(51,77,128,1)
69,25: (51,77,128,255)  #334D80FF  srgba(51,77,128,1)
70,25: (51,77,128,255)  #334D80FF  srgba(51,77,128,1)
71,25: (51,77,128,255)  #334D80FF  srgba(51,77,128,1)
72,25: (51,77,128,255)  #334D80FF  srgba(51,77,128,1)
73,25: (51,77,128,255)  #334D80FF  srgba(51,77,128,1)
74,25: (51,77,128,255)  #334D80FF  srgba(51,77,128,1)
75,25: (51,77,128,255)  #334D80FF  srgba(51,77,128,1)
76,25: (51,77,128,255)  #334D80FF  srgba(51,77,128,1)
77,25: (51,77,128,255)  #334D80FF  srgba(51,77,128,1)
78,25: (51,77,128,255)  #334D80FF  srgba(51,77,128,1)
79,25: (51,77,128,255)  #334D80FF  srgba(51,77,128,1)
80,25: (51,77,128,255)  #334D80FF  srgba(51,77,128,1)
81,25: (51,77,128,255)  #334D80FF  srgba(51,77,128,1)
82,25: (51,77,128,255)  #334D80FF  srgba(51,77,128,1)
83,25: (51,77,128,255)  #334D80FF  srgba(51,77,128,1)
84,25: (51,77,128,255)  #334D80FF  srgba(51,77,128,1)
85,25: (51,77,128,255)  #334D80FF  srgba(51,77,128,1)
86,25: (51,77,128,255)  #334D80FF  srgba(51,77,128,1)
87,25: (51,77,128,255)  #334D80FF  srgba(51,77,128,1)
88,25: (51,77,128,255)  #334D80FF  srgba(51,77,128,1)
89,25: (51,77,128,255)  #334D80FF  srgba(51,77,128,1)
90,25: (51,77,128,255)  #334D80FF  srgba(51,77,128,1)
91,25: (51,77,128,255)  #334D80FF  srgba(51,77,128,1)
92,25: (51,77,128,255)  #334D80FF  srgba(51,77,128,1)
93,25: (51,77,128,255)  #334D80FF  srgba(51,77,128,1)
94,25: (51,77,128,255)  #334D80FF  srgba(51,77,128,1)
95,25: (51,77,128,255)  #334D80FF  srgba(51,77,128,1)
96,25: (51,77,128,255)  #334D80FF  srgba(51,77,128,1)
97,25: (51,77,128,255)  #334D80FF  srgba(51,77,128,1)
98,25: (51,77,128,255)  #334D80FF  srgba(51,77,128,1)
99,25: (51,77,128,255)  #334D80FF  srgba(51,77,128,1)
0,26: (51,77,128,255)  #334D80FF  srgba(51,77,128,1)
1,26: (51,77,128,255)  #334D80FF  srgba(51,77,128,1)
2,26: (51,77,128,255)  #334D80FF  srgba(51,77,128,1)
3,26: (51,77,128,255)  #334D80FF  srgba(51,77,128,1)
4,26: (51,77,128,255)  #334D80FF  srgba(51,77,128,1)
5,26: (51,77,128,255)  #334D80FF  srgba(51,77,128,1)
6,26: (51,77,128,255)  #334D80FF  srgba(51,77,128,1)
7,26: (51,77,128,255)  #334D80FF  srgba(51,77,128,1)
8,26: (51,77,128,255)  #334D80FF  srgba(51,77,128,1)
9,26: (51,77,128,255)  #334D80FF  srgba(51,77,128,1)
10,26: (51,77,128,255)  #334D80FF  srgba(51,77,128,1)
11,26: (51,77,128,255)  #334D80FF  srgba(51,77,128,1)
12,26: (51,77,128,255)  #334D80FF  srgba(51,77,128,1)
13,26: (51,77,128,255)  #334D80FF  srgba(51,77,128,1)
14,26: (51,77,128,255)  #334D80FF  srgba(51,77,128,1)
15,26: (51,77,128,255)  #334D80FF  srgba(51,77,128,1)
16,26: (51,77,128,255)  #334D80FF  srgba(51,77,128,1)
17,26: (51,77,128,255)  #334D80FF  srgba(51,77,128,1)
18,26: (51,77,128,255)  #334D80FF  srgba(51,77,128,1)
19,26: (51,77,128,255)  #334D80FF  srgba(51,77,128,1)
20,26: (51,77,128,255)  #334D80FF  srgba(51,77,128,1)
21,26: (51,77,128,255)  #334D80FF  srgba(51,77,128,1)
22,26: (51,77,128,255)  #334D80FF  srgba(51,77,128,1)
23,26: (51,77,128,255)  #334D80FF  srgba(51,77,128,1)
24,26: (51,77,128,255)  #334D80FF  srgba(51,77,128,1)
25,26: (51,77,128,255)  #334D80FF  srgba(51,77,128,1)
26,26: (51,77,128,255)  #334D80FF  srgba(51,77,128,1)
27,26: (51,77,128,255)  #334D80FF  srgba(51,77,128,1)
28,26: (51,77,128,255)  #334D80FF  srgba(51,77,128,1)
29,26: (51,77,128,255)  #334D80FF  srgba(51,77,128,1)
30,26: (51,77,128,255)  #334D80FF  srgba(51,77,128,1)
31,26: (51,77,128,255)  #334D80FF  srgba(51,77,128,1)
32,26: (51,77,128,255)  #334D80FF  srgba(51,77,128,1)
33,26: (51,77,128,255)  #334D80FF  srgba(51,77,128,1)
34,26: (51,77,128,255)  #334D80FF  srgba(51,77,128,1)
35,26: (51,77,128,255)  #334D80FF  srgba(51,77,128,1)
36,26: (51,77,128,255)  #334D80FF  srgba(51,77,128,1)
37,26: (51,77,128,255)  #334D80FF  srgba(51,77,128,1)
38,26: (51,77,128,255)  #334D80FF  srgba(51,77,128,1)
39,26: (51,77,128,255)  #334D80FF  srgba(51,77,128,1)
40,26: (51,77,128,255)  #334D80FF  srgba(51,77,128,1)
41,26: (51,77,128,255)  #334D80FF  srgba(51,77,128,1)
42,26: (51,77,128,255)  #334D80FF  srgba(51,77,128,1)
43,26: (51,77,128,255)  #334D80FF  srgba(51,77,128,1)
44,26: (51,77,128,255)  #334D80FF  srgba(51,77,128,1)
45,26: (51,77,128,255)  #334D80FF  srgba(51,77,128,1)
46,26: (51,77,128,255)  #334D80FF  srgba(51,77,128,1)
47,26: (51,77,128,255)  #334D80FF  srgba(51,77,128,1)
48,26: (51,77,128,255)  #334D80FF  srgba(51,77,128,1)
49,26: (51,77,128,255)  #334D80FF  srgba(51,77,128,1)
50,26: (51,77,128,255)  #334D80FF  srgba(51,77,128,1)
51,26: (51,77,128,255)  #334D80FF  srgba(51,77,128,1)
52,26: (51,77,128,255)  #334D80FF  srgba(51,77,128,1)
53,26: (51,77,128,255)  #334D80FF  srgba(51,77,128,1)
54,26: (51,77,128,255)  #334D80FF  srgba(51,77,128,1)
55,26: (51,77,128,255)  #334D80FF  srgba(51,77,128,1)
56,26: (51,77,128,255)  #334D80FF  srgba(51,77,128,1)
57,26: (51,77,128,255)  #334D80FF  srgba(51,77,128,1)
58,26: (51,77,128,255)  #334D80FF  srgba(51,77,128,1)
59,26: (51,77,128,255)  #334D80FF  srgba(51,77,128,1)
60,26: (51,77,128,255)  #334D80FF  srgba(51,77,128,1)
61,26: (51,77,128,255)  #334D80FF  srgba(51,77,128,1)
62,26: (51,77,128,255)  #334D80FF  srgba(51,77,128,1)
63,26: (51,77,128,255)  #334D80FF  srgba(51,77,128,1)
64,26: (51,77,128,255)  #334D80FF  srgba(51,77,128,1)
65,26: (51,77,128,255)  #334D80FF  srgba(51,77,128,1)
66,26: (51,77,128,255)  #334D80FF  srgba(51,77,128,1)
67,26: (51,77,128,255)  #334D80FF  srgba(51,77,128,1)
68,26: (51,77,128,255)  #334D80FF  srgba(51,77,128,1)
69,26: (51,77,128,255)  #334D80FF  srgba(51,77,128,1)
70,26: (51,77,128,255)  #334D80FF  srgba(51,77,128,1)
71,26: (51,77,128,255)  #334D80FF  srgba(51,77,128,1)
72,26: (51,77,128,255)  #334D80FF  srgba(51,77,128,1)
73,26: (51,77,128,255)  #334D80FF  srgba(51,77,128,1)
74,26: (51,77,128,255)  #334D80FF  srgba(51,77,128,1)
75,26: (51,77,128,255)  #334D80FF  srgba(51,77,128,1)
76,26: (51,77,128,255)  #334D80FF  srgba(51,77,128,1)
77,26: (51,77,128,255)  #334D80FF  srgba(51,77,128,1)
78,26: (51,77,128,255)  #334D80FF  srgba(51,77,128,1)
79,26: (51,77,128,255)  #334D80FF  srgba(51,77,128,1)
80,26: (51,77,128,255)  #334D80FF  srgba(51,77,128,1)
81,26: (51,77,128,255)  #334D80FF  srgba(51,77,128,1)
82,26: (51,77,128,255)  #334D80FF  srgba(51,77,128,1)
83,26: (51,77,128,255)  #334D80FF  srgba(51,77,128,1)
84,26: (51,77,128,255)  #334D80FF  srgba(51,77,128,1)
85,26: (51,77,128,255)  #334D80FF  srgba(51,77,128,1)
86,26: (51,77,128,255)  #334D80FF  srgba(51,77,128,1)
87,26: (51,77,128,255)  #334D80FF  srgba(51,77,128,1)
88,26: (51,77,128,255)  #334D80FF  srgba(51,77,128,1)
89,26: (51,77,128,255)  #334D80FF  srgba(51,77,128,1)
90,26: (51,77,128,255)  #334D80FF  srgba(51,77,128,1)
91,26: (51,77,128,255)  #334D80FF  srgba(51,77,128,1)
92,26: (51,77,128,255)  #334D80FF  srgba(51,77,128,1)
93,26: (51,77,128,255)  #334D80FF  srgba(51,77,128,1)
94,26: (51,77,128,255)  #334D80FF  srgba(51,77,128,1)
95,26: (51,77,128,255)  #334D80FF  srgba(51,77,128,1)
96,26: (51,77,128,255)  #334D80FF  srgba(51,77,128,1)
97,26: (51,77,128,255)  #334D80FF  srgba(51,77,128,1)
98,26: (51,77,128,255)  #334D80FF  srgba(51,77,128,1)
99,26: (51,77,128,255)  #334D80FF  srgba(51,77,128,1)
0,27: (51,77,128,255)  #334D80FF  srgba(51,77,128,1)
1,27: (51,77,128,255)  #334D80FF  srgba(51,77,128,1)
2,27: (51,77,128,255)  #334D80FF  srgba(51,77,128,1)
3,27: (51,77,128,255)  #334D80FF  srgba(51,77,128,1)
4,27: (51,77,128,255)  #334D80FF  srgba(51,77,128,1)
5,27: (51,77,128,255)  #334D80FF  srgba(51,77,128,1)
6,27: (51,77,128,255)  #334D80FF  srgba(51,77,128,1)
7,27: (51,77,128,255)  #334D80FF  srgba(51,77,128,1)
8,27: (51,77,128,255)  #334D80FF  srgba(51,77,128,1)
9,27: (51,77,128,255)  #334D80FF  srgba(51,77,128,1)
10,27: (51,77,128,255)  #334D80FF  srgba(51,77,128,1)
11,27: (51,77,128,255)  #334D80FF  srgba(51,77,128,1)
12,27: (51,77,128,255)  #334D80FF  srgba(51,77,128,1)
13,27: (51,77,128,255)  #334D80FF  srgba(51,77,128,1)
14,27: (51,77,128,255)  #334D80FF  srgba(51,77,128,1)
15,27: (51,77,128,255)  #334D80FF  srgba(51,77,128,1)
16,27: (51,77,128,255)  #334D80FF  srgba(51,77,128,1)
17,27: (51,77,128,255)  #334D80FF  srgba(51,77,128,1)
18,27: (51,77,128,255)  #334D80FF  srgba(51,77,128,1)
19,27: (51,77,128,255)  #334D80FF  srgba(51,77,128,1)
20,27: (51,77,128,255)  #334D80FF  srgba(51,77,128,1)
21,27: (51,77,128,255)  #334D80FF  srgba(51,77,128,1)
22,27: (51,77,128,255)  #334D80FF  srgba(51,77,128,1)
23,27: (51,77,128,255)  #334D80FF  srgba(51,77,128,1)
24,27: (51,77,128,255)  #334D80FF  srgba(51,77,128,1)
25,27: (51,77,128,255)  #334D80FF  srgba(51,77,128,1)
26,27: (51,77,128,255)  #334D80FF  srgba(51,77,128,1)
27,27: (51,77,128,255)  #334D80FF  srgba(51,77,128,1)
28,27: (51,77,128,255)  #334D80FF  srgba(51,77,128,1)
29,27: (51,77,128,255)  #334D80FF  srgba(51,77,128,1)
30,27: (51,77,128,255)  #334D80FF  srgba(51,77,128,1)
31,27: (51,77,128,255)  #334D80FF  srgba(51,77,128,1)
32,27: (51,77,128,255)  #334D80FF  srgba(51,77,128,1)
33,27: (51,77,128,255)  #334D80FF  srgba(51,77,128,1)
34,27: (51,77,128,255)  #334D80FF  srgba(51,77,128,1)
35,27: (51,77,128,255)  #334D80FF  srgba(51,77,128,1)
36,27: (51,77,128,255)  #334D80FF  srgba(51,77,128,1)
37,27: (51,77,128,255)  #334D80FF  srgba(51,77,128,1)
38,27: (51,77,128,255)  #334D80FF  srgba(51,77,128,1)
39,27: (51,77,128,255)  #334D80FF  srgba(51,77,128,1)
40,27: (51,77,128,255)  #334D80FF  srgba(51,77,128,1)
41,27: (51,77,128,255)  #334D80FF  srgba(51,77,128,1)
42,27: (51,77,128,255)  #334D80FF  srgba(51,77,128,1)
43,27: (51,77,128,255)  #334D80FF  srgba(51,77,128,1)
44,27: (51,77,128,255)  #334D80FF  srgba(51,77,128,1)
45,27: (51,77,128,255)  #334D80FF  srgba(51,77,128,1)
46,27: (51,77,128,255)  #334D80FF  srgba(51,77,128,1)
47,27: (51,77,128,255)  #334D80FF  srgba(51,77,128,1)
48,27: (51,77,128,255)  #334D80FF  srgba(51,77,128,1)
49,27: (51,77,128,255)  #334D80FF  srgba(51,77,128,1)
50,27: (51,77,128,255)  #334D80FF  srgba(51,77,128,1)
51,27: (51,77,128,255)  #334D80FF  srgba(51,77,128,1)
52,27: (51,77,128,255)  #334D80FF  srgba(51,77,128,1)
53,27: (51,77,128,255)  #334D80FF  srgba(51,77,128,1)
54,27: (51,77,128,255)  #334D80FF  srgba(51,77,128,1)
55,27: (51,77,128,255)  #334D80FF  srgba(51,77,128,1)
56,27: (51,77,128,255)  #334D80FF  srgba(51,77,128,1)
57,27: (51,77,128,255)  #334D80FF  srgba(51,77,128,1)
58,27: (51,77,128,255)  #334D80FF  srgba(51,77,128,1)
59,27: (51,77,128,255)  #334D80FF  srgba(51,77,128,1)
60,27: (51,77,128,255)  #334D80FF  srgba(51,77,128,1)
61,27: (51,77,128,255)  #334D80FF  srgba(51,77,128,1)
62,27: (51,77,128,255)  #334D80FF  srgba(51,77,128,1)
63,27: (51,77,128,255)  #334D80FF  srgba(51,77,128,1)
64,27: (51,77,128,255)  #334D80FF  srgba(51,77,128,1)
65,27: (51,77,128,255)  #334D80FF  srgba(51,77,128,1)
66,27: (51,77,128,255)  #334D80FF  srgba(51,77,128,1)
67,27: (51,77,128,255)  #334D80FF  srgba(51,77,128,1)
68,27: (51,77,128,255)  #334D80FF  srgba(51,77,128,1)
69,27: (51,77,128,255)  #334D80FF  srgba(51,77,128,1)
70,27: (51,77,128,255)  #334D80FF  srgba(51,77,128,1)
71,27: (51,77,128,255)  #334D80FF  srgba(51,77,128,1)
72,27: (51,77,128,255)  #334D80FF  srgba(51,77,128,1)
73,27: (51,77,128,255)  #334D80FF  srgba(51,77,128,1)
74,27: (51,77,128,255)  #334D80FF  srgba(51,77,128,1)
75,27: (51,77,128,255)  #334D80FF  srgba(51,77,128,1)
76,27: (51,77,128,255)  #334D80FF  srgba(51,77,128,1)
77,27: (51,77,128,255)  #334D80FF  srgba(51,77,128,1)
78,27: (51,77,128,255)  #334D80FF  srgba(51,77,128,1)
79,27: (51,77,128,255)  #334D80FF  srgba(51,77,128,1)
80,27: (51,77,128,255)  #334D80FF  srgba(51,77,128,1)
81,27: (51,77,128,255)  #334D80FF  srgba(51,77,128,1)
82,27: (51,77,128,255)  #334D80FF  srgba(51,77,128,1)
83,27: (51,77,128,255)  #334D80FF  srgba(51,77,128,1)
84,27: (51,77,128,255)  #334D80FF  srgba(51,77,128,1)
85,27: (51,77,128,255)  #334D80FF  srgba(51,77,128,1)
86,27: (51,77,128,255)  #334D80FF  srgba(51,77,128,1)
87,27: (51,77,128,255)  #334D80FF  srgba(51,77,128,1)
88,27: (51,77,128,255)  #334D80FF  srgba(51,77,128,1)
89,27: (51,77,128,255)  #334D80FF  srgba(51,77,128,1)
90,27: (51,77,128,255)  #334D80FF  srgba(51,77,128,1)
91,27: (51,77,128,255)  #334D80FF  srgba(51,77,128,1)
92,27: (51,77,128,255)  #334D80FF  srgba(51,77,128,1)
93,27: (51,77,128,255)  #334D80FF  srgba(51,77,128,1)
94,27: (51,77,128,255)  #334D80FF  srgba(51,77,128,1)
95,27: (51,77,128,255)  #334D80FF  srgba(51,77,128,1)
96,27: (51,77,128,255)  #334D80FF  srgba(51,77,128,1)
97,27: (51,77,128,255)  #334D80FF  srgba(51,77,128,1)
98,27: (51,77,128,255)  #334D80FF  srgba(51,77,128,1)
99,27: (51,77,128,255)  #334D80FF  srgba(51,77,128,1)
0,28: (51,77,128,255)  #334D80FF  srgba(51,77,128,1)
1,28: (51,77,128,255)  #334D80FF  srgba(51,77,128,1)
2,28: (51,77,128,255)  #334D80FF  srgba(51,77,128,1)
3,28: (51,77,128,255)  #334D80FF  srgba(51,77,128,1)
4,28: (51,77,128,255)  #334D80FF  srgba(51,77,128,1)
5,28: (51,77,128,255)  #334D80FF  srgba(51,77,128,1)
6,28: (51,77,128,255)  #334D80FF  srgba(51,77,128,1)
7,28: (51,77,128,255)  #334D80FF  srgba(51,77,128,1)
8,28: (51,77,128,255)  #334D80FF  srgba(51,77,128,1)
9,28: (51,77,128,255)  #334D80FF  srgba(51,77,128,1)
10,28: (51,77,128,255)  #334D80FF  srgba(51,77,128,1)
11,28: (51,77,128,255)  #334D80FF  srgba(51,77,128,1)
12,28: (51,77,128,255)  #334D80FF  srgba(51,77,128,1)
13,28: (51,77,128,255)  #334D80FF  srgba(51,77,128,1)
14,28: (51,77,128,255)  #334D80FF  srgba(51,77,128,1)
15,28: (51,77,128,255)  #334D80FF  srgba(51,77,128,1)
16,28: (51,77,128,255)  #334D80FF  srgba(51,77,128,1)
17,28: (51,77,128,255)  #334D80FF  srgba(51,77,128,1)
18,28: (51,77,128,255)  #334D80FF  srgba(51,77,128,1)
19,28: (51,77,128,255)  #334D80FF  srgba(51,77,128,1)
20,28: (51,77,128,255)  #334D80FF  srgba(51,77,128,1)
21,28: (51,77,128,255)  #334D80FF  srgba(51,77,128,1)
22,28: (51,77,128,255)  #334D80FF  srgba(51,77,128,1)
23,28: (51,77,128,255)  #334D80FF  srgba(51,77,128,1)
24,28: (51,77,128,255)  #334D80FF  srgba(51,77,128,1)
25,28: (51,77,128,255)  #334D80FF  srgba(51,77,128,1)
26,28: (51,77,128,255)  #334D80FF  srgba(51,77,128,1)
27,28: (51,77,128,255)  #334D80FF  srgba(51,77,128,1)
28,28: (51,77,128,255)  #334D80FF  srgba(51,77,128,1)
29,28: (51,77,128,255)  #334D80FF  srgba(51,77,128,1)
30,28: (51,77,128,255)  #334D80FF  srgba(51,77,128,1)
31,28: (51,77,128,255)  #334D80FF  srgba(51,77,128,1)
32,28: (51,77,128,255)  #334D80FF  srgba(51,77,128,1)
33,28: (51,77,128,255)  #334D80FF  srgba(51,77,128,1)
34,28: (51,77,128,255)  #334D80FF  srgba(51,77,128,1)
35,28: (51,77,128,255)  #334D80FF  srgba(51,77,128,1)
36,28: (51,77,128,255)  #334D80FF  srgba(51,77,128,1)
37,28: (51,77,128,255)  #334D80FF  srgba(51,77,128,1)
38,28: (51,77,128,255)  #334D80FF  srgba(51,77,128,1)
39,28: (51,77,128,255)  #334D80FF  srgba(51,77,128,1)
40,28: (51,77,128,255)  #334D80FF  srgba(51,77,128,1)
41,28: (51,77,128,255)  #334D80FF  srgba(51,77,128,1)
42,28: (51,77,128,255)  #334D80FF  srgba(51,77,128,1)
43,28: (51,77,128,255)  #334D80FF  srgba(51,77,128,1)
44,28: (51,77,128,255)  #334D80FF  srgba(51,77,128,1)
45,28: (51,77,128,255)  #334D80FF  srgba(51,77,128,1)
46,28: (51,77,128,255)  #334D80FF  srgba(51,77,128,1)
47,28: (51,77,128,255)  #334D80FF  srgba(51,77,128,1)
48,28: (51,77,128,255)  #334D80FF  srgba(51,77,128,1)
49,28: (51,77,128,255)  #334D80FF  srgba(51,77,128,1)
50,28: (51,77,128,255)  #334D80FF  srgba(51,77,128,1)
51,28: (51,77,128,255)  #334D80FF  srgba(51,77,128,1)
52,28: (51,77,128,255)  #334D80FF  srgba(51,77,128,1)
53,28: (51,77,128,255)  #334D80FF  srgba(51,77,128,1)
54,28: (51,77,128,255)  #334D80FF  srgba(51,77,128,1)
55,28: (51,77,128,255)  #334D80FF  srgba(51,77,128,1)
56,28: (51,77,128,255)  #334D80FF  srgba(51,77,128,1)
57,28: (51,77,128,255)  #334D80FF  srgba(51,77,128,1)
58,28: (51,77,128,255)  #334D80FF  srgba(51,77,128,1)
59,28: (51,77,128,255)  #334D80FF  srgba(51,77,128,1)
60,28: (51,77,128,255)  #334D80FF  srgba(51,77,128,1)
61,28: (51,77,128,255)  #334D80FF  srgba(51,77,128,1)
62,28: (51,77,128,255)  #334D80FF  srgba(51,77,128,1)
63,28: (51,77,128,255)  #334D80FF  srgba(51,77,128,1)
64,28: (51,77,128,255)  #334D80FF  srgba(51,77,128,1)
65,28: (51,77,128,255)  #334D80FF  srgba(51,77,128,1)
66,28: (51,77,128,255)  #334D80FF  srgba(51,77,128,1)
67,28: (51,77,128,255)  #334D80FF  srgba(51,77,128,1)
68,28: (51,77,128,255)  #334D80FF  srgba(51,77,128,1)
69,28: (51,77,128,255)  #334D80FF  srgba(51,77,128,1)
70,28: (51,77,128,255)  #334D80FF  srgba(51,77,128,1)
71,28: (51,77,128,255)  #334D80FF  srgba(51,77,128,1)
72,28: (51,77,128,255)  #334D80FF  srgba(51,77,128,1)
73,28: (51,77,128,255)  #334D80FF  srgba(51,77,128,1)
74,28: (51,77,128,255)  #334D80FF  srgba(51,77,128,1)
75,28: (51,77,128,255)  #334D80FF  srgba(51,77,128,1)
76,28: (51,77,128,255)  #334D80FF  srgba(51,77,128,1)
77,28: (51,77,128,255)  #334D80FF  srgba(51,77,128,1)
78,28: (51,77,128,255)  #334D80FF  srgba(51,77,128,1)
79,28: (51,77,128,255)  #334D80FF  srgba(51,77,128,1)
80,28: (51,77,128,255)  #334D80FF  srgba(51,77,128,1)
81,28: (51,77,128,255)  #334D80FF  srgba(51,77,128,1)
82,28: (51,77,128,255)  #334D80FF  srgba(51,77,128,1)
83,28: (51,77,128,255)  #334D80FF  srgba(51,77,128,1)
84,28: (51,77,128,255)  #334D80FF  srgba(51,77,128,1)
85,28: (51,77,128,255)  #334D80FF  srgba(51,77,128,1)
86,28: (51,77,128,255)  #334D80FF  srgba(51,77,128,1)
87,28: (51,77,128,255)  #334D80FF  srgba(51,77,128,1)
88,28: (51,77,128,255)  #334D80FF  srgba(51,77,128,1)
89,28: (51,77,128,255)  #334D80FF  srgba(51,77,128,1)
90,28: (51,77,128,255)  #334D80FF  srgba(51,77,128,1)
91,28: (51,77,128,255)  #334D80FF  srgba(51,77,128,1)
92,28: (51,77,128,255)  #334D80FF  srgba(51,77,128,1)
93,28: (51,77,128,255)  #334D80FF  srgba(51,77,128,1)
94,28: (51,77,128,255)  #334D80FF  srgba(51,77,128,1)
95,28: (51,77,128,255)  #334D80FF  srgba(51,77,128,1)
96,28: (51,77,128,255)  #334D80FF  srgba(51,77,128,1)
97,28: (51,77,128,255)  #334D80FF  srgba(51,77,128,1)
98,28: (51,77,128,255)  #334D80FF  srgba(51,77,128,1)
99,28: (51,77,128,255)  #334D80FF  srgba(51,77,128,1)
0,29: (51,77,128,255)  #334D80FF  srgba(51,77,128,1)
1,29: (51,77,128,255)  #334D80FF  srgba(51,77,128,1)
2,29: (51,77,128,255)  #334D80FF  srgba(51,77,128,1)
3,29: (51,77,128,255)  #334D80FF  srgba(51,77,128,1)
4,29: (51,77,128,255)  #334D80FF  srgba(51,77,128,1)
5,29: (51,77,128,255)  #334D80FF  srgba(51,77,128,1)
6,29: (51,77,128,255)  #334D80FF  srgba(51,77,128,1)
7,29: (51,77,128,255)  #334D80FF  srgba(51,77,128,1)
8,29: (51,77,128,255)  #334D80FF  srgba(51,77,128,1)
9,29: (51,77,128,255)  #334D80FF  srgba(51,77,128,1)
10,29: (51,77,128,255)  #334D80FF  srgba(51,77,128,1)
11,29: (51,77,128,255)  #334D80FF  srgba(51,77,128,1)
12,29: (51,77,128,255)  #334D80FF  srgba(51,77,128,1)
13,29: (51,77,128,255)  #334D80FF  srgba(51,77,128,1)
14,29: (51,77,128,255)  #334D80FF  srgba(51,77,128,1)
15,29: (51,77,128,255)  #334D80FF  srgba(51,77,128,1)
16,29: (51,77,128,255)  #334D80FF  srgba(51,77,128,1)
17,29: (51,77,128,255)  #334D80FF  srgba(51,77,128,1)
18,29: (51,77,128,255)  #334D80FF  srgba(51,77,128,1)
19,29: (51,77,128,255)  #334D80FF  srgba(51,77,128,1)
20,29: (51,77,128,255)  #334D80FF  srgba(51,77,128,1)
21,29: (51,77,128,255)  #334D80FF  srgba(51,77,128,1)
22,29: (51,77,128,255)  #334D80FF  srgba(51,77,128,1)
23,29: (51,77,128,255)  #334D80FF  srgba(51,77,128,1)
24,29: (51,77,128,255)  #334D80FF  srgba(51,77,128,1)
25,29: (51,77,128,255)  #334D80FF  srgba(51,77,128,1)
26,29: (51,77,128,255)  #334D80FF  srgba(51,77,128,1)
27,29: (51,77,128,255)  #334D80FF  srgba(51,77,128,1)
28,29: (51,77,128,255)  #334D80FF  srgba(51,77,128,1)
29,29: (51,77,128,255)  #334D80FF  srgba(51,77,128,1)
30,29: (51,77,128,255)  #334D80FF  srgba(51,77,128,1)
31,29: (51,77,128,255)  #334D80FF  srgba(51,77,128,1)
32,29: (51,77,128,255)  #334D80FF  srgba(51,77,128,1)
33,29: (51,77,128,255)  #334D80FF  srgba(51,77,128,1)
34,29: (51,77,128,255)  #334D80FF  srgba(51,77,128,1)
35,29: (51,77,128,255)  #334D80FF  srgba(51,77,128,1)
36,29: (51,77,128,255)  #334D80FF  srgba(51,77,128,1)
37,29: (51,77,128,255)  #334D80FF  srgba(51,77,128,1)
38,29: (51,77,128,255)  #334D80FF  srgba(51,77,128,1)
39,29: (51,77,128,255)  #334D80FF  srgba(51,77,128,1)
40,29: (51,77,128,255)  #334D80FF  srgba(51,77,128,1)
41,29: (51,77,128,255)  #334D80FF  srgba(51,77,128,1)
42,29: (51,77,128,255)  #334D80FF  srgba(51,77,128,1)
43,29: (51,77,128,255)  #334D80FF  srgba(51,77,128,1)
44,29: (51,77,128,255)  #334D80FF  srgba(51,77,128,1)
45,29: (51,77,128,255)  #334D80FF  srgba(51,77,128,1)
46,29: (51,77,128,255)  #334D80FF  srgba(51,77,128,1)
47,29: (51,77,128,255)  #334D80FF  srgba(51,77,128,1)
48,29: (51,77,128,255)  #334D80FF  srgba(51,77,128,1)
49,29: (51,77,128,255)  #334D80FF  srgba(51,77,128,1)
50,29: (51,77,128,255)  #334D80FF  srgba(51,77,128,1)
51,29: (51,77,128,255)  #334D80FF  srgba(51,77,128,1)
52,29: (51,77,128,255)  #334D80FF  srgba(51,77,128,1)
53,29: (51,77,128,255)  #334D80FF  srgba(51,77,128,1)
54,29: (51,77,128,255)  #334D80FF  srgba(51,77,128,1)
55,29: (51,77,128,255)  #334D80FF  srgba(51,77,128,1)
56,29: (51,77,128,255)  #334D80FF  srgba(51,77,128,1)
57,29: (51,77,128,255)  #334D80FF  srgba(51,77,128,1)
58,29: (51,77,128,255)  #334D80FF  srgba(51,77,128,1)
59,29: (51,77,128,255)  #334D80FF  srgba(51,77,128,1)
60,29: (51,77,128,255)  #334D80FF  srgba(51,77,128,1)
61,29: (51,77,128,255)  #334D80FF  srgba(51,77,128,1)
62,29: (51,77,128,255)  #334D80FF  srgba(51,77,128,1)
63,29: (51,77,128,255)  #334D80FF  srgba(51,77,128,1)
64,29: (51,77,128,255)  #334D80FF  srgba(51,77,128,1)
65,29: (51,77,128,255)  #334D80FF  srgba(51,77,128,1)
66,29: (51,77,128,255)  #334D80FF  srgba(51,77,128,1)
67,29: (51,77,128,255)  #334D80FF  srgba(51,77,128,1)
68,29: (51,77,128,255)  #334D80FF  srgba(51,77,128,1)
69,29: (51,77,128,255)  #334D80FF  srgba(51,77,128,1)
70,29: (51,77,128,255)  #334D80FF  srgba(51,77,128,1)
71,29: (51,77,128,255)  #334D80FF  srgba(51,77,128,1)
72,29: (51,77,128,255)  #334D80FF  srgba(51,77,128,1)
73,29: (51,77,128,255)  #334D80FF  srgba(51,77,128,1)
74,29: (51,77,128,255)  #334D80FF  srgba(51,77,128,1)
75,29: (51,77,128,255)  #334D80FF  srgba(51,77,128,1)
76,29: (51,77,128,255)  #334D80FF  srgba(51,77,128,1)
77,29: (51,77,128,255)  #334D80FF  srgba(51,77,128,1)
78,29: (51,77,128,255)  #334D80FF  srgba(51,77,128,1)
79,29: (51,77,128,255)  #334D80FF  srgba(51,77,128,1)
80,29: (51,77,128,255)  #334D80FF  srgba(51,77,128,1)
81,29: (51,77,128,255)  #334D80FF  srgba(51,77,128,1)
82,29: (51,77,128,255)  #334D80FF  srgba(51,77,128,1)
83,29: (51,77,128,255)  #334D80FF  srgba(51,77,128,1)
84,29: (51,77,128,255)  #334D80FF  srgba(51,77,128,1)
85,29: (51,77,128,255)  #334D80FF  srgba(51,77,128,1)
86,29: (51,77,128,255)  #334D80FF  srgba(51,77,128,1)
87,29: (51,77,128,255)  #334D80FF  srgba(51,77,128,1)
88,29: (51,77,128,255)  #334D80FF  srgba(51,77,128,1)
89,29: (51,77,128,255)  #334D80FF  srgba(51,77,128,1)
90,29: (51,77,128,255)  #334D80FF  srgba(51,77,128,1)
91,29: (51,77,128,255)  #334D80FF  srgba(51,77,128,1)
92,29: (51,77,128,255)  #334D80FF  srgba(51,77,128,1)
93,29: (51,77,128,255)  #334D80FF  srgba(51,77,128,1)
94,29: (51,77,128,255)  #334D80FF  srgba(51,77,128,1)
95,29: (51,77,128,255)  #334D80FF  srgba(51,77,128,1)
96,29: (51,77,128,255)  #334D80FF  srgba(51,77,128,1)
97,29: (51,77,128,255)  #334D80FF  srgba(51,77,128,1)
98,29: (51,77,128,255)  #334D80FF  srgba(51,77,128,1)
99,29: (51,77,128,255)  #334D80FF  srgba(51,77,128,1)
0,30: (51,77,128,255)  #334D80FF  srgba(51,77,128,1)
1,30: (51,77,128,255)  #334D80FF  srgba(51,77,128,1)
2,30: (51,77,128,255)  #334D80FF  srgba(51,77,128,1)
3,30: (51,77,128,255)  #334D80FF  srgba(51,77,128,1)
4,30: (51,77,128,255)  #334D80FF  srgba(51,77,128,1)
5,30: (51,77,128,255)  #334D80FF  srgba(51,77,128,1)
6,30: (51,77,128,255)  #334D80FF  srgba(51,77,128,1)
7,30: (51,77,128,255)  #334D80FF  srgba(51,77,128,1)
8,30: (51,77,128,255)  #334D80FF  srgba(51,77,128,1)
9,30: (51,77,128,255)  #334D80FF  srgba(51,77,128,1)
10,30: (51,77,128,255)  #334D80FF  srgba(51,77,128,1)
11,30: (51,77,128,255)  #334D80FF  srgba(51,77,128,1)
12,30: (51,77,128,255)  #334D80FF  srgba(51,77,128,1)
13,30: (51,77,128,255)  #334D80FF  srgba(51,77,128,1)
14,30: (51,77,128,255)  #334D80FF  srgba(51,77,128,1)
15,30: (51,77,128,255)  #334D80FF  srgba(51,77,128,1)
16,30: (51,77,128,255)  #334D80FF  srgba(51,77,128,1)
17,30: (51,77,128,255)  #334D80FF  srgba(51,77,128,1)
18,30: (51,77,128,255)  #334D80FF  srgba(51,77,128,1)
19,30: (51,77,128,255)  #334D80FF  srgba(51,77,128,1)
20,30: (51,77,128,255)  #334D80FF  srgba(51,77,128,1)
21,30: (51,77,128,255)  #334D80FF  srgba(51,77,128,1)
22,30: (51,77,128,255)  #334D80FF  srgba(51,77,128,1)
23,30: (51,77,128,255)  #334D80FF  srgba(51,77,128,1)
24,30: (51,77,128,255)  #334D80FF  srgba(51,77,128,1)
25,30: (51,77,128,255)  #334D80FF  srgba(51,77,128,1)
26,30: (51,77,128,255)  #334D80FF  srgba(51,77,128,1)
27,30: (51,77,128,255)  #334D80FF  srgba(51,77,128,1)
28,30: (51,77,128,255)  #334D80FF  srgba(51,77,128,1)
29,30: (51,77,128,255)  #334D80FF  srgba(51,77,128,1)
30,30: (51,77,128,255)  #334D80FF  srgba(51,77,128,1)
31,30: (51,77,128,255)  #334D80FF  srgba(51,77,128,1)
32,30: (51,77,128,255)  #334D80FF  srgba(51,77,128,1)
33,30: (51,77,128,255)  #334D80FF  srgba(51,77,128,1)
34,30: (51,77,128,255)  #334D80FF  srgba(51,77,128,1)
35,30: (51,77,128,255)  #334D80FF  srgba(51,77,128,1)
36,30: (51,77,128,255)  #334D80FF  srgba(51,77,128,1)
37,30: (51,77,128,255)  #334D80FF  srgba(51,77,128,1)
38,30: (51,77,128,255)  #334D80FF  srgba(51,77,128,1)
39,30: (51,77,128,255)  #334D80FF  srgba(51,77,128,1)
40,30: (51,77,128,255)  #334D80FF  srgba(51,77,128,1)
41,30: (51,77,128,255)  #334D80FF  srgba(51,77,128,1)
42,30: (51,77,128,255)  #334D80FF  srgba(51,77,128,1)
43,30: (51,77,128,255)  #334D80FF  srgba(51,77,128,1)
44,30: (51,77,128,255)  #334D80FF  srgba(51,77,128,1)
45,30: (51,77,128,255)  #334D80FF  srgba(51,77,128,1)
46,30: (51,77,128,255)  #334D80FF  srgba(51,77,128,1)
47,30: (51,77,128,255)  #334D80FF  srgba(51,77,128,1)
48,30: (51,77,128,255)  #334D80FF  srgba(51,77,128,1)
49,30: (51,77,128,255)  #334D80FF  srgba(51,77,128,1)
50,30: (51,77,128,255)  #334D80FF  srgba(51,77,128,1)
51,30: (51,77,128,255)  #334D80FF  srgba(51,77,128,1)
52,30: (51,77,128,255)  #334D80FF  srgba(51,77,128,1)
53,30: (51,77,128,255)  #334D80FF  srgba(51,77,128,1)
54,30: (51,77,128,255)  #334D80FF  srgba(51,77,128,1)
55,30: (51,77,128,255)  #334D80FF  srgba(51,77,128,1)
56,30: (51,77,128,255)  #334D80FF  srgba(51,77,128,1)
57,30: (51,77,128,255)  #334D80FF  srgba(51,77,128,1)
58,30: (51,77,128,255)  #334D80FF  srgba(51,77,128,1)
59,30: (51,77,128,255)  #334D80FF  srgba(51,77,128,1)
60,30: (51,77,128,255)  #334D80FF  srgba(51,77,128,1)
61,30: (51,77,128,255)  #334D80FF  srgba(51,77,128,1)
62,30: (51,77,128,255)  #334D80FF  srgba(51,77,128,1)
63,30: (51,77,128,255)  #334D80FF  srgba(51,77,128,1)
64,30: (51,77,128,255)  #334D80FF  srgba(51,77,128,1)
65,30: (51,77,128,255)  #334D80FF  srgba(51,77,128,1)
66,30: (51,77,128,255)  #334D80FF  srgba(51,77,128,1)
67,30: (51,77,128,255)  #334D80FF  srgba(51,77,128,1)
68,30: (51,77,128,255)  #334D80FF  srgba(51,77,128,1)
69,30: (51,77,128,255)  #334D80FF  srgba(51,77,128,1)
70,30: (51,77,128,255)  #334D80FF  srgba(51,77,128,1)
71,30: (51,77,128,255)  #334D80FF  srgba(51,77,128,1)
72,30: (51,77,128,255)  #334D80FF  srgba(51,77,128,1)
73,30: (51,77,128,255)  #334D80FF  srgba(51,77,128,1)
74,30: (51,77,128,255)  #334D80FF  srgba(51,77,128,1)
75,30: (51,77,128,255)  #334D80FF  srgba(51,77,128,1)
76,30: (51,77,128,255)  #334D80FF  srgba(51,77,128,1)
77,30: (51,77,128,255)  #334D80FF  srgba(51,77,128,1)
78,30: (51,77,128,255)  #334D80FF  srgba(51,77,128,1)
79,30: (51,77,128,255)  #334D80FF  srgba(51,77,128,1)
80,30: (51,77,128,255)  #334D80FF  srgba(51,77,128,1)
81,30: (51,77,128,255)  #334D80FF  srgba(51,77,128,1)
82,30: (51,77,128,255)  #334D80FF  srgba(51,77,128,1)
83,30: (51,77,128,255)  #334D80FF  srgba(51,77,128,1)
84,30: (51,77,128,255)  #334D80FF  srgba(51,77,128,1)
85,30: (51,77,128,255)  #334D80FF  srgba(51,77,128,1)
86,30: (51,77,128,255)  #334D80FF  srgba(51,77,128,1)
87,30: (51,77,128,255)  #334D80FF  srgba(51,77,128,1)
88,30: (51,77,128,255)  #334D80FF  srgba(51,77,128,1)
89,30: (51,77,128,255)  #334D80FF  srgba(51,77,128,1)
90,30: (51,77,128,255)  #334D80FF  srgba(51,77,128,1)
91,30: (51,77,128,255)  #334D80FF  srgba(51,77,128,1)
92,30: (51,77,128,255)  #334D80FF  srgba(51,77,128,1)
93,30: (51,77,128,255)  #334D80FF  srgba(51,77,128,1)
94,30: (51,77,128,255)  #334D80FF  srgba(51,77,128,1)
95,30: (51,77,128,255)  #334D80FF  srgba(51,77,128,1)
96,30: (51,77,128,255)  #334D80FF  srgba(51,77,128,1)
97,30: (51,77,128,255)  #334D80FF  srgba(51,77,128,1)
98,30: (51,77,128,255)  #334D80FF  srgba(51,77,128,1)
99,30: (51,77,128,255)  #334D80FF  srgba(51,77,128,1)
0,31: (51,77,128,255)  #334D80FF  srgba(51,77,128,1)
1,31: (51,77,128,255)  #334D80FF  srgba(51,77,128,1)
2,31: (51,77,128,255)  #334D80FF  srgba(51,77,128,1)
3,31: (51,77,128,255)  #334D80FF  srgba(51,77,128,1)
4,31: (51,77,128,255)  #334D80FF  srgba(51,77,128,1)
5,31: (51,77,128,255)  #334D80FF  srgba(51,77,128,1)
6,31: (51,77,128,255)  #334D80FF  srgba(51,77,128,1)
7,31: (51,77,128,255)  #334D80FF  srgba(51,77,128,1)
8,31: (51,77,128,255)  #334D80FF  srgba(51,77,128,1)
9,31: (51,77,128,255)  #334D80FF  srgba(51,77,128,1)
10,31: (51,77,128,255)  #334D80FF  srgba(51,77,128,1)
11,31: (51,77,128,255)  #334D80FF  srgba(51,77,128,1)
12,31: (51,77,128,255)  #334D80FF  srgba(51,77,128,1)
13,31: (51,77,128,255)  #334D80FF  srgba(51,77,128,1)
14,31: (51,77,128,255)  #334D80FF  srgba(51,77,128,1)
15,31: (51,77,128,255)  #334D80FF  srgba(51,77,128,1)
16,31: (51,77,128,255)  #334D80FF  srgba(51,77,128,1)
17,31: (51,77,128,255)  #334D80FF  srgba(51,77,128,1)
18,31: (51,77,128,255)  #334D80FF  srgba(51,77,128,1)
19,31: (51,77,128,255)  #334D80FF  srgba(51,77,128,1)
20,31: (51,77,128,255)  #334D80FF  srgba(51,77,128,1)
21,31: (51,77,128,255)  #334D80FF  srgba(51,77,128,1)
22,31: (51,77,128,255)  #334D80FF  srgba(51,77,128,1)
23,31: (51,77,128,255)  #334D80FF  srgba(51,77,128,1)
24,31: (51,77,128,255)  #334D80FF  srgba(51,77,128,1)
25,31: (51,77,128,255)  #334D80FF  srgba(51,77,128,1)
26,31: (51,77,128,255)  #334D80FF  srgba(51,77,128,1)
27,31: (51,77,128,255)  #334D80FF  srgba(51,77,128,1)
28,31: (51,77,128,255)  #334D80FF  srgba(51,77,128,1)
29,31: (51,77,128,255)  #334D80FF  srgba(51,77,128,1)
30,31: (51,77,128,255)  #334D80FF  srgba(51,77,128,1)
31,31: (51,77,128,255)  #334D80FF  srgba(51,77,128,1)
32,31: (51,77,128,255)  #334D80FF  srgba(51,77,128,1)
33,31: (51,77,128,255)  #334D80FF  srgba(51,77,128,1)
34,31: (51,77,128,255)  #334D80FF  srgba(51,77,128,1)
35,31: (51,77,128,255)  #334D80FF  srgba(51,77,128,1)
36,31: (51,77,128,255)  #334D80FF  srgba(51,77,128,1)
37,31: (51,77,128,255)  #334D80FF  srgba(51,77,128,1)
38,31: (51,77,128,255)  #334D80FF  srgba(51,77,128,1)
39,31: (51,77,128,255)  #334D80FF  srgba(51,77,128,1)
40,31: (51,77,128,255)  #334D80FF  srgba(51,77,128,1)
41,31: (51,77,128,255)  #334D80FF  srgba(51,77,128,1)
42,31: (51,77,128,255)  #334D80FF  srgba(51,77,128,1)
43,31: (51,77,128,255)  #334D80FF  srgba(51,77,128,1)
44,31: (51,77,128,255)  #334D80FF  srgba(51,77,128,1)
45,31: (51,77,128,255)  #334D80FF  srgba(51,77,128,1)
46,31: (51,77,128,255)  #334D80FF  srgba(51,77,128,1)
47,31: (51,77,128,255)  #334D80FF  srgba(51,77,128,1)
48,31: (51,77,128,255)  #334D80FF  srgba(51,77,128,1)
49,31: (51,77,128,255)  #334D80FF  srgba(51,77,128,1)
50,31: (51,77,128,255)  #334D80FF  srgba(51,77,128,1)
51,31: (51,77,128,255)  #334D80FF  srgba(51,77,128,1)
52,31: (51,77,128,255)  #334D80FF  srgba(51,77,128,1)
53,31: (51,77,128,255)  #334D80FF  srgba(51,77,128,1)
54,31: (51,77,128,255)  #334D80FF  srgba(51,77,128,1)
55,31: (51,77,128,255)  #334D80FF  srgba(51,77,128,1)
56,31: (51,77,128,255)  #334D80FF  srgba(51,77,128,1)
57,31: (51,77,128,255)  #334D80FF  srgba(51,77,128,1)
58,31: (51,77,128,255)  #334D80FF  srgba(51,77,128,1)
59,31: (51,77,128,255)  #334D80FF  srgba(51,77,128,1)
60,31: (51,77,128,255)  #334D80FF  srgba(51,77,128,1)
61,31: (51,77,128,255)  #334D80FF  srgba(51,77,128,1)
62,31: (51,77,128,255)  #334D80FF  srgba(51,77,128,1)
63,31: (51,77,128,255)  #334D80FF  srgba(51,77,128,1)
64,31: (51,77,128,255)  #334D80FF  srgba(51,77,128,1)
65,31: (51,77,128,255)  #334D80FF  srgba(51,77,128,1)
66,31: (51,77,128,255)  #334D80FF  srgba(51,77,128,1)
67,31: (51,77,128,255)  #334D80FF  srgba(51,77,128,1)
68,31: (51,77,128,255)  #334D80FF  srgba(51,77,128,1)
69,31: (51,77,128,255)  #334D80FF  srgba(51,77,128,1)
70,31: (51,77,128,255)  #334D80FF  srgba(51,77,128,1)
71,31: (51,77,128,255)  #334D80FF  srgba(51,77,128,1)
72,31: (51,77,128,255)  #334D80FF  srgba(51,77,128,1)
73,31: (51,77,128,255)  #334D80FF  srgba(51,77,128,1)
74,31: (51,77,128,255)  #334D80FF  srgba(51,77,128,1)
75,31: (51,77,128,255)  #334D80FF  srgba(51,77,128,1)
76,31: (51,77,128,255)  #334D80FF  srgba(51,77,128,1)
77,31: (51,77,128,255)  #334D80FF  srgba(51,77,128,1)
78,31: (51,77,128,255)  #334D80FF  srgba(51,77,128,1)
79,31: (51,77,128,255)  #334D80FF  srgba(51,77,128,1)
80,31: (51,77,128,255)  #334D80FF  srgba(51,77,128,1)
81,31: (51,77,128,255)  #334D80FF  srgba(51,77,128,1)
82,31: (51,77,128,255)  #334D80FF  srgba(51,77,128,1)
83,31: (51,77,128,255)  #334D80FF  srgba(51,77,128,1)
84,31: (51,77,128,255)  #334D80FF  srgba(51,77,128,1)
85,31: (51,77,128,255)  #334D80FF  srgba(51,77,128,1)
86,31: (51,77,128,255)  #334D80FF  srgba(51,77,128,1)
87,31: (51,77,128,255)  #334D80FF  srgba(51,77,128,1)
88,31: (51,77,128,255)  #334D80FF  srgba(51,77,128,1)
89,31: (51,77,128,255)  #334D80FF  srgba(51,77,128,1)
90,31: (51,77,128,255)  #334D80FF  srgba(51,77,128,1)
91,31: (51,77,128,255)  #334D80FF  srgba(51,77,128,1)
92,31: (51,77,128,255)  #334D80FF  srgba(51,77,128,1)
93,31: (51,77,128,255)  #334D80FF  srgba(51,77,128,1)
94,31: (51,77,128,255)  #334D80FF  srgba(51,77,128,1)
95,31: (51,77,128,255)  #334D80FF  srgba(51,77,128,1)
96,31: (51,77,128,255)  #334D80FF  srgba(51,77,128,1)
97,31: (51,77,128,255)  #334D80FF  srgba(51,77,128,1)
98,31: (51,77,128,255)  #334D80FF  srgba(51,77,128,1)
99,31: (51,77,128,255)  #334D80FF  srgba(51,77,128,1)
0,32: (51,77,128,255)  #334D80FF  srgba(51,77,128,1)
1,32: (51,77,128,255)  #334D80FF  srgba(51,77,128,1)
2,32: (51,77,128,255)  #334D80FF  srgba(51,77,128,1)
3,32: (51,77,128,255)  #334D80FF  srgba(51,77,128,1)
4,32: (51,77,128,255)  #334D80FF  srgba(51,77,128,1)
5,32: (51,77,128,255)  #334D80FF  srgba(51,77,128,1)
6,32: (51,77,128,255)  #334D80FF  srgba(51,77,128,1)
7,32: (51,77,128,255)  #334D80FF  srgba(51,77,128,1)
8,32: (51,77,128,255)  #334D80FF  srgba(51,77,128,1)
9,32: (51,77,128,255)  #334D80FF  srgba(51,77,128,1)
10,32: (51,77,128,255)  #334D80FF  srgba(51,77,128,1)
11,32: (51,77,128,255)  #334D80FF  srgba(51,77,128,1)
12,32: (51,77,128,255)  #334D80FF  srgba(51,77,128,1)
13,32: (51,77,128,255)  #334D80FF  srgba(51,77,128,1)
14,32: (51,77,128,255)  #334D80FF  srgba(51,77,128,1)
15,32: (51,77,128,255)  #334D80FF  srgba(51,77,128,1)
16,32: (51,77,128,255)  #334D80FF  srgba(51,77,128,1)
17,32: (51,77,128,255)  #334D80FF  srgba(51,77,128,1)
18,32: (51,77,128,255)  #334D80FF  srgba(51,77,128,1)
19,32: (51,77,128,255)  #334D80FF  srgba(51,77,128,1)
20,32: (51,77,128,255)  #334D80FF  srgba(51,77,128,1)
21,32: (51,77,128,255)  #334D80FF  srgba(51,77,128,1)
22,32: (51,77,128,255)  #334D80FF  srgba(51,77,128,1)
23,32: (51,77,128,255)  #334D80FF  srgba(51,77,128,1)
24,32: (51,77,128,255)  #334D80FF  srgba(51,77,128,1)
25,32: (51,77,128,255)  #334D80FF  srgba(51,77,128,1)
26,32: (51,77,128,255)  #334D80FF  srgba(51,77,128,1)
27,32: (51,77,128,255)  #334D80FF  srgba(51,77,128,1)
28,32: (51,77,128,255)  #334D80FF  srgba(51,77,128,1)
29,32: (51,77,128,255)  #334D80FF  srgba(51,77,128,1)
30,32: (51,77,128,255)  #334D80FF  srgba(51,77,128,1)
31,32: (51,77,128,255)  #334D80FF  srgba(51,77,128,1)
32,32: (51,77,128,255)  #334D80FF  srgba(51,77,128,1)
33,32: (51,77,128,255)  #334D80FF  srgba(51,77,128,1)
34,32: (51,77,128,255)  #334D80FF  srgba(51,77,128,1)
35,32: (51,77,128,255)  #334D80FF  srgba(51,77,128,1)
36,32: (51,77,128,255)  #334D80FF  srgba(51,77,128,1)
37,32: (51,77,128,255)  #334D80FF  srgba(51,77,128,1)
38,32: (51,77,128,255)  #334D80FF  srgba(51,77,128,1)
39,32: (51,77,128,255)  #334D80FF  srgba(51,77,128,1)
40,32: (51,77,128,255)  #334D80FF  srgba(51,77,128,1)
41,32: (51,77,128,255)  #334D80FF  srgba(51,77,128,1)
42,32: (51,77,128,255)  #334D80FF  srgba(51,77,128,1)
43,32: (51,77,128,255)  #334D80FF  srgba(51,77,128,1)
44,32: (51,77,128,255)  #334D80FF  srgba(51,77,128,1)
45,32: (51,77,128,255)  #334D80FF  srgba(51,77,128,1)
46,32: (51,77,128,255)  #334D80FF  srgba(51,77,128,1)
47,32: (51,77,128,255)  #334D80FF  srgba(51,77,128,1)
48,32: (51,77,128,255)  #334D80FF  srgba(51,77,128,1)
49,32: (51,77,128,255)  #334D80FF  srgba(51,77,128,1)
50,32: (51,77,128,255)  #334D80FF  srgba(51,77,128,1)
51,32: (51,77,128,255)  #334D80FF  srgba(51,77,128,1)
52,32: (51,77,128,255)  #334D80FF  srgba(51,77,128,1)
53,32: (51,77,128,255)  #334D80FF  srgba(51,77,128,1)
54,32: (51,77,128,255)  #334D80FF  srgba(51,77,128,1)
55,32: (51,77,128,255)  #334D80FF  srgba(51,77,128,1)
56,32: (51,77,128,255)  #334D80FF  srgba(51,77,128,1)
57,32: (51,77,128,255)  #334D80FF  srgba(51,77,128,1)
58,32: (51,77,128,255)  #334D80FF  srgba(51,77,128,1)
59,32: (51,77,128,255)  #334D80FF  srgba(51,77,128,1)
60,32: (51,77,128,255)  #334D80FF  srgba(51,77,128,1)
61,32: (51,77,128,255)  #334D80FF  srgba(51,77,128,1)
62,32: (51,77,128,255)  #334D80FF  srgba(51,77,128,1)
63,32: (51,77,128,255)  #334D80FF  srgba(51,77,128,1)
64,32: (51,77,128,255)  #334D80FF  srgba(51,77,128,1)
65,32: (51,77,128,255)  #334D80FF  srgba(51,77,128,1)
66,32: (51,77,128,255)  #334D80FF  srgba(51,77,128,1)
67,32: (51,77,128,255)  #334D80FF  srgba(51,77,128,1)
68,32: (51,77,128,255)  #334D80FF  srgba(51,77,128,1)
69,32: (51,77,128,255)  #334D80FF  srgba(51,77,128,1)
70,32: (51,77,128,255)  #334D80FF  srgba(51,77,128,1)
71,32: (51,77,128,255)  #334D80FF  srgba(51,77,128,1)
72,32: (51,77,128,255)  #334D80FF  srgba(51,77,128,1)
73,32: (51,77,128,255)  #334D80FF  srgba(51,77,128,1)
74,32: (51,77,128,255)  #334D80FF  srgba(51,77,128,1)
75,32: (51,77,128,255)  #334D80FF  srgba(51,77,128,1)
76,32: (51,77,128,255)  #334D80FF  srgba(51,77,128,1)
77,32: (51,77,128,255)  #334D80FF  srgba(51,77,128,1)
78,32: (51,77,128,255)  #334D80FF  srgba(51,77,128,1)
79,32: (51,77,128,255)  #334D80FF  srgba(51,77,128,1)
80,32: (51,77,128,255)  #334D80FF  srgba(51,77,128,1)
81,32: (51,77,128,255)  #334D80FF  srgba(51,77,128,1)
82,32: (51,77,128,255)  #334D80FF  srgba(51,77,128,1)
83,32: (51,77,128,255)  #334D80FF  srgba(51,77,128,1)
84,32: (51,77,128,255)  #334D80FF  srgba(51,77,128,1)
85,32: (51,77,128,255)  #334D80FF  srgba(51,77,128,1)
86,32: (51,77,128,255)  #334D80FF  srgba(51,77,128,1)
87,32: (51,77,128,255)  #334D80FF  srgba(51,77,128,1)
88,32: (51,77,128,255)  #334D80FF  srgba(51,77,128,1)
89,32: (51,77,128,255)  #334D80FF  srgba(51,77,128,1)
90,32: (51,77,128,255)  #334D80FF  srgba(51,77,128,1)
91,32: (51,77,128,255)  #334D80FF  srgba(51,77,128,1)
92,32: (51,77,128,255)  #334D80FF  srgba(51,77,128,1)
93,32: (51,77,128,255)  #334D80FF  srgba(51,77,128,1)
94,32: (51,77,128,255)  #334D80FF  srgba(51,77,128,1)
95,32: (51,77,128,255)  #334D80FF  srgba(51,77,128,1)
96,32: (51,77,128,255)  #334D80FF  srgba(51,77,128,1)
97,32: (51,77,128,255)  #334D80FF  srgba(51,77,128,1)
98,32: (51,77,128,255)  #334D80FF  srgba(51,77,128,1)
99,32: (51,77,128,255)  #334D80FF  srgba(51,77,128,1)
0,33: (51,77,128,255)  #334D80FF  srgba(51,77,128,1)
1,33: (51,77,128,255)  #334D80FF  srgba(51,77,128,1)
2,33: (51,77,128,255)  #334D80FF  srgba(51,77,128,1)
3,33: (51,77,128,255)  #334D80FF  srgba(51,77,128,1)
4,33: (51,77,128,255)  #334D80FF  srgba(51,77,128,1)
5,33: (51,77,128,255)  #334D80FF  srgba(51,77,128,1)
6,33: (51,77,128,255)  #334D80FF  srgba(51,77,128,1)
7,33: (51,77,128,255)  #334D80FF  srgba(51,77,128,1)
8,33: (51,77,128,255)  #334D80FF  srgba(51,77,128,1)
9,33: (51,77,128,255)  #334D80FF  srgba(51,77,128,1)
10,33: (51,77,128,255)  #334D80FF  srgba(51,77,128,1)
11,33: (51,77,128,255)  #334D80FF  srgba(51,77,128,1)
12,33: (51,77,128,255)  #334D80FF  srgba(51,77,128,1)
13,33: (51,77,128,255)  #334D80FF  srgba(51,77,128,1)
14,33: (51,77,128,255)  #334D80FF  srgba(51,77,128,1)
15,33: (51,77,128,255)  #334D80FF  srgba(51,77,128,1)
16,33: (51,77,128,255)  #334D80FF  srgba(51,77,128,1)
17,33: (51,77,128,255)  #334D80FF  srgba(51,77,128,1)
18,33: (51,77,128,255)  #334D80FF  srgba(51,77,128,1)
19,33: (51,77,128,255)  #334D80FF  srgba(51,77,128,1)
20,33: (51,77,128,255)  #334D80FF  srgba(51,77,128,1)
21,33: (51,77,128,255)  #334D80FF  srgba(51,77,128,1)
22,33: (51,77,128,255)  #334D80FF  srgba(51,77,128,1)
23,33: (51,77,128,255)  #334D80FF  srgba(51,77,128,1)
24,33: (51,77,128,255)  #334D80FF  srgba(51,77,128,1)
25,33: (51,77,128,255)  #334D80FF  srgba(51,77,128,1)
26,33: (51,77,128,255)  #334D80FF  srgba(51,77,128,1)
27,33: (51,77,128,255)  #334D80FF  srgba(51,77,128,1)
28,33: (51,77,128,255)  #334D80FF  srgba(51,77,128,1)
29,33: (51,77,128,255)  #334D80FF  srgba(51,77,128,1)
30,33: (51,77,128,255)  #334D80FF  srgba(51,77,128,1)
31,33: (51,77,128,255)  #334D80FF  srgba(51,77,128,1)
32,33: (51,77,128,255)  #334D80FF  srgba(51,77,128,1)
33,33: (51,77,128,255)  #334D80FF  srgba(51,77,128,1)
34,33: (51,77,128,255)  #334D80FF  srgba(51,77,128,1)
35,33: (51,77,128,255)  #334D80FF  srgba(51,77,128,1)
36,33: (51,77,128,255)  #334D80FF  srgba(51,77,128,1)
37,33: (51,77,128,255)  #334D80FF  srgba(51,77,128,1)
38,33: (51,77,128,255)  #334D80FF  srgba(51,77,128,1)
39,33: (51,77,128,255)  #334D80FF  srgba(51,77,128,1)
40,33: (51,77,128,255)  #334D80FF  srgba(51,77,128,1)
41,33: (51,77,128,255)  #334D80FF  srgba(51,77,128,1)
42,33: (51,77,128,255)  #334D80FF  srgba(51,77,128,1)
43,33: (51,77,128,255)  #334D80FF  srgba(51,77,128,1)
44,33: (51,77,128,255)  #334D80FF  srgba(51,77,128,1)
45,33: (51,77,128,255)  #334D80FF  srgba(51,77,128,1)
46,33: (51,77,128,255)  #334D80FF  srgba(51,77,128,1)
47,33: (51,77,128,255)  #334D80FF  srgba(51,77,128,1)
48,33: (51,77,128,255)  #334D80FF  srgba(51,77,128,1)
49,33: (51,77,128,255)  #334D80FF  srgba(51,77,128,1)
50,33: (51,77,128,255)  #334D80FF  srgba(51,77,128,1)
51,33: (51,77,128,255)  #334D80FF  srgba(51,77,128,1)
52,33: (51,77,128,255)  #334D80FF  srgba(51,77,128,1)
53,33: (51,77,128,255)  #334D80FF  srgba(51,77,128,1)
54,33: (51,77,128,255)  #334D80FF  srgba(51,77,128,1)
55,33: (51,77,128,255)  #334D80FF  srgba(51,77,128,1)
56,33: (51,77,128,255)  #334D80FF  srgba(51,77,128,1)
57,33: (51,77,128,255)  #334D80FF  srgba(51,77,128,1)
58,33: (51,77,128,255)  #334D80FF  srgba(51,77,128,1)
59,33: (51,77,128,255)  #334D80FF  srgba(51,77,128,1)
60,33: (51,77,128,255)  #334D80FF  srgba(51,77,128,1)
61,33: (51,77,128,255)  #334D80FF  srgba(51,77,128,1)
62,33: (51,77,128,255)  #334D80FF  srgba(51,77,128,1)
63,33: (51,77,128,255)  #334D80FF  srgba(51,77,128,1)
64,33: (51,77,128,255)  #334D80FF  srgba(51,77,128,1)
65,33: (51,77,128,255)  #334D80FF  srgba(51,77,128,1)
66,33: (51,77,128,255)  #334D80FF  srgba(51,77,128,1)
67,33: (51,77,128,255)  #334D80FF  srgba(51,77,128,1)
68,33: (51,77,128,255)  #334D80FF  srgba(51,77,128,1)
69,33: (51,77,128,255)  #334D80FF  srgba(51,77,128,1)
70,33: (51,77,128,255)  #334D80FF  srgba(51,77,128,1)
71,33: (51,77,128,255)  #334D80FF  srgba(51,77,128,1)
72,33: (51,77,128,255)  #334D80FF  srgba(51,77,128,1)
73,33: (51,77,128,255)  #334D80FF  srgba(51,77,128,1)
74,33: (51,77,128,255)  #334D80FF  srgba(51,77,128,1)
75,33: (51,77,128,255)  #334D80FF  srgba(51,77,128,1)
76,33: (51,77,128,255)  #334D80FF  srgba(51,77,128,1)
77,33: (51,77,128,255)  #334D80FF  srgba(51,77,128,1)
78,33: (51,77,128,255)  #334D80FF  srgba(51,77,128,1)
79,33: (51,77,128,255)  #334D80FF  srgba(51,77,128,1)
80,33: (51,77,128,255)  #334D80FF  srgba(51,77,128,1)
81,33: (51,77,128,255)  #334D80FF  srgba(51,77,128,1)
82,33: (51,77,128,255)  #334D80FF  srgba(51,77,128,1)
83,33: (51,77,128,255)  #334D80FF  srgba(51,77,128,1)
84,33: (51,77,128,255)  #334D80FF  srgba(51,77,128,1)
85,33: (51,77,128,255)  #334D80FF  srgba(51,77,128,1)
86,33: (51,77,128,255)  #334D80FF  srgba(51,77,128,1)
87,33: (51,77,128,255)  #334D80FF  srgba(51,77,128,1)
88,33: (51,77,128,255)  #334D80FF  srgba(51,77,128,1)
89,33: (51,77,128,255)  #334D80FF  srgba(51,77,128,1)
90,33: (51,77,128,255)  #334D80FF  srgba(51,77,128,1)
91,33: (51,77,128,255)  #334D80FF  srgba(51,77,128,1)
92,33: (51,77,128,255)  #334D80FF  srgba(51,77,128,1)
93,33: (51,77,128,255)  #334D80FF  srgba(51,77,128,1)
94,33: (51,77,128,255)  #334D80FF  srgba(51,77,128,1)
95,33: (51,77,128,255)  #334D80FF  srgba(51,77,128,1)
96,33: (51,77,128,255)  #334D80FF  srgba(51,77,128,1)
97,33: (51,77,128,255)  #334D80FF  srgba(51,77,128,1)
98,33: (51,77,128,255)  #334D80FF  srgba(51,77,128,1)
99,33: (51,77,128,255)  #334D80FF  srgba(51,77,128,1)
0,34: (51,77,128,255)  #334D80FF  srgba(51,77,128,1)
1,34: (51,77,128,255)  #334D80FF  srgba(51,77,128,1)
2,34: (51,77,128,255)  #334D80FF  srgba(51,77,128,1)
3,34: (51,77,128,255)  #334D80FF  srgba(51,77,128,1)
4,34: (51,77,128,255)  #334D80FF  srgba(51,77,128,1)
5,34: (51,77,128,255)  #334D80FF  srgba(51,77,128,1)
6,34: (51,77,128,255)  #334D80FF  srgba(51,77,128,1)
7,34: (51,77,128,255)  #334D80FF  srgba(51,77,128,1)
8,34: (51,77,128,255)  #334D80FF  srgba(51,77,128,1)
9,34: (51,77,128,255)  #334D80FF  srgba(51,77,128,1)
10,34: (51,77,128,255)  #334D80FF  srgba(51,77,128,1)
11,34: (51,77,128,255)  #334D80FF  srgba(51,77,128,1)
12,34: (51,77,128,255)  #334D80FF  srgba(51,77,128,1)
13,34: (51,77,128,255)  #334D80FF  srgba(51,77,128,1)
14,34: (51,77,128,255)  #334D80FF  srgba(51,77,128,1)
15,34: (51,77,128,255)  #334D80FF  srgba(51,77,128,1)
16,34: (51,77,128,255)  #334D80FF  srgba(51,77,128,1)
17,34: (51,77,128,255)  #334D80FF  srgba(51,77,128,1)
18,34: (51,77,128,255)  #334D80FF  srgba(51,77,128,1)
19,34: (51,77,128,255)  #334D80FF  srgba(51,77,128,1)
20,34: (51,77,128,255)  #334D80FF  srgba(51,77,128,1)
21,34: (51,77,128,255)  #334D80FF  srgba(51,77,128,1)
22,34: (51,77,128,255)  #334D80FF  srgba(51,77,128,1)
23,34: (51,77,128,255)  #334D80FF  srgba(51,77,128,1)
24,34: (51,77,128,255)  #334D80FF  srgba(51,77,128,1)
25,34: (51,77,128,255)  #334D80FF  srgba(51,77,128,1)
26,34: (51,77,128,255)  #334D80FF  srgba(51,77,128,1)
27,34: (51,77,128,255)  #334D80FF  srgba(51,77,128,1)
28,34: (51,77,128,255)  #334D80FF  srgba(51,77,128,1)
29,34: (51,77,128,255)  #334D80FF  srgba(51,77,128,1)
30,34: (51,77,128,255)  #334D80FF  srgba(51,77,128,1)
31,34: (51,77,128,255)  #334D80FF  srgba(51,77,128,1)
32,34: (51,77,128,255)  #334D80FF  srgba(51,77,128,1)
33,34: (51,77,128,255)  #334D80FF  srgba(51,77,128,1)
34,34: (51,77,128,255)  #334D80FF  srgba(51,77,128,1)
35,34: (51,77,128,255)  #334D80FF  srgba(51,77,128,1)
36,34: (51,77,128,255)  #334D80FF  srgba(51,77,128,1)
37,34: (51,77,128,255)  #334D80FF  srgba(51,77,128,1)
38,34: (51,77,128,255)  #334D80FF  srgba(51,77,128,1)
39,34: (51,77,128,255)  #334D80FF  srgba(51,77,128,1)
40,34: (51,77,128,255)  #334D80FF  srgba(51,77,128,1)
41,34: (51,77,128,255)  #334D80FF  srgba(51,77,128,1)
42,34: (51,77,128,255)  #334D80FF  srgba(51,77,128,1)
43,34: (51,77,128,255)  #334D80FF  srgba(51,77,128,1)
44,34: (51,77,128,255)  #334D80FF  srgba(51,77,128,1)
45,34: (51,77,128,255)  #334D80FF  srgba(51,77,128,1)
46,34: (51,77,128,255)  #334D80FF  srgba(51,77,128,1)
47,34: (51,77,128,255)  #334D80FF  srgba(51,77,128,1)
48,34: (51,77,128,255)  #334D80FF  srgba(51,77,128,1)
49,34: (51,77,128,255)  #334D80FF  srgba(51,77,128,1)
50,34: (51,77,128,255)  #334D80FF  srgba(51,77,128,1)
51,34: (51,77,128,255)  #334D80FF  srgba(51,77,128,1)
52,34: (51,77,128,255)  #334D80FF  srgba(51,77,128,1)
53,34: (51,77,128,255)  #334D80FF  srgba(51,77,128,1)
54,34: (51,77,128,255)  #334D80FF  srgba(51,77,128,1)
55,34: (51,77,128,255)  #334D80FF  srgba(51,77,128,1)
56,34: (51,77,128,255)  #334D80FF  srgba(51,77,128,1)
57,34: (51,77,128,255)  #334D80FF  srgba(51,77,128,1)
58,34: (51,77,128,255)  #334D80FF  srgba(51,77,128,1)
59,34: (51,77,128,255)  #334D80FF  srgba(51,77,128,1)
60,34: (51,77,128,255)  #334D80FF  srgba(51,77,128,1)
61,34: (51,77,128,255)  #334D80FF  srgba(51,77,128,1)
62,34: (51,77,128,255)  #334D80FF  srgba(51,77,128,1)
63,34: (51,77,128,255)  #334D80FF  srgba(51,77,128,1)
64,34: (51,77,128,255)  #334D80FF  srgba(51,77,128,1)
65,34: (51,77,128,255)  #334D80FF  srgba(51,77,128,1)
66,34: (51,77,128,255)  #334D80FF  srgba(51,77,128,1)
67,34: (51,77,128,255)  #334D80FF  srgba(51,77,128,1)
68,34: (51,77,128,255)  #334D80FF  srgba(51,77,128,1)
69,34: (51,77,128,255)  #334D80FF  srgba(51,77,128,1)
70,34: (51,77,128,255)  #334D80FF  srgba(51,77,128,1)
71,34: (51,77,128,255)  #334D80FF  srgba(51,77,128,1)
72,34: (51,77,128,255)  #334D80FF  srgba(51,77,128,1)
73,34: (51,77,128,255)  #334D80FF  srgba(51,77,128,1)
74,34: (51,77,128,255)  #334D80FF  srgba(51,77,128,1)
75,34: (51,77,128,255)  #334D80FF  srgba(51,77,128,1)
76,34: (51,77,128,255)  #334D80FF  srgba(51,77,128,1)
77,34: (51,77,128,255)  #334D80FF  srgba(51,77,128,1)
78,34: (51,77,128,255)  #334D80FF  srgba(51,77,128,1)
79,34: (51,77,128,255)  #334D80FF  srgba(51,77,128,1)
80,34: (51,77,128,255)  #334D80FF  srgba(51,77,128,1)
81,34: (51,77,128,255)  #334D80FF  srgba(51,77,128,1)
82,34: (51,77,128,255)  #334D80FF  srgba(51,77,128,1)
83,34: (51,77,128,255)  #334D80FF  srgba(51,77,128,1)
84,34: (51,77,128,255)  #334D80FF  srgba(51,77,128,1)
85,34: (51,77,128,255)  #334D80FF  srgba(51,77,128,1)
86,34: (51,77,128,255)  #334D80FF  srgba(51,77,128,1)
87,34: (51,77,128,255)  #334D80FF  srgba(51,77,128,1)
88,34: (51,77,128,255)  #334D80FF  srgba(51,77,128,1)
89,34: (51,77,128,255)  #334D80FF  srgba(51,77,128,1)
90,34: (51,77,128,255)  #334D80FF  srgba(51,77,128,1)
91,34: (51,77,128,255)  #334D80FF  srgba(51,77,128,1)
92,34: (51,77,128,255)  #334D80FF  srgba(51,77,128,1)
93,34: (51,77,128,255)  #334D80FF  srgba(51,77,128,1)
94,34: (51,77,128,255)  #334D80FF  srgba(51,77,128,1)
95,34: (51,77,128,255)  #334D80FF  srgba(51,77,128,1)
96,34: (51,77,128,255)  #334D80FF  srgba(51,77,128,1)
97,34: (51,77,128,255)  #334D80FF  srgba(51,77,128,1)
98,34: (51,77,128,255)  #334D80FF  srgba(51,77,128,1)
99,34: (51,77,128,255)  #334D80FF  srgba(51,77,128,1)
0,35: (51,77,128,255)  #334D80FF  srgba(51,77,128,1)
1,35: (51,77,128,255)  #334D80FF  srgba(51,77,128,1)
2,35: (51,77,128,255)  #334D80FF  srgba(51,77,128,1)
3,35: (51,77,128,255)  #334D80FF  srgba(51,77,128,1)
4,35: (51,77,128,255)  #334D80FF  srgba(51,77,128,1)
5,35: (51,77,128,255)  #334D80FF  srgba(51,77,128,1)
6,35: (51,77,128,255)  #334D80FF  srgba(51,77,128,1)
7,35: (51,77,128,255)  #334D80FF  srgba(51,77,128,1)
8,35: (51,77,128,255)  #334D80FF  srgba(51,77,128,1)
9,35: (51,77,128,255)  #334D80FF  srgba(51,77,128,1)
10,35: (51,77,128,255)  #334D80FF  srgba(51,77,128,1)
11,35: (51,77,128,255)  #334D80FF  srgba(51,77,128,1)
12,35: (51,77,128,255)  #334D80FF  srgba(51,77,128,1)
13,35: (51,77,128,255)  #334D80FF  srgba(51,77,128,1)
14,35: (51,77,128,255)  #334D80FF  srgba(51,77,128,1)
15,35: (51,77,128,255)  #334D80FF  srgba(51,77,128,1)
16,35: (51,77,128,255)  #334D80FF  srgba(51,77,128,1)
17,35: (51,77,128,255)  #334D80FF  srgba(51,77,128,1)
18,35: (51,77,128,255)  #334D80FF  srgba(51,77,128,1)
19,35: (51,77,128,255)  #334D80FF  srgba(51,77,128,1)
20,35: (51,77,128,255)  #334D80FF  srgba(51,77,128,1)
21,35: (51,77,128,255)  #334D80FF  srgba(51,77,128,1)
22,35: (51,77,128,255)  #334D80FF  srgba(51,77,128,1)
23,35: (51,77,128,255)  #334D80FF  srgba(51,77,128,1)
24,35: (51,77,128,255)  #334D80FF  srgba(51,77,128,1)
25,35: (51,77,128,255)  #334D80FF  srgba(51,77,128,1)
26,35: (51,77,128,255)  #334D80FF  srgba(51,77,128,1)
27,35: (51,77,128,255)  #334D80FF  srgba(51,77,128,1)
28,35: (51,77,128,255)  #334D80FF  srgba(51,77,128,1)
29,35: (51,77,128,255)  #334D80FF  srgba(51,77,128,1)
30,35: (51,77,128,255)  #334D80FF  srgba(51,77,128,1)
31,35: (51,77,128,255)  #334D80FF  srgba(51,77,128,1)
32,35: (51,77,128,255)  #334D80FF  srgba(51,77,128,1)
33,35: (51,77,128,255)  #334D80FF  srgba(51,77,128,1)
34,35: (51,77,128,255)  #334D80FF  srgba(51,77,128,1)
35,35: (51,77,128,255)  #334D80FF  srgba(51,77,128,1)
36,35: (51,77,128,255)  #334D80FF  srgba(51,77,128,1)
37,35: (51,77,128,255)  #334D80FF  srgba(51,77,128,1)
38,35: (51,77,128,255)  #334D80FF  srgba(51,77,128,1)
39,35: (51,77,128,255)  #334D80FF  srgba(51,77,128,1)
40,35: (51,77,128,255)  #334D80FF  srgba(51,77,128,1)
41,35: (51,77,128,255)  #334D80FF  srgba(51,77,128,1)
42,35: (51,77,128,255)  #334D80FF  srgba(51,77,128,1)
43,35: (51,77,128,255)  #334D80FF  srgba(51,77,128,1)
44,35: (51,77,128,255)  #334D80FF  srgba(51,77,128,1)
45,35: (51,77,128,255)  #334D80FF  srgba(51,77,128,1)
46,35: (51,77,128,255)  #334D80FF  srgba(51,77,128,1)
47,35: (51,77,128,255)  #334D80FF  srgba(51,77,128,1)
48,35: (51,77,128,255)  #334D80FF  srgba(51,77,128,1)
49,35: (51,77,128,255)  #334D80FF  srgba(51,77,128,1)
50,35: (51,77,128,255)  #334D80FF  srgba(51,77,128,1)
51,35: (51,77,128,255)  #334D80FF  srgba(51,77,128,1)
52,35: (51,77,128,255)  #334D80FF  srgba(51,77,128,1)
53,35: (51,77,128,255)  #334D80FF  srgba(51,77,128,1)
54,35: (51,77,128,255)  #334D80FF  srgba(51,77,128,1)
55,35: (51,77,128,255)  #334D80FF  srgba(51,77,128,1)
56,35: (51,77,128,255)  #334D80FF  srgba(51,77,128,1)
57,35: (51,77,128,255)  #334D80FF  srgba(51,77,128,1)
58,35: (51,77,128,255)  #334D80FF  srgba(51,77,128,1)
59,35: (51,77,128,255)  #334D80FF  srgba(51,77,128,1)
60,35: (51,77,128,255)  #334D80FF  srgba(51,77,128,1)
61,35: (51,77,128,255)  #334D80FF  srgba(51,77,128,1)
62,35: (51,77,128,255)  #334D80FF  srgba(51,77,128,1)
63,35: (51,77,128,255)  #334D80FF  srgba(51,77,128,1)
64,35: (51,77,128,255)  #334D80FF  srgba(51,77,128,1)
65,35: (51,77,128,255)  #334D80FF  srgba(51,77,128,1)
66,35: (51,77,128,255)  #334D80FF  srgba(51,77,128,1)
67,35: (51,77,128,255)  #334D80FF  srgba(51,77,128,1)
68,35: (51,77,128,255)  #334D80FF  srgba(51,77,128,1)
69,35: (51,77,128,255)  #334D80FF  srgba(51,77,128,1)
70,35: (51,77,128,255)  #334D80FF  srgba(51,77,128,1)
71,35: (51,77,128,255)  #334D80FF  srgba(51,77,128,1)
72,35: (51,77,128,255)  #334D80FF  srgba(51,77,128,1)
73,35: (51,77,128,255)  #334D80FF  srgba(51,77,128,1)
74,35: (51,77,128,255)  #334D80FF  srgba(51,77,128,1)
75,35: (51,77,128,255)  #334D80FF  srgba(51,77,128,1)
76,35: (51,77,128,255)  #334D80FF  srgba(51,77,128,1)
77,35: (51,77,128,255)  #334D80FF  srgba(51,77,128,1)
78,35: (51,77,128,255)  #334D80FF  srgba(51,77,128,1)
79,35: (51,77,128,255)  #334D80FF  srgba(51,77,128,1)
80,35: (51,77,128,255)  #334D80FF  srgba(51,77,128,1)
81,35: (51,77,128,255)  #334D80FF  srgba(51,77,128,1)
82,35: (51,77,128,255)  #334D80FF  srgba(51,77,128,1)
83,35: (51,77,128,255)  #334D80FF  srgba(51,77,128,1)
84,35: (51,77,128,255)  #334D80FF  srgba(51,77,128,1)
85,35: (51,77,128,255)  #334D80FF  srgba(51,77,128,1)
86,35: (51,77,128,255)  #334D80FF  srgba(51,77,128,1)
87,35: (51,77,128,255)  #334D80FF  srgba(51,77,128,1)
88,35: (51,77,128,255)  #334D80FF  srgba(51,77,128,1)
89,35: (51,77,128,255)  #334D80FF  srgba(51,77,128,1)
90,35: (51,77,128,255)  #334D80FF  srgba(51,77,128,1)
91,35: (51,77,128,255)  #334D80FF  srgba(51,77,128,1)
92,35: (51,77,128,255)  #334D80FF  srgba(51,77,128,1)
93,35: (51,77,128,255)  #334D80FF  srgba(51,77,128,1)
94,35: (51,77,128,255)  #334D80FF  srgba(51,77,128,1)
95,35: (51,77,128,255)  #334D80FF  srgba(51,77,128,1)
96,35: (51,77,128,255)  #334D80FF  srgba(51,77,128,1)
97,35: (51,77,128,255)  #334D80FF  srgba(51,77,128,1)
98,35: (51,77,128,255)  #334D80FF  srgba(51,77,128,1)
99,35: (51,77,128,255)  #334D80FF  srgba(51,77,128,1)
0,36: (51,77,128,255)  #334D80FF  srgba(51,77,128,1)
1,36: (51,77,128,255)  #334D80FF  srgba(51,77,128,1)
2,36: (51,77,128,255)  #334D80FF  srgba(51,77,128,1)
3,36: (51,77,128,255)  #334D80FF  srgba(51,77,128,1)
4,36: (51,77,128,255)  #334D80FF  srgba(51,77,128,1)
5,36: (51,77,128,255)  #334D80FF  srgba(51,77,128,1)
6,36: (51,77,128,255)  #334D80FF  srgba(51,77,128,1)
7,36: (51,77,128,255)  #334D80FF  srgba(51,77,128,1)
8,36: (51,77,128,255)  #334D80FF  srgba(51,77,128,1)
9,36: (51,77,128,255)  #334D80FF  srgba(51,77,128,1)
10,36: (51,77,128,255)  #334D80FF  srgba(51,77,128,1)
11,36: (51,77,128,255)  #334D80FF  srgba(51,77,128,1)
12,36: (51,77,128,255)  #334D80FF  srgba(51,77,128,1)
13,36: (51,77,128,255)  #334D80FF  srgba(51,77,128,1)
14,36: (51,77,128,255)  #334D80FF  srgba(51,77,128,1)
15,36: (51,77,128,255)  #334D80FF  srgba(51,77,128,1)
16,36: (51,77,128,255)  #334D80FF  srgba(51,77,128,1)
17,36: (51,77,128,255)  #334D80FF  srgba(51,77,128,1)
18,36: (51,77,128,255)  #334D80FF  srgba(51,77,128,1)
19,36: (51,77,128,255)  #334D80FF  srgba(51,77,128,1)
20,36: (51,77,128,255)  #334D80FF  srgba(51,77,128,1)
21,36: (51,77,128,255)  #334D80FF  srgba(51,77,128,1)
22,36: (51,77,128,255)  #334D80FF  srgba(51,77,128,1)
23,36: (51,77,128,255)  #334D80FF  srgba(51,77,128,1)
24,36: (51,77,128,255)  #334D80FF  srgba(51,77,128,1)
25,36: (51,77,128,255)  #334D80FF  srgba(51,77,128,1)
26,36: (51,77,128,255)  #334D80FF  srgba(51,77,128,1)
27,36: (51,77,128,255)  #334D80FF  srgba(51,77,128,1)
28,36: (51,77,128,255)  #334D80FF  srgba(51,77,128,1)
29,36: (51,77,128,255)  #334D80FF  srgba(51,77,128,1)
30,36: (51,77,128,255)  #334D80FF  srgba(51,77,128,1)
31,36: (51,77,128,255)  #334D80FF  srgba(51,77,128,1)
32,36: (51,77,128,255)  #334D80FF  srgba(51,77,128,1)
33,36: (51,77,128,255)  #334D80FF  srgba(51,77,128,1)
34,36: (51,77,128,255)  #334D80FF  srgba(51,77,128,1)
35,36: (51,77,128,255)  #334D80FF  srgba(51,77,128,1)
36,36: (51,77,128,255)  #334D80FF  srgba(51,77,128,1)
37,36: (51,77,128,255)  #334D80FF  srgba(51,77,128,1)
38,36: (51,77,128,255)  #334D80FF  srgba(51,77,128,1)
39,36: (51,77,128,255)  #334D80FF  srgba(51,77,128,1)
40,36: (51,77,128,255)  #334D80FF  srgba(51,77,128,1)
41,36: (51,77,128,255)  #334D80FF  srgba(51,77,128,1)
42,36: (51,77,128,255)  #334D80FF  srgba(51,77,128,1)
43,36: (51,77,128,255)  #334D80FF  srgba(51,77,128,1)
44,36: (51,77,128,255)  #334D80FF  srgba(51,77,128,1)
45,36: (51,77,128,255)  #334D80FF  srgba(51,77,128,1)
46,36: (51,77,128,255)  #334D80FF  srgba(51,77,128,1)
47,36: (51,77,128,255)  #334D80FF  srgba(51,77,128,1)
48,36: (51,77,128,255)  #334D80FF  srgba(51,77,128,1)
49,36: (51,77,128,255)  #334D80FF  srgba(51,77,128,1)
50,36: (51,77,128,255)  #334D80FF  srgba(51,77,128,1)
51,36: (51,77,128,255)  #334D80FF  srgba(51,77,128,1)
52,36: (51,77,128,255)  #334D80FF  srgba(51,77,128,1)
53,36: (51,77,128,255)  #334D80FF  srgba(51,77,128,1)
54,36: (51,77,128,255)  #334D80FF  srgba(51,77,128,1)
55,36: (51,77,128,255)  #334D80FF  srgba(51,77,128,1)
56,36: (51,77,128,255)  #334D80FF  srgba(51,77,128,1)
57,36: (51,77,128,255)  #334D80FF  srgba(51,77,128,1)
58,36: (51,77,128,255)  #334D80FF  srgba(51,77,128,1)
59,36: (51,77,128,255)  #334D80FF  srgba(51,77,128,1)
60,36: (51,77,128,255)  #334D80FF  srgba(51,77,128,1)
61,36: (51,77,128,255)  #334D80FF  srgba(51,77,128,1)
62,36: (51,77,128,255)  #334D80FF  srgba(51,77,128,1)
63,36: (51,77,128,255)  #334D80FF  srgba(51,77,128,1)
64,36: (51,77,128,255)  #334D80FF  srgba(51,77,128,1)
65,36: (51,77,128,255)  #334D80FF  srgba(51,77,128,1)
66,36: (51,77,128,255)  #334D80FF  srgba(51,77,128,1)
67,36: (51,77,128,255)  #334D80FF  srgba(51,77,128,1)
68,36: (51,77,128,255)  #334D80FF  srgba(51,77,128,1)
69,36: (51,77,128,255)  #334D80FF  srgba(51,77,128,1)
70,36: (51,77,128,255)  #334D80FF  srgba(51,77,128,1)
71,36: (51,77,128,255)  #334D80FF  srgba(51,77,128,1)
72,36: (51,77,128,255)  #334D80FF  srgba(51,77,128,1)
73,36: (51,77,128,255)  #334D80FF  srgba(51,77,128,1)
74,36: (51,77,128,255)  #334D80FF  srgba(51,77,128,1)
75,36: (51,77,128,255)  #334D80FF  srgba(51,77,128,1)
76,36: (51,77,128,255)  #334D80FF  srgba(51,77,128,1)
77,36: (51,77,128,255)  #334D80FF  srgba(51,77,128,1)
78,36: (51,77,128,255)  #334D80FF  srgba(51,77,128,1)
79,36: (51,77,128,255)  #334D80FF  srgba(51,77,128,1)
80,36: (51,77,128,255)  #334D80FF  srgba(51,77,128,1)
81,36: (51,77,128,255)  #334D80FF  srgba(51,77,128,1)
82,36: (51,77,128,255)  #334D80FF  srgba(51,77,128,1)
83,36: (51,77,128,255)  #334D80FF  srgba(51,77,128,1)
84,36: (51,77,128,255)  #334D80FF  srgba(51,77,128,1)
85,36: (51,77,128,255)  #334D80FF  srgba(51,77,128,1)
86,36: (51,77,128,255)  #334D80FF  srgba(51,77,128,1)
87,36: (51,77,128,255)  #334D80FF  srgba(51,77,128,1)
88,36: (51,77,128,255)  #334D80FF  srgba(51,77,128,1)
89,36: (51,77,128,255)  #334D80FF  srgba(51,77,128,1)
90,36: (51,77,128,255)  #334D80FF  srgba(51,77,128,1)
91,36: (51,77,128,255)  #334D80FF  srgba(51,77,128,1)
92,36: (51,77,128,255)  #334D80FF  srgba(51,77,128,1)
93,36: (51,77,128,255)  #334D80FF  srgba(51,77,128,1)
94,36: (51,77,128,255)  #334D80FF  srgba(51,77,128,1)
95,36: (51,77,128,255)  #334D80FF  srgba(51,77,128,1)
96,36: (51,77,128,255)  #334D80FF  srgba(51,77,128,1)
97,36: (51,77,128,255)  #334D80FF  srgba(51,77,128,1)
98,36: (51,77,128,255)  #334D80FF  srgba(51,77,128,1)
99,36: (51,77,128,255)  #334D80FF  srgba(51,77,128,1)
0,37: (51,77,128,255)  #334D80FF  srgba(51,77,128,1)
1,37: (51,77,128,255)  #334D80FF  srgba(51,77,128,1)
2,37: (51,77,128,255)  #334D80FF  srgba(51,77,128,1)
3,37: (51,77,128,255)  #334D80FF  srgba(51,77,128,1)
4,37: (51,77,128,255)  #334D80FF  srgba(51,77,128,1)
5,37: (51,77,128,255)  #334D80FF  srgba(51,77,128,1)
6,37: (51,77,128,255)  #334D80FF  srgba(51,77,128,1)
7,37: (51,77,128,255)  #334D80FF  srgba(51,77,128,1)
8,37: (51,77,128,255)  #334D80FF  srgba(51,77,128,1)
9,37: (51,77,128,255)  #334D80FF  srgba(51,77,128,1)
10,37: (51,77,128,255)  #334D80FF  srgba(51,77,128,1)
11,37: (51,77,128,255)  #334D80FF  srgba(51,77,128,1)
12,37: (51,77,128,255)  #334D80FF  srgba(51,77,128,1)
13,37: (51,77,128,255)  #334D80FF  srgba(51,77,128,1)
14,37: (51,77,128,255)  #334D80FF  srgba(51,77,128,1)
15,37: (51,77,128,255)  #334D80FF  srgba(51,77,128,1)
16,37: (51,77,128,255)  #334D80FF  srgba(51,77,128,1)
17,37: (51,77,128,255)  #334D80FF  srgba(51,77,128,1)
18,37: (51,77,128,255)  #334D80FF  srgba(51,77,128,1)
19,37: (51,77,128,255)  #334D80FF  srgba(51,77,128,1)
20,37: (51,77,128,255)  #334D80FF  srgba(51,77,128,1)
21,37: (51,77,128,255)  #334D80FF  srgba(51,77,128,1)
22,37: (51,77,128,255)  #334D80FF  srgba(51,77,128,1)
23,37: (51,77,128,255)  #334D80FF  srgba(51,77,128,1)
24,37: (51,77,128,255)  #334D80FF  srgba(51,77,128,1)
25,37: (51,77,128,255)  #334D80FF  srgba(51,77,128,1)
26,37: (51,77,128,255)  #334D80FF  srgba(51,77,128,1)
27,37: (51,77,128,255)  #334D80FF  srgba(51,77,128,1)
28,37: (51,77,128,255)  #334D80FF  srgba(51,77,128,1)
29,37: (51,77,128,255)  #334D80FF  srgba(51,77,128,1)
30,37: (51,77,128,255)  #334D80FF  srgba(51,77,128,1)
31,37: (51,77,128,255)  #334D80FF  srgba(51,77,128,1)
32,37: (51,77,128,255)  #334D80FF  srgba(51,77,128,1)
33,37: (51,77,128,255)  #334D80FF  srgba(51,77,128,1)
34,37: (51,77,128,255)  #334D80FF  srgba(51,77,128,1)
35,37: (51,77,128,255)  #334D80FF  srgba(51,77,128,1)
36,37: (51,77,128,255)  #334D80FF  srgba(51,77,128,1)
37,37: (51,77,128,255)  #334D80FF  srgba(51,77,128,1)
38,37: (51,77,128,255)  #334D80FF  srgba(51,77,128,1)
39,37: (51,77,128,255)  #334D80FF  srgba(51,77,128,1)
40,37: (51,77,128,255)  #334D80FF  srgba(51,77,128,1)
41,37: (51,77,128,255)  #334D80FF  srgba(51,77,128,1)
42,37: (51,77,128,255)  #334D80FF  srgba(51,77,128,1)
43,37: (51,77,128,255)  #334D80FF  srgba(51,77,128,1)
44,37: (51,77,128,255)  #334D80FF  srgba(51,77,128,1)
45,37: (51,77,128,255)  #334D80FF  srgba(51,77,128,1)
46,37: (51,77,128,255)  #334D80FF  srgba(51,77,128,1)
47,37: (51,77,128,255)  #334D80FF  srgba(51,77,128,1)
48,37: (51,77,128,255)  #334D80FF  srgba(51,77,128,1)
49,37: (51,77,128,255)  #334D80FF  srgba(51,77,128,1)
50,37: (51,77,128,255)  #334D80FF  srgba(51,77,128,1)
51,37: (51,77,128,255)  #334D80FF  srgba(51,77,128,1)
52,37: (51,77,128,255)  #334D80FF  srgba(51,77,128,1)
53,37: (51,77,128,255)  #334D80FF  srgba(51,77,128,1)
54,37: (51,77,128,255)  #334D80FF  srgba(51,77,128,1)
55,37: (51,77,128,255)  #334D80FF  srgba(51,77,128,1)
56,37: (51,77,128,255)  #334D80FF  srgba(51,77,128,1)
57,37: (51,77,128,255)  #334D80FF  srgba(51,77,128,1)
58,37: (51,77,128,255)  #334D80FF  srgba(51,77,128,1)
59,37: (51,77,128,255)  #334D80FF  srgba(51,77,128,1)
60,37: (51,77,128,255)  #334D80FF  srgba(51,77,128,1)
61,37: (51,77,128,255)  #334D80FF  srgba(51,77,128,1)
62,37: (51,77,128,255)  #334D80FF  srgba(51,77,128,1)
63,37: (51,77,128,255)  #334D80FF  srgba(51,77,128,1)
64,37: (51,77,128,255)  #334D80FF  srgba(51,77,128,1)
65,37: (51,77,128,255)  #334D80FF  srgba(51,77,128,1)
66,37: (51,77,128,255)  #334D80FF  srgba(51,77,128,1)
67,37: (51,77,128,255)  #334D80FF  srgba(51,77,128,1)
68,37: (51,77,128,255)  #334D80FF  srgba(51,77,128,1)
69,37: (51,77,128,255)  #334D80FF  srgba(51,77,128,1)
70,37: (51,77,128,255)  #334D80FF  srgba(51,77,128,1)
71,37: (51,77,128,255)  #334D80FF  srgba(51,77,128,1)
72,37: (51,77,128,255)  #334D80FF  srgba(51,77,128,1)
73,37: (51,77,128,255)  #334D80FF  srgba(51,77,128,1)
74,37: (51,77,128,255)  #334D80FF  srgba(51,77,128,1)
75,37: (51,77,128,255)  #334D80FF  srgba(51,77,128,1)
76,37: (51,77,128,255)  #334D80FF  srgba(51,77,128,1)
77,37: (51,77,128,255)  #334D80FF  srgba(51,77,128,1)
78,37: (51,77,128,255)  #334D80FF  srgba(51,77,128,1)
79,37: (51,77,128,255)  #334D80FF  srgba(51,77,128,1)
80,37: (51,77,128,255)  #334D80FF  srgba(51,77,128,1)
81,37: (51,77,128,255)  #334D80FF  srgba(51,77,128,1)
82,37: (51,77,128,255)  #334D80FF  srgba(51,77,128,1)
83,37: (51,77,128,255)  #334D80FF  srgba(51,77,128,1)
84,37: (51,77,128,255)  #334D80FF  srgba(51,77,128,1)
85,37: (51,77,128,255)  #334D80FF  srgba(51,77,128,1)
86,37: (51,77,128,255)  #334D80FF  srgba(51,77,128,1)
87,37: (51,77,128,255)  #334D80FF  srgba(51,77,128,1)
88,37: (51,77,128,255)  #334D80FF  srgba(51,77,128,1)
89,37: (51,77,128,255)  #334D80FF  srgba(51,77,128,1)
90,37: (51,77,128,255)  #334D80FF  srgba(51,77,128,1)
91,37: (51,77,128,255)  #334D80FF  srgba(51,77,128,1)
92,37: (51,77,128,255)  #334D80FF  srgba(51,77,128,1)
93,37: (51,77,128,255)  #334D80FF  srgba(51,77,128,1)
94,37: (51,77,128,255)  #334D80FF  srgba(51,77,128,1)
95,37: (51,77,128,255)  #334D80FF  srgba(51,77,128,1)
96,37: (51,77,128,255)  #334D80FF  srgba(51,77,128,1)
97,37: (51,77,128,255)  #334D80FF  srgba(51,77,128,1)
98,37: (51,77,128,255)  #334D80FF  srgba(51,77,128,1)
99,37: (51,77,128,255)  #334D80FF  srgba(51,77,128,1)
0,38: (51,77,128,255)  #334D80FF  srgba(51,77,128,1)
1,38: (51,77,128,255)  #334D80FF  srgba(51,77,128,1)
2,38: (51,77,128,255)  #334D80FF  srgba(51,77,128,1)
3,38: (51,77,128,255)  #334D80FF  srgba(51,77,128,1)
4,38: (51,77,128,255)  #334D80FF  srgba(51,77,128,1)
5,38: (51,77,128,255)  #334D80FF  srgba(51,77,128,1)
6,38: (51,77,128,255)  #334D80FF  srgba(51,77,128,1)
7,38: (51,77,128,255)  #334D80FF  srgba(51,77,128,1)
8,38: (51,77,128,255)  #334D80FF  srgba(51,77,128,1)
9,38: (51,77,128,255)  #334D80FF  srgba(51,77,128,1)
10,38: (51,77,128,255)  #334D80FF  srgba(51,77,128,1)
11,38: (51,77,128,255)  #334D80FF  srgba(51,77,128,1)
12,38: (51,77,128,255)  #334D80FF  srgba(51,77,128,1)
13,38: (51,77,128,255)  #334D80FF  srgba(51,77,128,1)
14,38: (51,77,128,255)  #334D80FF  srgba(51,77,128,1)
15,38: (51,77,128,255)  #334D80FF  srgba(51,77,128,1)
16,38: (51,77,128,255)  #334D80FF  srgba(51,77,128,1)
17,38: (51,77,128,255)  #334D80FF  srgba(51,77,128,1)
18,38: (51,77,128,255)  #334D80FF  srgba(51,77,128,1)
19,38: (51,77,128,255)  #334D80FF  srgba(51,77,128,1)
20,38: (51,77,128,255)  #334D80FF  srgba(51,77,128,1)
21,38: (51,77,128,255)  #334D80FF  srgba(51,77,128,1)
22,38: (51,77,128,255)  #334D80FF  srgba(51,77,128,1)
23,38: (51,77,128,255)  #334D80FF  srgba(51,77,128,1)
24,38: (51,77,128,255)  #334D80FF  srgba(51,77,128,1)
25,38: (51,77,128,255)  #334D80FF  srgba(51,77,128,1)
26,38: (51,77,128,255)  #334D80FF  srgba(51,77,128,1)
27,38: (51,77,128,255)  #334D80FF  srgba(51,77,128,1)
28,38: (51,77,128,255)  #334D80FF  srgba(51,77,128,1)
29,38: (51,77,128,255)  #334D80FF  srgba(51,77,128,1)
30,38: (51,77,128,255)  #334D80FF  srgba(51,77,128,1)
31,38: (51,77,128,255)  #334D80FF  srgba(51,77,128,1)
32,38: (51,77,128,255)  #334D80FF  srgba(51,77,128,1)
33,38: (51,77,128,255)  #334D80FF  srgba(51,77,128,1)
34,38: (51,77,128,255)  #334D80FF  srgba(51,77,128,1)
35,38: (51,77,128,255)  #334D80FF  srgba(51,77,128,1)
36,38: (51,77,128,255)  #334D80FF  srgba(51,77,128,1)
37,38: (51,77,128,255)  #334D80FF  srgba(51,77,128,1)
38,38: (51,77,128,255)  #334D80FF  srgba(51,77,128,1)
39,38: (51,77,128,255)  #334D80FF  srgba(51,77,128,1)
40,38: (51,77,128,255)  #334D80FF  srgba(51,77,128,1)
41,38: (51,77,128,255)  #334D80FF  srgba(51,77,128,1)
42,38: (51,77,128,255)  #334D80FF  srgba(51,77,128,1)
43,38: (51,77,128,255)  #334D80FF  srgba(51,77,128,1)
44,38: (51,77,128,255)  #334D80FF  srgba(51,77,128,1)
45,38: (51,77,128,255)  #334D80FF  srgba(51,77,128,1)
46,38: (51,77,128,255)  #334D80FF  srgba(51,77,128,1)
47,38: (51,77,128,255)  #334D80FF  srgba(51,77,128,1)
48,38: (51,77,128,255)  #334D80FF  srgba(51,77,128,1)
49,38: (51,77,128,255)  #334D80FF  srgba(51,77,128,1)
50,38: (51,77,128,255)  #334D80FF  srgba(51,77,128,1)
51,38: (51,77,128,255)  #334D80FF  srgba(51,77,128,1)
52,38: (51,77,128,255)  #334D80FF  srgba(51,77,128,1)
53,38: (51,77,128,255)  #334D80FF  srgba(51,77,128,1)
54,38: (51,77,128,255)  #334D80FF  srgba(51,77,128,1)
55,38: (51,77,128,255)  #334D80FF  srgba(51,77,128,1)
56,38: (51,77,128,255)  #334D80FF  srgba(51,77,128,1)
57,38: (51,77,128,255)  #334D80FF  srgba(51,77,128,1)
58,38: (51,77,128,255)  #334D80FF  srgba(51,77,128,1)
59,38: (51,77,128,255)  #334D80FF  srgba(51,77,128,1)
60,38: (51,77,128,255)  #334D80FF  srgba(51,77,128,1)
61,38: (51,77,128,255)  #334D80FF  srgba(51,77,128,1)
62,38: (51,77,128,255)  #334D80FF  srgba(51,77,128,1)
63,38: (51,77,128,255)  #334D80FF  srgba(51,77,128,1)
64,38: (51,77,128,255)  #334D80FF  srgba(51,77,128,1)
65,38: (51,77,128,255)  #334D80FF  srgba(51,77,128,1)
66,38: (51,77,128,255)  #334D80FF  srgba(51,77,128,1)
67,38: (51,77,128,255)  #334D80FF  srgba(51,77,128,1)
68,38: (51,77,128,255)  #334D80FF  srgba(51,77,128,1)
69,38: (51,77,128,255)  #334D80FF  srgba(51,77,128,1)
70,38: (51,77,128,255)  #334D80FF  srgba(51,77,128,1)
71,38: (51,77,128,255)  #334D80FF  srgba(51,77,128,1)
72,38: (51,77,128,255)  #334D80FF  srgba(51,77,128,1)
73,38: (51,77,128,255)  #334D80FF  srgba(51,77,128,1)
74,38: (51,77,128,255)  #334D80FF  srgba(51,77,128,1)
75,38: (51,77,128,255)  #334D80FF  srgba(51,77,128,1)
76,38: (51,77,128,255)  #334D80FF  srgba(51,77,128,1)
77,38: (51,77,128,255)  #334D80FF  srgba(51,77,128,1)
78,38: (51,77,128,255)  #334D80FF  srgba(51,77,128,1)
79,38: (51,77,128,255)  #334D80FF  srgba(51,77,128,1)
80,38: (51,77,128,255)  #334D80FF  srgba(51,77,128,1)
81,38: (51,77,128,255)  #334D80FF  srgba(51,77,128,1)
82,38: (51,77,128,255)  #334D80FF  srgba(51,77,128,1)
83,38: (51,77,128,255)  #334D80FF  srgba(51,77,128,1)
84,38: (51,77,128,255)  #334D80FF  srgba(51,77,128,1)
85,38: (51,77,128,255)  #334D80FF  srgba(51,77,128,1)
86,38: (51,77,128,255)  #334D80FF  srgba(51,77,128,1)
87,38: (51,77,128,255)  #334D80FF  srgba(51,77,128,1)
88,38: (51,77,128,255)  #334D80FF  srgba(51,77,128,1)
89,38: (51,77,128,255)  #334D80FF  srgba(51,77,128,1)
90,38: (51,77,128,255)  #334D80FF  srgba(51,77,128,1)
91,38: (51,77,128,255)  #334D80FF  srgba(51,77,128,1)
92,38: (51,77,128,255)  #334D80FF  srgba(51,77,128,1)
93,38: (51,77,128,255)  #334D80FF  srgba(51,77,128,1)
94,38: (51,77,128,255)  #334D80FF  srgba(51,77,128,1)
95,38: (51,77,128,255)  #334D80FF  srgba(51,77,128,1)
96,38: (51,77,128,255)  #334D80FF  srgba(51,77,128,1)
97,38: (51,77,128,255)  #334D80FF  srgba(51,77,128,1)
98,38: (51,77,128,255)  #334D80FF  srgba(51,77,128,1)
99,38: (51,77,128,255)  #334D80FF  srgba(51,77,128,1)
0,39: (51,77,128,255)  #334D80FF  srgba(51,77,128,1)
1,39: (51,77,128,255)  #334D80FF  srgba(51,77,128,1)
2,39: (51,77,128,255)  #334D80FF  srgba(51,77,128,1)
3,39: (51,77,128,255)  #334D80FF  srgba(51,77,128,1)
4,39: (51,77,128,255)  #334D80FF  srgba(51,77,128,1)
5,39: (51,77,128,255)  #334D80FF  srgba(51,77,128,1)
6,39: (51,77,128,255)  #334D80FF  srgba(51,77,128,1)
7,39: (51,77,128,255)  #334D80FF  srgba(51,77,128,1)
8,39: (51,77,128,255)  #334D80FF  srgba(51,77,128,1)
9,39: (51,77,128,255)  #334D80FF  srgba(51,77,128,1)
10,39: (51,77,128,255)  #334D80FF  srgba(51,77,128,1)
11,39: (51,77,128,255)  #334D80FF  srgba(51,77,128,1)
12,39: (51,77,128,255)  #334D80FF  srgba(51,77,128,1)
13,39: (51,77,128,255)  #334D80FF  srgba(51,77,128,1)
14,39: (51,77,128,255)  #334D80FF  srgba(51,77,128,1)
15,39: (51,77,128,255)  #334D80FF  srgba(51,77,128,1)
16,39: (51,77,128,255)  #334D80FF  srgba(51,77,128,1)
17,39: (51,77,128,255)  #334D80FF  srgba(51,77,128,1)
18,39: (51,77,128,255)  #334D80FF  srgba(51,77,128,1)
19,39: (51,77,128,255)  #334D80FF  srgba(51,77,128,1)
20,39: (51,77,128,255)  #334D80FF  srgba(51,77,128,1)
21,39: (51,77,128,255)  #334D80FF  srgba(51,77,128,1)
22,39: (51,77,128,255)  #334D80FF  srgba(51,77,128,1)
23,39: (51,77,128,255)  #334D80FF  srgba(51,77,128,1)
24,39: (51,77,128,255)  #334D80FF  srgba(51,77,128,1)
25,39: (51,77,128,255)  #334D80FF  srgba(51,77,128,1)
26,39: (51,77,128,255)  #334D80FF  srgba(51,77,128,1)
27,39: (51,77,128,255)  #334D80FF  srgba(51,77,128,1)
28,39: (51,77,128,255)  #334D80FF  srgba(51,77,128,1)
29,39: (51,77,128,255)  #334D80FF  srgba(51,77,128,1)
30,39: (51,77,128,255)  #334D80FF  srgba(51,77,128,1)
31,39: (51,77,128,255)  #334D80FF  srgba(51,77,128,1)
32,39: (51,77,128,255)  #334D80FF  srgba(51,77,128,1)
33,39: (51,77,128,255)  #334D80FF  srgba(51,77,128,1)
34,39: (51,77,128,255)  #334D80FF  srgba(51,77,128,1)
35,39: (51,77,128,255)  #334D80FF  srgba(51,77,128,1)
36,39: (51,77,128,255)  #334D80FF  srgba(51,77,128,1)
37,39: (51,77,128,255)  #334D80FF  srgba(51,77,128,1)
38,39: (51,77,128,255)  #334D80FF  srgba(51,77,128,1)
39,39: (51,77,128,255)  #334D80FF  srgba(51,77,128,1)
40,39: (51,77,128,255)  #334D80FF  srgba(51,77,128,1)
41,39: (51,77,128,255)  #334D80FF  srgba(51,77,128,1)
42,39: (51,77,128,255)  #334D80FF  srgba(51,77,128,1)
43,39: (51,77,128,255)  #334D80FF  srgba(51,77,128,1)
44,39: (51,77,128,255)  #334D80FF  srgba(51,77,128,1)
45,39: (51,77,128,255)  #334D80FF  srgba(51,77,128,1)
46,39: (51,77,128,255)  #334D80FF  srgba(51,77,128,1)
47,39: (51,77,128,255)  #334D80FF  srgba(51,77,128,1)
48,39: (51,77,128,255)  #334D80FF  srgba(51,77,128,1)
49,39: (51,77,128,255)  #334D80FF  srgba(51,77,128,1)
50,39: (51,77,128,255)  #334D80FF  srgba(51,77,128,1)
51,39: (51,77,128,255)  #334D80FF  srgba(51,77,128,1)
52,39: (51,77,128,255)  #334D80FF  srgba(51,77,128,1)
53,39: (51,77,128,255)  #334D80FF  srgba(51,77,128,1)
54,39: (51,77,128,255)  #334D80FF  srgba(51,77,128,1)
55,39: (51,77,128,255)  #334D80FF  srgba(51,77,128,1)
56,39: (51,77,128,255)  #334D80FF  srgba(51,77,128,1)
57,39: (51,77,128,255)  #334D80FF  srgba(51,77,128,1)
58,39: (51,77,128,255)  #334D80FF  srgba(51,77,128,1)
59,39: (51,77,128,255)  #334D80FF  srgba(51,77,128,1)
60,39: (51,77,128,255)  #334D80FF  srgba(51,77,128,1)
61,39: (51,77,128,255)  #334D80FF  srgba(51,77,128,1)
62,39: (51,77,128,255)  #334D80FF  srgba(51,77,128,1)
63,39: (51,77,128,255)  #334D80FF  srgba(51,77,128,1)
64,39: (51,77,128,255)  #334D80FF  srgba(51,77,128,1)
65,39: (51,77,128,255)  #334D80FF  srgba(51,77,128,1)
66,39: (51,77,128,255)  #334D80FF  srgba(51,77,128,1)
67,39: (51,77,128,255)  #334D80FF  srgba(51,77,128,1)
68,39: (51,77,128,255)  #334D80FF  srgba(51,77,128,1)
69,39: (51,77,128,255)  #334D80FF  srgba(51,77,128,1)
70,39: (51,77,128,255)  #334D80FF  srgba(51,77,128,1)
71,39: (51,77,128,255)  #334D80FF  srgba(51,77,128,1)
72,39: (51,77,128,255)  #334D80FF  srgba(51,77,128,1)
73,39: (51,77,128,255)  #334D80FF  srgba(51,77,128,1)
74,39: (51,77,128,255)  #334D80FF  srgba(51,77,128,1)
75,39: (51,77,128,255)  #334D80FF  srgba(51,77,128,1)
76,39: (51,77,128,255)  #334D80FF  srgba(51,77,128,1)
77,39: (51,77,128,255)  #334D80FF  srgba(51,77,128,1)
78,39: (51,77,128,255)  #334D80FF  srgba(51,77,128,1)
79,39: (51,77,128,255)  #334D80FF  srgba(51,77,128,1)
80,39: (51,77,128,255)  #334D80FF  srgba(51,77,128,1)
81,39: (51,77,128,255)  #334D80FF  srgba(51,77,128,1)
82,39: (51,77,128,255)  #334D80FF  srgba(51,77,128,1)
83,39: (51,77,128,255)  #334D80FF  srgba(51,77,128,1)
84,39: (51,77,128,255)  #334D80FF  srgba(51,77,128,1)
85,39: (51,77,128,255)  #334D80FF  srgba(51,77,128,1)
86,39: (51,77,128,255)  #334D80FF  srgba(51,77,128,1)
87,39: (51,77,128,255)  #334D80FF  srgba(51,77,128,1)
88,39: (51,77,128,255)  #334D80FF  srgba(51,77,128,1)
89,39: (51,77,128,255)  #334D80FF  srgba(51,77,128,1)
90,39: (51,77,128,255)  #334D80FF  srgba(51,77,128,1)
91,39: (51,77,128,255)  #334D80FF  srgba(51,77,128,1)
92,39: (51,77,128,255)  #334D80FF  srgba(51,77,128,1)
93,39: (51,77,128,255)  #334D80FF  srgba(51,77,128,1)
94,39: (51,77,128,255)  #334D80FF  srgba(51,77,128,1)
95,39: (51,77,128,255)  #334D80FF  srgba(51,77,128,1)
96,39: (51,77,128,255)  #334D80FF  srgba(51,77,128,1)
97,39: (51,77,128,255)  #334D80FF  srgba(51,77,128,1)
98,39: (51,77,128,255)  #334D80FF  srgba(51,77,128,1)
99,39: (51,77,128,255)  #334D80FF  srgba(51,77,128,1)
0,40: (51,77,128,255)  #334D80FF  srgba(51,77,128,1)
1,40: (51,77,128,255)  #334D80FF  srgba(51,77,128,1)
2,40: (51,77,128,255)  #334D80FF  srgba(51,77,128,1)
3,40: (51,77,128,255)  #334D80FF  srgba(51,77,128,1)
4,40: (51,77,128,255)  #334D80FF  srgba(51,77,128,1)
5,40: (51,77,128,255)  #334D80FF  srgba(51,77,128,1)
6,40: (51,77,128,255)  #334D80FF  srgba(51,77,128,1)
7,40: (51,77,128,255)  #334D80FF  srgba(51,77,128,1)
8,40: (51,77,128,255)  #334D80FF  srgba(51,77,128,1)
9,40: (51,77,128,255)  #334D80FF  srgba(51,77,128,1)
10,40: (51,77,128,255)  #334D80FF  srgba(51,77,128,1)
11,40: (51,77,128,255)  #334D80FF  srgba(51,77,128,1)
12,40: (51,77,128,255)  #334D80FF  srgba(51,77,128,1)
13,40: (51,77,128,255)  #334D80FF  srgba(51,77,128,1)
14,40: (51,77,128,255)  #334D80FF  srgba(51,77,128,1)
15,40: (51,77,128,255)  #334D80FF  srgba(51,77,128,1)
16,40: (51,77,128,255)  #334D80FF  srgba(51,77,128,1)
17,40: (51,77,128,255)  #334D80FF  srgba(51,77,128,1)
18,40: (51,77,128,255)  #334D80FF  srgba(51,77,128,1)
19,40: (51,77,128,255)  #334D80FF  srgba(51,77,128,1)
20,40: (51,77,128,255)  #334D80FF  srgba(51,77,128,1)
21,40: (51,77,128,255)  #334D80FF  srgba(51,77,128,1)
22,40: (51,77,128,255)  #334D80FF  srgba(51,77,128,1)
23,40: (51,77,128,255)  #334D80FF  srgba(51,77,128,1)
24,40: (51,77,128,255)  #334D80FF  srgba(51,77,128,1)
25,40: (51,77,128,255)  #334D80FF  srgba(51,77,128,1)
26,40: (51,77,128,255)  #334D80FF  srgba(51,77,128,1)
27,40: (51,77,128,255)  #334D80FF  srgba(51,77,128,1)
28,40: (51,77,128,255)  #334D80FF  srgba(51,77,128,1)
29,40: (51,77,128,255)  #334D80FF  srgba(51,77,128,1)
30,40: (51,77,128,255)  #334D80FF  srgba(51,77,128,1)
31,40: (51,77,128,255)  #334D80FF  srgba(51,77,128,1)
32,40: (51,77,128,255)  #334D80FF  srgba(51,77,128,1)
33,40: (51,77,128,255)  #334D80FF  srgba(51,77,128,1)
34,40: (51,77,128,255)  #334D80FF  srgba(51,77,128,1)
35,40: (51,77,128,255)  #334D80FF  srgba(51,77,128,1)
36,40: (51,77,128,255)  #334D80FF  srgba(51,77,128,1)
37,40: (51,77,128,255)  #334D80FF  srgba(51,77,128,1)
38,40: (51,77,128,255)  #334D80FF  srgba(51,77,128,1)
39,40: (51,77,128,255)  #334D80FF  srgba(51,77,128,1)
40,40: (51,77,128,255)  #334D80FF  srgba(51,77,128,1)
41,40: (51,77,128,255)  #334D80FF  srgba(51,77,128,1)
42,40: (51,77,128,255)  #334D80FF  srgba(51,77,128,1)
43,40: (51,77,128,255)  #334D80FF  srgba(51,77,128,1)
44,40: (51,77,128,255)  #334D80FF  srgba(51,77,128,1)
45,40: (51,77,128,255)  #334D80FF  srgba(51,77,128,1)
46,40: (51,77,128,255)  #334D80FF  srgba(51,77,128,1)
47,40: (51,77,128,255)  #334D80FF  srgba(51,77,128,1)
48,40: (51,77,128,255)  #334D80FF  srgba(51,77,128,1)
49,40: (51,77,128,255)  #334D80FF  srgba(51,77,128,1)
50,40: (51,77,128,255)  #334D80FF  srgba(51,77,128,1)
51,40: (51,77,128,255)  #334D80FF  srgba(51,77,128,1)
52,40: (51,77,128,255)  #334D80FF  srgba(51,77,128,1)
53,40: (51,77,128,255)  #334D80FF  srgba(51,77,128,1)
54,40: (51,77,128,255)  #334D80FF  srgba(51,77,128,1)
55,40: (51,77,128,255)  #334D80FF  srgba(51,77,128,1)
56,40: (51,77,128,255)  #334D80FF  srgba(51,77,128,1)
57,40: (51,77,128,255)  #334D80FF  srgba(51,77,128,1)
58,40: (51,77,128,255)  #334D80FF  srgba(51,77,128,1)
59,40: (51,77,128,255)  #334D80FF  srgba(51,77,128,1)
60,40: (51,77,128,255)  #334D80FF  srgba(51,77,128,1)
61,40: (51,77,128,255)  #334D80FF  srgba(51,77,128,1)
62,40: (51,77,128,255)  #334D80FF  srgba(51,77,128,1)
63,40: (51,77,128,255)  #334D80FF  srgba(51,77,128,1)
64,40: (51,77,128,255)  #334D80FF  srgba(51,77,128,1)
65,40: (51,77,128,255)  #334D80FF  srgba(51,77,128,1)
66,40: (51,77,128,255)  #334D80FF  srgba(51,77,128,1)
67,40: (51,77,128,255)  #334D80FF  srgba(51,77,128,1)
68,40: (51,77,128,255)  #334D80FF  srgba(51,77,128,1)
69,40: (51,77,128,255)  #334D80FF  srgba(51,77,128,1)
70,40: (51,77,128,255)  #334D80FF  srgba(51,77,128,1)
71,40: (51,77,128,255)  #334D80FF  srgba(51,77,128,1)
72,40: (51,77,128,255)  #334D80FF  srgba(51,77,128,1)
73,40: (51,77,128,255)  #334D80FF  srgba(51,77,128,1)
74,40: (51,77,128,255)  #334D80FF  srgba(51,77,128,1)
75,40: (51,77,128,255)  #334D80FF  srgba(51,77,128,1)
76,40: (51,77,128,255)  #334D80FF  srgba(51,77,128,1)
77,40: (51,77,128,255)  #334D80FF  srgba(51,77,128,1)
78,40: (51,77,128,255)  #334D80FF  srgba(51,77,128,1)
79,40: (51,77,128,255)  #334D80FF  srgba(51,77,128,1)
80,40: (51,77,128,255)  #334D80FF  srgba(51,77,128,1)
81,40: (51,77,128,255)  #334D80FF  srgba(51,77,128,1)
82,40: (51,77,128,255)  #334D80FF  srgba(51,77,128,1)
83,40: (51,77,128,255)  #334D80FF  srgba(51,77,128,1)
84,40: (51,77,128,255)  #334D80FF  srgba(51,77,128,1)
85,40: (51,77,128,255)  #334D80FF  srgba(51,77,128,1)
86,40: (51,77,128,255)  #334D80FF  srgba(51,77,128,1)
87,40: (51,77,128,255)  #334D80FF  srgba(51,77,128,1)
88,40: (51,77,128,255)  #334D80FF  srgba(51,77,128,1)
89,40: (51,77,128,255)  #334D80FF  srgba(51,77,128,1)
90,40: (51,77,128,255)  #334D80FF  srgba(51,77,128,1)
91,40: (51,77,128,255)  #334D80FF  srgba(51,77,128,1)
92,40: (51,77,128,255)  #334D80FF  srgba(51,77,128,1)
93,40: (51,77,128,255)  #334D80FF  srgba(51,77,128,1)
94,40: (51,77,128,255)  #334D80FF  srgba(51,77,128,1)
95,40: (51,77,128,255)  #334D80FF  srgba(51,77,128,1)
96,40: (51,77,128,255)  #334D80FF  srgba(51,77,128,1)
97,40: (51,77,128,255)  #334D80FF  srgba(51,77,128,1)
98,40: (51,77,128,255)  #334D80FF  srgba(51,77,128,1)
99,40: (51,77,128,255)  #334D80FF  srgba(51,77,128,1)
0,41: (51,77,128,255)  #334D80FF  srgba(51,77,128,1)
1,41: (51,77,128,255)  #334D80FF  srgba(51,77,128,1)
2,41: (51,77,128,255)  #334D80FF  srgba(51,77,128,1)
3,41: (51,77,128,255)  #334D80FF  srgba(51,77,128,1)
4,41: (51,77,128,255)  #334D80FF  srgba(51,77,128,1)
5,41: (51,77,128,255)  #334D80FF  srgba(51,77,128,1)
6,41: (51,77,128,255)  #334D80FF  srgba(51,77,128,1)
7,41: (51,77,128,255)  #334D80FF  srgba(51,77,128,1)
8,41: (51,77,128,255)  #334D80FF  srgba(51,77,128,1)
9,41: (51,77,128,255)  #334D80FF  srgba(51,77,128,1)
10,41: (51,77,128,255)  #334D80FF  srgba(51,77,128,1)
11,41: (51,77,128,255)  #334D80FF  srgba(51,77,128,1)
12,41: (51,77,128,255)  #334D80FF  srgba(51,77,128,1)
13,41: (51,77,128,255)  #334D80FF  srgba(51,77,128,1)
14,41: (51,77,128,255)  #334D80FF  srgba(51,77,128,1)
15,41: (51,77,128,255)  #334D80FF  srgba(51,77,128,1)
16,41: (51,77,128,255)  #334D80FF  srgba(51,77,128,1)
17,41: (51,77,128,255)  #334D80FF  srgba(51,77,128,1)
18,41: (51,77,128,255)  #334D80FF  srgba(51,77,128,1)
19,41: (51,77,128,255)  #334D80FF  srgba(51,77,128,1)
20,41: (51,77,128,255)  #334D80FF  srgba(51,77,128,1)
21,41: (51,77,128,255)  #334D80FF  srgba(51,77,128,1)
22,41: (51,77,128,255)  #334D80FF  srgba(51,77,128,1)
23,41: (51,77,128,255)  #334D80FF  srgba(51,77,128,1)
24,41: (51,77,128,255)  #334D80FF  srgba(51,77,128,1)
25,41: (51,77,128,255)  #334D80FF  srgba(51,77,128,1)
26,41: (51,77,128,255)  #334D80FF  srgba(51,77,128,1)
27,41: (51,77,128,255)  #334D80FF  srgba(51,77,128,1)
28,41: (51,77,128,255)  #334D80FF  srgba(51,77,128,1)
29,41: (51,77,128,255)  #334D80FF  srgba(51,77,128,1)
30,41: (51,77,128,255)  #334D80FF  srgba(51,77,128,1)
31,41: (51,77,128,255)  #334D80FF  srgba(51,77,128,1)
32,41: (51,77,128,255)  #334D80FF  srgba(51,77,128,1)
33,41: (51,77,128,255)  #334D80FF  srgba(51,77,128,1)
34,41: (51,77,128,255)  #334D80FF  srgba(51,77,128,1)
35,41: (51,77,128,255)  #334D80FF  srgba(51,77,128,1)
36,41: (51,77,128,255)  #334D80FF  srgba(51,77,128,1)
37,41: (51,77,128,255)  #334D80FF  srgba(51,77,128,1)
38,41: (51,77,128,255)  #334D80FF  srgba(51,77,128,1)
39,41: (51,77,128,255)  #334D80FF  srgba(51,77,128,1)
40,41: (51,77,128,255)  #334D80FF  srgba(51,77,128,1)
41,41: (51,77,128,255)  #334D80FF  srgba(51,77,128,1)
42,41: (51,77,128,255)  #334D80FF  srgba(51,77,128,1)
43,41: (51,77,128,255)  #334D80FF  srgba(51,77,128,1)
44,41: (51,77,128,255)  #334D80FF  srgba(51,77,128,1)
45,41: (51,77,128,255)  #334D80FF  srgba(51,77,128,1)
46,41: (51,77,128,255)  #334D80FF  srgba(51,77,128,1)
47,41: (51,77,128,255)  #334D80FF  srgba(51,77,128,1)
48,41: (51,77,128,255)  #334D80FF  srgba(51,77,128,1)
49,41: (51,77,128,255)  #334D80FF  srgba(51,77,128,1)
50,41: (51,77,128,255)  #334D80FF  srgba(51,77,128,1)
51,41: (51,77,128,255)  #334D80FF  srgba(51,77,128,1)
52,41: (51,77,128,255)  #334D80FF  srgba(51,77,128,1)
53,41: (51,77,128,255)  #334D80FF  srgba(51,77,128,1)
54,41: (51,77,128,255)  #334D80FF  srgba(51,77,128,1)
55,41: (51,77,128,255)  #334D80FF  srgba(51,77,128,1)
56,41: (51,77,128,255)  #334D80FF  srgba(51,77,128,1)
57,41: (51,77,128,255)  #334D80FF  srgba(51,77,128,1)
58,41: (51,77,128,255)  #334D80FF  srgba(51,77,128,1)
59,41: (51,77,128,255)  #334D80FF  srgba(51,77,128,1)
60,41: (51,77,128,255)  #334D80FF  srgba(51,77,128,1)
61,41: (51,77,128,255)  #334D80FF  srgba(51,77,128,1)
62,41: (51,77,128,255)  #334D80FF  srgba(51,77,128,1)
63,41: (51,77,128,255)  #334D80FF  srgba(51,77,128,1)
64,41: (51,77,128,255)  #334D80FF  srgba(51,77,128,1)
65,41: (51,77,128,255)  #334D80FF  srgba(51,77,128,1)
66,41: (51,77,128,255)  #334D80FF  srgba(51,77,128,1)
67,41: (51,77,128,255)  #334D80FF  srgba(51,77,128,1)
68,41: (51,77,128,255)  #334D80FF  srgba(51,77,128,1)
69,41: (51,77,128,255)  #334D80FF  srgba(51,77,128,1)
70,41: (51,77,128,255)  #334D80FF  srgba(51,77,128,1)
71,41: (51,77,128,255)  #334D80FF  srgba(51,77,128,1)
72,41: (51,77,128,255)  #334D80FF  srgba(51,77,128,1)
73,41: (51,77,128,255)  #334D80FF  srgba(51,77,128,1)
74,41: (51,77,128,255)  #334D80FF  srgba(51,77,128,1)
75,41: (51,77,128,255)  #334D80FF  srgba(51,77,128,1)
76,41: (51,77,128,255)  #334D80FF  srgba(51,77,128,1)
77,41: (51,77,128,255)  #334D80FF  srgba(51,77,128,1)
78,41: (51,77,128,255)  #334D80FF  srgba(51,77,128,1)
79,41: (51,77,128,255)  #334D80FF  srgba(51,77,128,1)
80,41: (51,77,128,255)  #334D80FF  srgba(51,77,128,1)
81,41: (51,77,128,255)  #334D80FF  srgba(51,77,128,1)
82,41: (51,77,128,255)  #334D80FF  srgba(51,77,128,1)
83,41: (51,77,128,255)  #334D80FF  srgba(51,77,128,1)
84,41: (51,77,128,255)  #334D80FF  srgba(51,77,128,1)
85,41: (51,77,128,255)  #334D80FF  srgba(51,77,128,1)
86,41: (51,77,128,255)  #334D80FF  srgba(51,77,128,1)
87,41: (51,77,128,255)  #334D80FF  srgba(51,77,128,1)
88,41: (51,77,128,255)  #334D80FF  srgba(51,77,128,1)
89,41: (51,77,128,255)  #334D80FF  srgba(51,77,128,1)
90,41: (51,77,128,255)  #334D80FF  srgba(51,77,128,1)
91,41: (51,77,128,255)  #334D80FF  srgba(51,77,128,1)
92,41: (51,77,128,255)  #334D80FF  srgba(51,77,128,1)
93,41: (51,77,128,255)  #334D80FF  srgba(51,77,128,1)
94,41: (51,77,128,255)  #334D80FF  srgba(51,77,128,1)
95,41: (51,77,128,255)  #334D80FF  srgba(51,77,128,1)
96,41: (51,77,128,255)  #334D80FF  srgba(51,77,128,1)
97,41: (51,77,128,255)  #334D80FF  srgba(51,77,128,1)
98,41: (51,77,128,255)  #334D80FF  srgba(51,77,128,1)
99,41: (51,77,128,255)  #334D80FF  srgba(51,77,128,1)
0,42: (51,77,128,255)  #334D80FF  srgba(51,77,128,1)
1,42: (51,77,128,255)  #334D80FF  srgba(51,77,128,1)
2,42: (51,77,128,255)  #334D80FF  srgba(51,77,128,1)
3,42: (51,77,128,255)  #334D80FF  srgba(51,77,128,1)
4,42: (51,77,128,255)  #334D80FF  srgba(51,77,128,1)
5,42: (51,77,128,255)  #334D80FF  srgba(51,77,128,1)
6,42: (51,77,128,255)  #334D80FF  srgba(51,77,128,1)
7,42: (51,77,128,255)  #334D80FF  srgba(51,77,128,1)
8,42: (51,77,128,255)  #334D80FF  srgba(51,77,128,1)
9,42: (51,77,128,255)  #334D80FF  srgba(51,77,128,1)
10,42: (51,77,128,255)  #334D80FF  srgba(51,77,128,1)
11,42: (51,77,128,255)  #334D80FF  srgba(51,77,128,1)
12,42: (51,77,128,255)  #334D80FF  srgba(51,77,128,1)
13,42: (51,77,128,255)  #334D80FF  srgba(51,77,128,1)
14,42: (51,77,128,255)  #334D80FF  srgba(51,77,128,1)
15,42: (51,77,128,255)  #334D80FF  srgba(51,77,128,1)
16,42: (51,77,128,255)  #334D80FF  srgba(51,77,128,1)
17,42: (51,77,128,255)  #334D80FF  srgba(51,77,128,1)
18,42: (51,77,128,255)  #334D80FF  srgba(51,77,128,1)
19,42: (51,77,128,255)  #334D80FF  srgba(51,77,128,1)
20,42: (51,77,128,255)  #334D80FF  srgba(51,77,128,1)
21,42: (51,77,128,255)  #334D80FF  srgba(51,77,128,1)
22,42: (51,77,128,255)  #334D80FF  srgba(51,77,128,1)
23,42: (51,77,128,255)  #334D80FF  srgba(51,77,128,1)
24,42: (51,77,128,255)  #334D80FF  srgba(51,77,128,1)
25,42: (51,77,128,255)  #334D80FF  srgba(51,77,128,1)
26,42: (51,77,128,255)  #334D80FF  srgba(51,77,128,1)
27,42: (51,77,128,255)  #334D80FF  srgba(51,77,128,1)
28,42: (51,77,128,255)  #334D80FF  srgba(51,77,128,1)
29,42: (51,77,128,255)  #334D80FF  srgba(51,77,128,1)
30,42: (51,77,128,255)  #334D80FF  srgba(51,77,128,1)
31,42: (51,77,128,255)  #334D80FF  srgba(51,77,128,1)
32,42: (51,77,128,255)  #334D80FF  srgba(51,77,128,1)
33,42: (51,77,128,255)  #334D80FF  srgba(51,77,128,1)
34,42: (51,77,128,255)  #334D80FF  srgba(51,77,128,1)
35,42: (51,77,128,255)  #334D80FF  srgba(51,77,128,1)
36,42: (51,77,128,255)  #334D80FF  srgba(51,77,128,1)
37,42: (51,77,128,255)  #334D80FF  srgba(51,77,128,1)
38,42: (51,77,128,255)  #334D80FF  srgba(51,77,128,1)
39,42: (51,77,128,255)  #334D80FF  srgba(51,77,128,1)
40,42: (51,77,128,255)  #334D80FF  srgba(51,77,128,1)
41,42: (51,77,128,255)  #334D80FF  srgba(51,77,128,1)
42,42: (51,77,128,255)  #334D80FF  srgba(51,77,128,1)
43,42: (51,77,128,255)  #334D80FF  srgba(51,77,128,1)
44,42: (51,77,128,255)  #334D80FF  srgba(51,77,128,1)
45,42: (51,77,128,255)  #334D80FF  srgba(51,77,128,1)
46,42: (51,77,128,255)  #334D80FF  srgba(51,77,128,1)
47,42: (51,77,128,255)  #334D80FF  srgba(51,77,128,1)
48,42: (51,77,128,255)  #334D80FF  srgba(51,77,128,1)
49,42: (51,77,128,255)  #334D80FF  srgba(51,77,128,1)
50,42: (51,77,128,255)  #334D80FF  srgba(51,77,128,1)
51,42: (51,77,128,255)  #334D80FF  srgba(51,77,128,1)
52,42: (51,77,128,255)  #334D80FF  srgba(51,77,128,1)
53,42: (51,77,128,255)  #334D80FF  srgba(51,77,128,1)
54,42: (51,77,128,255)  #334D80FF  srgba(51,77,128,1)
55,42: (51,77,128,255)  #334D80FF  srgba(51,77,128,1)
56,42: (51,77,128,255)  #334D80FF  srgba(51,77,128,1)
57,42: (51,77,128,255)  #334D80FF  srgba(51,77,128,1)
58,42: (51,77,128,255)  #334D80FF  srgba(51,77,128,1)
59,42: (51,77,128,255)  #334D80FF  srgba(51,77,128,1)
60,42: (51,77,128,255)  #334D80FF  srgba(51,77,128,1)
61,42: (51,77,128,255)  #334D80FF  srgba(51,77,128,1)
62,42: (51,77,128,255)  #334D80FF  srgba(51,77,128,1)
63,42: (51,77,128,255)  #334D80FF  srgba(51,77,128,1)
64,42: (51,77,128,255)  #334D80FF  srgba(51,77,128,1)
65,42: (51,77,128,255)  #334D80FF  srgba(51,77,128,1)
66,42: (51,77,128,255)  #334D80FF  srgba(51,77,128,1)
67,42: (51,77,128,255)  #334D80FF  srgba(51,77,128,1)
68,42: (51,77,128,255)  #334D80FF  srgba(51,77,128,1)
69,42: (51,77,128,255)  #334D80FF  srgba(51,77,128,1)
70,42: (51,77,128,255)  #334D80FF  srgba(51,77,128,1)
71,42: (51,77,128,255)  #334D80FF  srgba(51,77,128,1)
72,42: (51,77,128,255)  #334D80FF  srgba(51,77,128,1)
73,42: (51,77,128,255)  #334D80FF  srgba(51,77,128,1)
74,42: (51,77,128,255)  #334D80FF  srgba(51,77,128,1)
75,42: (51,77,128,255)  #334D80FF  srgba(51,77,128,1)
76,42: (51,77,128,255)  #334D80FF  srgba(51,77,128,1)
77,42: (51,77,128,255)  #334D80FF  srgba(51,77,128,1)
78,42: (51,77,128,255)  #334D80FF  srgba(51,77,128,1)
79,42: (51,77,128,255)  #334D80FF  srgba(51,77,128,1)
80,42: (51,77,128,255)  #334D80FF  srgba(51,77,128,1)
81,42: (51,77,128,255)  #334D80FF  srgba(51,77,128,1)
82,42: (51,77,128,255)  #334D80FF  srgba(51,77,128,1)
83,42: (51,77,128,255)  #334D80FF  srgba(51,77,128,1)
84,42: (51,77,128,255)  #334D80FF  srgba(51,77,128,1)
85,42: (51,77,128,255)  #334D80FF  srgba(51,77,128,1)
86,42: (51,77,128,255)  #334D80FF  srgba(51,77,128,1)
87,42: (51,77,128,255)  #334D80FF  srgba(51,77,128,1)
88,42: (51,77,128,255)  #334D80FF  srgba(51,77,128,1)
89,42: (51,77,128,255)  #334D80FF  srgba(51,77,128,1)
90,42: (51,77,128,255)  #334D80FF  srgba(51,77,128,1)
91,42: (51,77,128,255)  #334D80FF  srgba(51,77,128,1)
92,42: (51,77,128,255)  #334D80FF  srgba(51,77,128,1)
93,42: (51,77,128,255)  #334D80FF  srgba(51,77,128,1)
94,42: (51,77,128,255)  #334D80FF  srgba(51,77,128,1)
95,42: (51,77,128,255)  #334D80FF  srgba(51,77,128,1)
96,42: (51,77,128,255)  #334D80FF  srgba(51,77,128,1)
97,42: (51,77,128,255)  #334D80FF  srgba(51,77,128,1)
98,42: (51,77,128,255)  #334D80FF  srgba(51,77,128,1)
99,42: (51,77,128,255)  #334D80FF  srgba(51,77,128,1)
0,43: (51,77,128,255)  #334D80FF  srgba(51,77,128,1)
1,43: (51,77,128,255)  #334D80FF  srgba(51,77,128,1)
2,43: (51,77,128,255)  #334D80FF  srgba(51,77,128,1)
3,43: (51,77,128,255)  #334D80FF  srgba(51,77,128,1)
4,43: (51,77,128,255)  #334D80FF  srgba(51,77,128,1)
5,43: (51,77,128,255)  #334D80FF  srgba(51,77,128,1)
6,43: (51,77,128,255)  #334D80FF  srgba(51,77,128,1)
7,43: (51,77,128,255)  #334D80FF  srgba(51,77,128,1)
8,43: (51,77,128,255)  #334D80FF  srgba(51,77,128,1)
9,43: (51,77,128,255)  #334D80FF  srgba(51,77,128,1)
10,43: (51,77,128,255)  #334D80FF  srgba(51,77,128,1)
11,43: (51,77,128,255)  #334D80FF  srgba(51,77,128,1)
12,43: (51,77,128,255)  #334D80FF  srgba(51,77,128,1)
13,43: (51,77,128,255)  #334D80FF  srgba(51,77,128,1)
14,43: (51,77,128,255)  #334D80FF  srgba(51,77,128,1)
15,43: (51,77,128,255)  #334D80FF  srgba(51,77,128,1)
16,43: (51,77,128,255)  #334D80FF  srgba(51,77,128,1)
17,43: (51,77,128,255)  #334D80FF  srgba(51,77,128,1)
18,43: (51,77,128,255)  #334D80FF  srgba(51,77,128,1)
19,43: (51,77,128,255)  #334D80FF  srgba(51,77,128,1)
20,43: (51,77,128,255)  #334D80FF  srgba(51,77,128,1)
21,43: (51,77,128,255)  #334D80FF  srgba(51,77,128,1)
22,43: (51,77,128,255)  #334D80FF  srgba(51,77,128,1)
23,43: (51,77,128,255)  #334D80FF  srgba(51,77,128,1)
24,43: (51,77,128,255)  #334D80FF  srgba(51,77,128,1)
25,43: (51,77,128,255)  #334D80FF  srgba(51,77,128,1)
26,43: (51,77,128,255)  #334D80FF  srgba(51,77,128,1)
27,43: (51,77,128,255)  #334D80FF  srgba(51,77,128,1)
28,43: (51,77,128,255)  #334D80FF  srgba(51,77,128,1)
29,43: (51,77,128,255)  #334D80FF  srgba(51,77,128,1)
30,43: (51,77,128,255)  #334D80FF  srgba(51,77,128,1)
31,43: (51,77,128,255)  #334D80FF  srgba(51,77,128,1)
32,43: (51,77,128,255)  #334D80FF  srgba(51,77,128,1)
33,43: (51,77,128,255)  #334D80FF  srgba(51,77,128,1)
34,43: (51,77,128,255)  #334D80FF  srgba(51,77,128,1)
35,43: (51,77,128,255)  #334D80FF  srgba(51,77,128,1)
36,43: (51,77,128,255)  #334D80FF  srgba(51,77,128,1)
37,43: (51,77,128,255)  #334D80FF  srgba(51,77,128,1)
38,43: (51,77,128,255)  #334D80FF  srgba(51,77,128,1)
39,43: (51,77,128,255)  #334D80FF  srgba(51,77,128,1)
40,43: (51,77,128,255)  #334D80FF  srgba(51,77,128,1)
41,43: (51,77,128,255)  #334D80FF  srgba(51,77,128,1)
42,43: (51,77,128,255)  #334D80FF  srgba(51,77,128,1)
43,43: (51,77,128,255)  #334D80FF  srgba(51,77,128,1)
44,43: (51,77,128,255)  #334D80FF  srgba(51,77,128,1)
45,43: (51,77,128,255)  #334D80FF  srgba(51,77,128,1)
46,43: (51,77,128,255)  #334D80FF  srgba(51,77,128,1)
47,43: (51,77,128,255)  #334D80FF  srgba(51,77,128,1)
48,43: (51,77,128,255)  #334D80FF  srgba(51,77,128,1)
49,43: (51,77,128,255)  #334D80FF  srgba(51,77,128,1)
50,43: (51,77,128,255)  #334D80FF  srgba(51,77,128,1)
51,43: (51,77,128,255)  #334D80FF  srgba(51,77,128,1)
52,43: (51,77,128,255)  #334D80FF  srgba(51,77,128,1)
53,43: (51,77,128,255)  #334D80FF  srgba(51,77,128,1)
54,43: (51,77,128,255)  #334D80FF  srgba(51,77,128,1)
55,43: (51,77,128,255)  #334D80FF  srgba(51,77,128,1)
56,43: (51,77,128,255)  #334D80FF  srgba(51,77,128,1)
57,43: (51,77,128,255)  #334D80FF  srgba(51,77,128,1)
58,43: (51,77,128,255)  #334D80FF  srgba(51,77,128,1)
59,43: (51,77,128,255)  #334D80FF  srgba(51,77,128,1)
60,43: (51,77,128,255)  #334D80FF  srgba(51,77,128,1)
61,43: (51,77,128,255)  #334D80FF  srgba(51,77,128,1)
62,43: (51,77,128,255)  #334D80FF  srgba(51,77,128,1)
63,43: (51,77,128,255)  #334D80FF  srgba(51,77,128,1)
64,43: (51,77,128,255)  #334D80FF  srgba(51,77,128,1)
65,43: (51,77,128,255)  #334D80FF  srgba(51,77,128,1)
66,43: (51,77,128,255)  #334D80FF  srgba(51,77,128,1)
67,43: (51,77,128,255)  #334D80FF  srgba(51,77,128,1)
68,43: (51,77,128,255)  #334D80FF  srgba(51,77,128,1)
69,43: (51,77,128,255)  #334D80FF  srgba(51,77,128,1)
70,43: (51,77,128,255)  #334D80FF  srgba(51,77,128,1)
71,43: (51,77,128,255)  #334D80FF  srgba(51,77,128,1)
72,43: (51,77,128,255)  #334D80FF  srgba(51,77,128,1)
73,43: (51,77,128,255)  #334D80FF  srgba(51,77,128,1)
74,43: (51,77,128,255)  #334D80FF  srgba(51,77,128,1)
75,43: (51,77,128,255)  #334D80FF  srgba(51,77,128,1)
76,43: (51,77,128,255)  #334D80FF  srgba(51,77,128,1)
77,43: (51,77,128,255)  #334D80FF  srgba(51,77,128,1)
78,43: (51,77,128,255)  #334D80FF  srgba(51,77,128,1)
79,43: (51,77,128,255)  #334D80FF  srgba(51,77,128,1)
80,43: (51,77,128,255)  #334D80FF  srgba(51,77,128,1)
81,43: (51,77,128,255)  #334D80FF  srgba(51,77,128,1)
82,43: (51,77,128,255)  #334D80FF  srgba(51,77,128,1)
83,43: (51,77,128,255)  #334D80FF  srgba(51,77,128,1)
84,43: (51,77,128,255)  #334D80FF  srgba(51,77,128,1)
85,43: (51,77,128,255)  #334D80FF  srgba(51,77,128,1)
86,43: (51,77,128,255)  #334D80FF  srgba(51,77,128,1)
87,43: (51,77,128,255)  #334D80FF  srgba(51,77,128,1)
88,43: (51,77,128,255)  #334D80FF  srgba(51,77,128,1)
89,43: (51,77,128,255)  #334D80FF  srgba(51,77,128,1)
90,43: (51,77,128,255)  #334D80FF  srgba(51,77,128,1)
91,43: (51,77,128,255)  #334D80FF  srgba(51,77,128,1)
92,43: (51,77,128,255)  #334D80FF  srgba(51,77,128,1)
93,43: (51,77,128,255)  #334D80FF  srgba(51,77,128,1)
94,43: (51,77,128,255)  #334D80FF  srgba(51,77,128,1)
95,43: (51,77,128,255)  #334D80FF  srgba(51,77,128,1)
96,43: (51,77,128,255)  #334D80FF  srgba(51,77,128,1)
97,43: (51,77,128,255)  #334D80FF  srgba(51,77,128,1)
98,43: (51,77,128,255)  #334D80FF  srgba(51,77,128,1)
99,43: (51,77,128,255)  #334D80FF  srgba(51,77,128,1)
0,44: (51,77,128,255)  #334D80FF  srgba(51,77,128,1)
1,44: (51,77,128,255)  #334D80FF  srgba(51,77,128,1)
2,44: (51,77,128,255)  #334D80FF  srgba(51,77,128,1)
3,44: (51,77,128,255)  #334D80FF  srgba(51,77,128,1)
4,44: (51,77,128,255)  #334D80FF  srgba(51,77,128,1)
5,44: (51,77,128,255)  #334D80FF  srgba(51,77,128,1)
6,44: (51,77,128,255)  #334D80FF  srgba(51,77,128,1)
7,44: (51,77,128,255)  #334D80FF  srgba(51,77,128,1)
8,44: (51,77,128,255)  #334D80FF  srgba(51,77,128,1)
9,44: (51,77,128,255)  #334D80FF  srgba(51,77,128,1)
10,44: (51,77,128,255)  #334D80FF  srgba(51,77,128,1)
11,44: (51,77,128,255)  #334D80FF  srgba(51,77,128,1)
12,44: (51,77,128,255)  #334D80FF  srgba(51,77,128,1)
13,44: (51,77,128,255)  #334D80FF  srgba(51,77,128,1)
14,44: (51,77,128,255)  #334D80FF  srgba(51,77,128,1)
15,44: (51,77,128,255)  #334D80FF  srgba(51,77,128,1)
16,44: (51,77,128,255)  #334D80FF  srgba(51,77,128,1)
17,44: (51,77,128,255)  #334D80FF  srgba(51,77,128,1)
18,44: (51,77,128,255)  #334D80FF  srgba(51,77,128,1)
19,44: (51,77,128,255)  #334D80FF  srgba(51,77,128,1)
20,44: (51,77,128,255)  #334D80FF  srgba(51,77,128,1)
21,44: (51,77,128,255)  #334D80FF  srgba(51,77,128,1)
22,44: (51,77,128,255)  #334D80FF  srgba(51,77,128,1)
23,44: (51,77,128,255)  #334D80FF  srgba(51,77,128,1)
24,44: (51,77,128,255)  #334D80FF  srgba(51,77,128,1)
25,44: (51,77,128,255)  #334D80FF  srgba(51,77,128,1)
26,44: (51,77,128,255)  #334D80FF  srgba(51,77,128,1)
27,44: (51,77,128,255)  #334D80FF  srgba(51,77,128,1)
28,44: (51,77,128,255)  #334D80FF  srgba(51,77,128,1)
29,44: (51,77,128,255)  #334D80FF  srgba(51,77,128,1)
30,44: (51,77,128,255)  #334D80FF  srgba(51,77,128,1)
31,44: (51,77,128,255)  #334D80FF  srgba(51,77,128,1)
32,44: (51,77,128,255)  #334D80FF  srgba(51,77,128,1)
33,44: (51,77,128,255)  #334D80FF  srgba(51,77,128,1)
34,44: (51,77,128,255)  #334D80FF  srgba(51,77,128,1)
35,44: (51,77,128,255)  #334D80FF  srgba(51,77,128,1)
36,44: (51,77,128,255)  #334D80FF  srgba(51,77,128,1)
37,44: (51,77,128,255)  #334D80FF  srgba(51,77,128,1)
38,44: (51,77,128,255)  #334D80FF  srgba(51,77,128,1)
39,44: (51,77,128,255)  #334D80FF  srgba(51,77,128,1)
40,44: (51,77,128,255)  #334D80FF  srgba(51,77,128,1)
41,44: (51,77,128,255)  #334D80FF  srgba(51,77,128,1)
42,44: (51,77,128,255)  #334D80FF  srgba(51,77,128,1)
43,44: (51,77,128,255)  #334D80FF  srgba(51,77,128,1)
44,44: (51,77,128,255)  #334D80FF  srgba(51,77,128,1)
45,44: (51,77,128,255)  #334D80FF  srgba(51,77,128,1)
46,44: (51,77,128,255)  #334D80FF  srgba(51,77,128,1)
47,44: (51,77,128,255)  #334D80FF  srgba(51,77,128,1)
48,44: (51,77,128,255)  #334D80FF  srgba(51,77,128,1)
49,44: (51,77,128,255)  #334D80FF  srgba(51,77,128,1)
50,44: (51,77,128,255)  #334D80FF  srgba(51,77,128,1)
51,44: (51,77,128,255)  #334D80FF  srgba(51,77,128,1)
52,44: (51,77,128,255)  #334D80FF  srgba(51,77,128,1)
53,44: (51,77,128,255)  #334D80FF  srgba(51,77,128,1)
54,44: (51,77,128,255)  #334D80FF  srgba(51,77,128,1)
55,44: (51,77,128,255)  #334D80FF  srgba(51,77,128,1)
56,44: (51,77,128,255)  #334D80FF  srgba(51,77,128,1)
57,44: (51,77,128,255)  #334D80FF  srgba(51,77,128,1)
58,44: (51,77,128,255)  #334D80FF  srgba(51,77,128,1)
59,44: (51,77,128,255)  #334D80FF  srgba(51,77,128,1)
60,44: (51,77,128,255)  #334D80FF  srgba(51,77,128,1)
61,44: (51,77,128,255)  #334D80FF  srgba(51,77,128,1)
62,44: (51,77,128,255)  #334D80FF  srgba(51,77,128,1)
63,44: (51,77,128,255)  #334D80FF  srgba(51,77,128,1)
64,44: (51,77,128,255)  #334D80FF  srgba(51,77,128,1)
65,44: (51,77,128,255)  #334D80FF  srgba(51,77,128,1)
66,44: (51,77,128,255)  #334D80FF  srgba(51,77,128,1)
67,44: (51,77,128,255)  #334D80FF  srgba(51,77,128,1)
68,44: (51,77,128,255)  #334D80FF  srgba(51,77,128,1)
69,44: (51,77,128,255)  #334D80FF  srgba(51,77,128,1)
70,44: (51,77,128,255)  #334D80FF  srgba(51,77,128,1)
71,44: (51,77,128,255)  #334D80FF  srgba(51,77,128,1)
72,44: (51,77,128,255)  #334D80FF  srgba(51,77,128,1)
73,44: (51,77,128,255)  #334D80FF  srgba(51,77,128,1)
74,44: (51,77,128,255)  #334D80FF  srgba(51,77,128,1)
75,44: (51,77,128,255)  #334D80FF  srgba(51,77,128,1)
76,44: (51,77,128,255)  #334D80FF  srgba(51,77,128,1)
77,44: (51,77,128,255)  #334D80FF  srgba(51,77,128,1)
78,44: (51,77,128,255)  #334D80FF  srgba(51,77,128,1)
79,44: (51,77,128,255)  #334D80FF  srgba(51,77,128,1)
80,44: (51,77,128,255)  #334D80FF  srgba(51,77,128,1)
81,44: (51,77,128,255)  #334D80FF  srgba(51,77,128,1)
82,44: (51,77,128,255)  #334D80FF  srgba(51,77,128,1)
83,44: (51,77,128,255)  #334D80FF  srgba(51,77,128,1)
84,44: (51,77,128,255)  #334D80FF  srgba(51,77,128,1)
85,44: (51,77,128,255)  #334D80FF  srgba(51,77,128,1)
86,44: (51,77,128,255)  #334D80FF  srgba(51,77,128,1)
87,44: (51,77,128,255)  #334D80FF  srgba(51,77,128,1)
88,44: (51,77,128,255)  #334D80FF  srgba(51,77,128,1)
89,44: (51,77,128,255)  #334D80FF  srgba(51,77,128,1)
90,44: (51,77,128,255)  #334D80FF  srgba(51,77,128,1)
91,44: (51,77,128,255)  #334D80FF  srgba(51,77,128,1)
92,44: (51,77,128,255)  #334D80FF  srgba(51,77,128,1)
93,44: (51,77,128,255)  #334D80FF  srgba(51,77,128,1)
94,44: (51,77,128,255)  #334D80FF  srgba(51,77,128,1)
95,44: (51,77,128,255)  #334D80FF  srgba(51,77,128,1)
96,44: (51,77,128,255)  #334D80FF  srgba(51,77,128,1)
97,44: (51,77,128,255)  #334D80FF  srgba(51,77,128,1)
98,44: (51,77,128,255)  #334D80FF  srgba(51,77,128,1)
99,44: (51,77,128,255)  #334D80FF  srgba(51,77,128,1)
0,45: (51,77,128,255)  #334D80FF  srgba(51,77,128,1)
1,45: (51,77,128,255)  #334D80FF  srgba(51,77,128,1)
2,45: (51,77,128,255)  #334D80FF  srgba(51,77,128,1)
3,45: (51,77,128,255)  #334D80FF  srgba(51,77,128,1)
4,45: (51,77,128,255)  #334D80FF  srgba(51,77,128,1)
5,45: (51,77,128,255)  #334D80FF  srgba(51,77,128,1)
6,45: (51,77,128,255)  #334D80FF  srgba(51,77,128,1)
7,45: (51,77,128,255)  #334D80FF  srgba(51,77,128,1)
8,45: (51,77,128,255)  #334D80FF  srgba(51,77,128,1)
9,45: (51,77,128,255)  #334D80FF  srgba(51,77,128,1)
10,45: (51,77,128,255)  #334D80FF  srgba(51,77,128,1)
11,45: (51,77,128,255)  #334D80FF  srgba(51,77,128,1)
12,45: (51,77,128,255)  #334D80FF  srgba(51,77,128,1)
13,45: (51,77,128,255)  #334D80FF  srgba(51,77,128,1)
14,45: (51,77,128,255)  #334D80FF  srgba(51,77,128,1)
15,45: (51,77,128,255)  #334D80FF  srgba(51,77,128,1)
16,45: (51,77,128,255)  #334D80FF  srgba(51,77,128,1)
17,45: (51,77,128,255)  #334D80FF  srgba(51,77,128,1)
18,45: (51,77,128,255)  #334D80FF  srgba(51,77,128,1)
19,45: (51,77,128,255)  #334D80FF  srgba(51,77,128,1)
20,45: (51,77,128,255)  #334D80FF  srgba(51,77,128,1)
21,45: (51,77,128,255)  #334D80FF  srgba(51,77,128,1)
22,45: (51,77,128,255)  #334D80FF  srgba(51,77,128,1)
23,45: (51,77,128,255)  #334D80FF  srgba(51,77,128,1)
24,45: (51,77,128,255)  #334D80FF  srgba(51,77,128,1)
25,45: (51,77,128,255)  #334D80FF  srgba(51,77,128,1)
26,45: (51,77,128,255)  #334D80FF  srgba(51,77,128,1)
27,45: (51,77,128,255)  #334D80FF  srgba(51,77,128,1)
28,45: (51,77,128,255)  #334D80FF  srgba(51,77,128,1)
29,45: (51,77,128,255)  #334D80FF  srgba(51,77,128,1)
30,45: (51,77,128,255)  #334D80FF  srgba(51,77,128,1)
31,45: (51,77,128,255)  #334D80FF  srgba(51,77,128,1)
32,45: (51,77,128,255)  #334D80FF  srgba(51,77,128,1)
33,45: (51,77,128,255)  #334D80FF  srgba(51,77,128,1)
34,45: (51,77,128,255)  #334D80FF  srgba(51,77,128,1)
35,45: (51,77,128,255)  #334D80FF  srgba(51,77,128,1)
36,45: (51,77,128,255)  #334D80FF  srgba(51,77,128,1)
37,45: (51,77,128,255)  #334D80FF  srgba(51,77,128,1)
38,45: (51,77,128,255)  #334D80FF  srgba(51,77,128,1)
39,45: (51,77,128,255)  #334D80FF  srgba(51,77,128,1)
40,45: (51,77,128,255)  #334D80FF  srgba(51,77,128,1)
41,45: (51,77,128,255)  #334D80FF  srgba(51,77,128,1)
42,45: (51,77,128,255)  #334D80FF  srgba(51,77,128,1)
43,45: (51,77,128,255)  #334D80FF  srgba(51,77,128,1)
44,45: (51,77,128,255)  #334D80FF  srgba(51,77,128,1)
45,45: (51,77,128,255)  #334D80FF  srgba(51,77,128,1)
46,45: (51,77,128,255)  #334D80FF  srgba(51,77,128,1)
47,45: (51,77,128,255)  #334D80FF  srgba(51,77,128,1)
48,45: (51,77,128,255)  #334D80FF  srgba(51,77,128,1)
49,45: (51,77,128,255)  #334D80FF  srgba(51,77,128,1)
50,45: (51,77,128,255)  #334D80FF  srgba(51,77,128,1)
51,45: (51,77,128,255)  #334D80FF  srgba(51,77,128,1)
52,45: (51,77,128,255)  #334D80FF  srgba(51,77,128,1)
53,45: (51,77,128,255)  #334D80FF  srgba(51,77,128,1)
54,45: (51,77,128,255)  #334D80FF  srgba(51,77,128,1)
55,45: (51,77,128,255)  #334D80FF  srgba(51,77,128,1)
56,45: (51,77,128,255)  #334D80FF  srgba(51,77,128,1)
57,45: (51,77,128,255)  #334D80FF  srgba(51,77,128,1)
58,45: (51,77,128,255)  #334D80FF  srgba(51,77,128,1)
59,45: (51,77,128,255)  #334D80FF  srgba(51,77,128,1)
60,45: (51,77,128,255)  #334D80FF  srgba(51,77,128,1)
61,45: (51,77,128,255)  #334D80FF  srgba(51,77,128,1)
62,45: (51,77,128,255)  #334D80FF  srgba(51,77,128,1)
63,45: (51,77,128,255)  #334D80FF  srgba(51,77,128,1)
64,45: (51,77,128,255)  #334D80FF  srgba(51,77,128,1)
65,45: (51,77,128,255)  #334D80FF  srgba(51,77,128,1)
66,45: (51,77,128,255)  #334D80FF  srgba(51,77,128,1)
67,45: (51,77,128,255)  #334D80FF  srgba(51,77,128,1)
68,45: (51,77,128,255)  #334D80FF  srgba(51,77,128,1)
69,45: (51,77,128,255)  #334D80FF  srgba(51,77,128,1)
70,45: (51,77,128,255)  #334D80FF  srgba(51,77,128,1)
71,45: (51,77,128,255)  #334D80FF  srgba(51,77,128,1)
72,45: (51,77,128,255)  #334D80FF  srgba(51,77,128,1)
73,45: (51,77,128,255)  #334D80FF  srgba(51,77,128,1)
74,45: (51,77,128,255)  #334D80FF  srgba(51,77,128,1)
75,45: (51,77,128,255)  #334D80FF  srgba(51,77,128,1)
76,45: (51,77,128,255)  #334D80FF  srgba(51,77,128,1)
77,45: (51,77,128,255)  #334D80FF  srgba(51,77,128,1)
78,45: (51,77,128,255)  #334D80FF  srgba(51,77,128,1)
79,45: (51,77,128,255)  #334D80FF  srgba(51,77,128,1)
80,45: (51,77,128,255)  #334D80FF  srgba(51,77,128,1)
81,45: (51,77,128,255)  #334D80FF  srgba(51,77,128,1)
82,45: (51,77,128,255)  #334D80FF  srgba(51,77,128,1)
83,45: (51,77,128,255)  #334D80FF  srgba(51,77,128,1)
84,45: (51,77,128,255)  #334D80FF  srgba(51,77,128,1)
85,45: (51,77,128,255)  #334D80FF  srgba(51,77,128,1)
86,45: (51,77,128,255)  #334D80FF  srgba(51,77,128,1)
87,45: (51,77,128,255)  #334D80FF  srgba(51,77,128,1)
88,45: (51,77,128,255)  #334D80FF  srgba(51,77,128,1)
89,45: (51,77,128,255)  #334D80FF  srgba(51,77,128,1)
90,45: (51,77,128,255)  #334D80FF  srgba(51,77,128,1)
91,45: (51,77,128,255)  #334D80FF  srgba(51,77,128,1)
92,45: (51,77,128,255)  #334D80FF  srgba(51,77,128,1)
93,45: (51,77,128,255)  #334D80FF  srgba(51,77,128,1)
94,45: (51,77,128,255)  #334D80FF  srgba(51,77,128,1)
95,45: (51,77,128,255)  #334D80FF  srgba(51,77,128,1)
96,45: (51,77,128,255)  #334D80FF  srgba(51,77,128,1)
97,45: (51,77,128,255)  #334D80FF  srgba(51,77,128,1)
98,45: (51,77,128,255)  #334D80FF  srgba(51,77,128,1)
99,45: (51,77,128,255)  #334D80FF  srgba(51,77,128,1)
0,46: (51,77,128,255)  #334D80FF  srgba(51,77,128,1)
1,46: (51,77,128,255)  #334D80FF  srgba(51,77,128,1)
2,46: (51,77,128,255)  #334D80FF  srgba(51,77,128,1)
3,46: (51,77,128,255)  #334D80FF  srgba(51,77,128,1)
4,46: (51,77,128,255)  #334D80FF  srgba(51,77,128,1)
5,46: (51,77,128,255)  #334D80FF  srgba(51,77,128,1)
6,46: (51,77,128,255)  #334D80FF  srgba(51,77,128,1)
7,46: (51,77,128,255)  #334D80FF  srgba(51,77,128,1)
8,46: (51,77,128,255)  #334D80FF  srgba(51,77,128,1)
9,46: (51,77,128,255)  #334D80FF  srgba(51,77,128,1)
10,46: (51,77,128,255)  #334D80FF  srgba(51,77,128,1)
11,46: (51,77,128,255)  #334D80FF  srgba(51,77,128,1)
12,46: (51,77,128,255)  #334D80FF  srgba(51,77,128,1)
13,46: (51,77,128,255)  #334D80FF  srgba(51,77,128,1)
14,46: (51,77,128,255)  #334D80FF  srgba(51,77,128,1)
15,46: (51,77,128,255)  #334D80FF  srgba(51,77,128,1)
16,46: (51,77,128,255)  #334D80FF  srgba(51,77,128,1)
17,46: (51,77,128,255)  #334D80FF  srgba(51,77,128,1)
18,46: (51,77,128,255)  #334D80FF  srgba(51,77,128,1)
19,46: (51,77,128,255)  #334D80FF  srgba(51,77,128,1)
20,46: (51,77,128,255)  #334D80FF  srgba(51,77,128,1)
21,46: (51,77,128,255)  #334D80FF  srgba(51,77,128,1)
22,46: (51,77,128,255)  #334D80FF  srgba(51,77,128,1)
23,46: (51,77,128,255)  #334D80FF  srgba(51,77,128,1)
24,46: (51,77,128,255)  #334D80FF  srgba(51,77,128,1)
25,46: (51,77,128,255)  #334D80FF  srgba(51,77,128,1)
26,46: (51,77,128,255)  #334D80FF  srgba(51,77,128,1)
27,46: (51,77,128,255)  #334D80FF  srgba(51,77,128,1)
28,46: (51,77,128,255)  #334D80FF  srgba(51,77,128,1)
29,46: (51,77,128,255)  #334D80FF  srgba(51,77,128,1)
30,46: (51,77,128,255)  #334D80FF  srgba(51,77,128,1)
31,46: (51,77,128,255)  #334D80FF  srgba(51,77,128,1)
32,46: (51,77,128,255)  #334D80FF  srgba(51,77,128,1)
33,46: (51,77,128,255)  #334D80FF  srgba(51,77,128,1)
34,46: (51,77,128,255)  #334D80FF  srgba(51,77,128,1)
35,46: (51,77,128,255)  #334D80FF  srgba(51,77,128,1)
36,46: (51,77,128,255)  #334D80FF  srgba(51,77,128,1)
37,46: (51,77,128,255)  #334D80FF  srgba(51,77,128,1)
38,46: (51,77,128,255)  #334D80FF  srgba(51,77,128,1)
39,46: (51,77,128,255)  #334D80FF  srgba(51,77,128,1)
40,46: (51,77,128,255)  #334D80FF  srgba(51,77,128,1)
41,46: (51,77,128,255)  #334D80FF  srgba(51,77,128,1)
42,46: (51,77,128,255)  #334D80FF  srgba(51,77,128,1)
43,46: (51,77,128,255)  #334D80FF  srgba(51,77,128,1)
44,46: (51,77,128,255)  #334D80FF  srgba(51,77,128,1)
45,46: (51,77,128,255)  #334D80FF  srgba(51,77,128,1)
46,46: (51,77,128,255)  #334D80FF  srgba(51,77,128,1)
47,46: (51,77,128,255)  #334D80FF  srgba(51,77,128,1)
48,46: (51,77,128,255)  #334D80FF  srgba(51,77,128,1)
49,46: (51,77,128,255)  #334D80FF  srgba(51,77,128,1)
50,46: (51,77,128,255)  #334D80FF  srgba(51,77,128,1)
51,46: (51,77,128,255)  #334D80FF  srgba(51,77,128,1)
52,46: (51,77,128,255)  #334D80FF  srgba(51,77,128,1)
53,46: (51,77,128,255)  #334D80FF  srgba(51,77,128,1)
54,46: (51,77,128,255)  #334D80FF  srgba(51,77,128,1)
55,46: (51,77,128,255)  #334D80FF  srgba(51,77,128,1)
56,46: (51,77,128,255)  #334D80FF  srgba(51,77,128,1)
57,46: (51,77,128,255)  #334D80FF  srgba(51,77,128,1)
58,46: (51,77,128,255)  #334D80FF  srgba(51,77,128,1)
59,46: (51,77,128,255)  #334D80FF  srgba(51,77,128,1)
60,46: (51,77,128,255)  #334D80FF  srgba(51,77,128,1)
61,46: (51,77,128,255)  #334D80FF  srgba(51,77,128,1)
62,46: (51,77,128,255)  #334D80FF  srgba(51,77,128,1)
63,46: (51,77,128,255)  #334D80FF  srgba(51,77,128,1)
64,46: (51,77,128,255)  #334D80FF  srgba(51,77,128,1)
65,46: (51,77,128,255)  #334D80FF  srgba(51,77,128,1)
66,46: (51,77,128,255)  #334D80FF  srgba(51,77,128,1)
67,46: (51,77,128,255)  #334D80FF  srgba(51,77,128,1)
68,46: (51,77,128,255)  #334D80FF  srgba(51,77,128,1)
69,46: (51,77,128,255)  #334D80FF  srgba(51,77,128,1)
70,46: (51,77,128,255)  #334D80FF  srgba(51,77,128,1)
71,46: (51,77,128,255)  #334D80FF  srgba(51,77,128,1)
72,46: (51,77,128,255)  #334D80FF  srgba(51,77,128,1)
73,46: (51,77,128,255)  #334D80FF  srgba(51,77,128,1)
74,46: (51,77,128,255)  #334D80FF  srgba(51,77,128,1)
75,46: (51,77,128,255)  #334D80FF  srgba(51,77,128,1)
76,46: (51,77,128,255)  #334D80FF  srgba(51,77,128,1)
77,46: (51,77,128,255)  #334D80FF  srgba(51,77,128,1)
78,46: (51,77,128,255)  #334D80FF  srgba(51,77,128,1)
79,46: (51,77,128,255)  #334D80FF  srgba(51,77,128,1)
80,46: (51,77,128,255)  #334D80FF  srgba(51,77,128,1)
81,46: (51,77,128,255)  #334D80FF  srgba(51,77,128,1)
82,46: (51,77,128,255)  #334D80FF  srgba(51,77,128,1)
83,46: (51,77,128,255)  #334D80FF  srgba(51,77,128,1)
84,46: (51,77,128,255)  #334D80FF  srgba(51,77,128,1)
85,46: (51,77,128,255)  #334D80FF  srgba(51,77,128,1)
86,46: (51,77,128,255)  #334D80FF  srgba(51,77,128,1)
87,46: (51,77,128,255)  #334D80FF  srgba(51,77,128,1)
88,46: (51,77,128,255)  #334D80FF  srgba(51,77,128,1)
89,46: (51,77,128,255)  #334D80FF  srgba(51,77,128,1)
90,46: (51,77,128,255)  #334D80FF  srgba(51,77,128,1)
91,46: (51,77,128,255)  #334D80FF  srgba(51,77,128,1)
92,46: (51,77,128,255)  #334D80FF  srgba(51,77,128,1)
93,46: (51,77,128,255)  #334D80FF  srgba(51,77,128,1)
94,46: (51,77,128,255)  #334D80FF  srgba(51,77,128,1)
95,46: (51,77,128,255)  #334D80FF  srgba(51,77,128,1)
96,46: (51,77,128,255)  #334D80FF  srgba(51,77,128,1)
97,46: (51,77,128,255)  #334D80FF  srgba(51,77,128,1)
98,46: (51,77,128,255)  #334D80FF  srgba(51,77,128,1)
99,46: (51,77,128,255)  #334D80FF  srgba(51,77,128,1)
0,47: (51,77,128,255)  #334D80FF  srgba(51,77,128,1)
1,47: (51,77,128,255)  #334D80FF  srgba(51,77,128,1)
2,47: (51,77,128,255)  #334D80FF  srgba(51,77,128,1)
3,47: (51,77,128,255)  #334D80FF  srgba(51,77,128,1)
4,47: (51,77,128,255)  #334D80FF  srgba(51,77,128,1)
5,47: (51,77,128,255)  #334D80FF  srgba(51,77,128,1)
6,47: (51,77,128,255)  #334D80FF  srgba(51,77,128,1)
7,47: (51,77,128,255)  #334D80FF  srgba(51,77,128,1)
8,47: (51,77,128,255)  #334D80FF  srgba(51,77,128,1)
9,47: (51,77,128,255)  #334D80FF  srgba(51,77,128,1)
10,47: (51,77,128,255)  #334D80FF  srgba(51,77,128,1)
11,47: (51,77,128,255)  #334D80FF  srgba(51,77,128,1)
12,47: (51,77,128,255)  #334D80FF  srgba(51,77,128,1)
13,47: (51,77,128,255)  #334D80FF  srgba(51,77,128,1)
14,47: (51,77,128,255)  #334D80FF  srgba(51,77,128,1)
15,47: (51,77,128,255)  #334D80FF  srgba(51,77,128,1)
16,47: (51,77,128,255)  #334D80FF  srgba(51,77,128,1)
17,47: (51,77,128,255)  #334D80FF  srgba(51,77,128,1)
18,47: (51,77,128,255)  #334D80FF  srgba(51,77,128,1)
19,47: (51,77,128,255)  #334D80FF  srgba(51,77,128,1)
20,47: (51,77,128,255)  #334D80FF  srgba(51,77,128,1)
21,47: (51,77,128,255)  #334D80FF  srgba(51,77,128,1)
22,47: (51,77,128,255)  #334D80FF  srgba(51,77,128,1)
23,47: (51,77,128,255)  #334D80FF  srgba(51,77,128,1)
24,47: (51,77,128,255)  #334D80FF  srgba(51,77,128,1)
25,47: (51,77,128,255)  #334D80FF  srgba(51,77,128,1)
26,47: (51,77,128,255)  #334D80FF  srgba(51,77,128,1)
27,47: (51,77,128,255)  #334D80FF  srgba(51,77,128,1)
28,47: (51,77,128,255)  #334D80FF  srgba(51,77,128,1)
29,47: (51,77,128,255)  #334D80FF  srgba(51,77,128,1)
30,47: (51,77,128,255)  #334D80FF  srgba(51,77,128,1)
31,47: (51,77,128,255)  #334D80FF  srgba(51,77,128,1)
32,47: (51,77,128,255)  #334D80FF  srgba(51,77,128,1)
33,47: (51,77,128,255)  #334D80FF  srgba(51,77,128,1)
34,47: (51,77,128,255)  #334D80FF  srgba(51,77,128,1)
35,47: (51,77,128,255)  #334D80FF  srgba(51,77,128,1)
36,47: (51,77,128,255)  #334D80FF  srgba(51,77,128,1)
37,47: (51,77,128,255)  #334D80FF  srgba(51,77,128,1)
38,47: (51,77,128,255)  #334D80FF  srgba(51,77,128,1)
39,47: (51,77,128,255)  #334D80FF  srgba(51,77,128,1)
40,47: (51,77,128,255)  #334D80FF  srgba(51,77,128,1)
41,47: (51,77,128,255)  #334D80FF  srgba(51,77,128,1)
42,47: (51,77,128,255)  #334D80FF  srgba(51,77,128,1)
43,47: (51,77,128,255)  #334D80FF  srgba(51,77,128,1)
44,47: (51,77,128,255)  #334D80FF  srgba(51,77,128,1)
45,47: (51,77,128,255)  #334D80FF  srgba(51,77,128,1)
46,47: (51,77,128,255)  #334D80FF  srgba(51,77,128,1)
47,47: (51,77,128,255)  #334D80FF  srgba(51,77,128,1)
48,47: (51,77,128,255)  #334D80FF  srgba(51,77,128,1)
49,47: (51,77,128,255)  #334D80FF  srgba(51,77,128,1)
50,47: (51,77,128,255)  #334D80FF  srgba(51,77,128,1)
51,47: (51,77,128,255)  #334D80FF  srgba(51,77,128,1)
52,47: (51,77,128,255)  #334D80FF  srgba(51,77,128,1)
53,47: (51,77,128,255)  #334D80FF  srgba(51,77,128,1)
54,47: (51,77,128,255)  #334D80FF  srgba(51,77,128,1)
55,47: (51,77,128,255)  #334D80FF  srgba(51,77,128,1)
56,47: (51,77,128,255)  #334D80FF  srgba(51,77,128,1)
57,47: (51,77,128,255)  #334D80FF  srgba(51,77,128,1)
58,47: (51,77,128,255)  #334D80FF  srgba(51,77,128,1)
59,47: (51,77,128,255)  #334D80FF  srgba(51,77,128,1)
60,47: (51,77,128,255)  #334D80FF  srgba(51,77,128,1)
61,47: (51,77,128,255)  #334D80FF  srgba(51,77,128,1)
62,47: (51,77,128,255)  #334D80FF  srgba(51,77,128,1)
63,47: (51,77,128,255)  #334D80FF  srgba(51,77,128,1)
64,47: (51,77,128,255)  #334D80FF  srgba(51,77,128,1)
65,47: (51,77,128,255)  #334D80FF  srgba(51,77,128,1)
66,47: (51,77,128,255)  #334D80FF  srgba(51,77,128,1)
67,47: (51,77,128,255)  #334D80FF  srgba(51,77,128,1)
68,47: (51,77,128,255)  #334D80FF  srgba(51,77,128,1)
69,47: (51,77,128,255)  #334D80FF  srgba(51,77,128,1)
70,47: (51,77,128,255)  #334D80FF  srgba(51,77,128,1)
71,47: (51,77,128,255)  #334D80FF  srgba(51,77,128,1)
72,47: (51,77,128,255)  #334D80FF  srgba(51,77,128,1)
73,47: (51,77,128,255)  #334D80FF  srgba(51,77,128,1)
74,47: (51,77,128,255)  #334D80FF  srgba(51,77,128,1)
75,47: (51,77,128,255)  #334D80FF  srgba(51,77,128,1)
76,47: (51,77,128,255)  #334D80FF  srgba(51,77,128,1)
77,47: (51,77,128,255)  #334D80FF  srgba(51,77,128,1)
78,47: (51,77,128,255)  #334D80FF  srgba(51,77,128,1)
79,47: (51,77,128,255)  #334D80FF  srgba(51,77,128,1)
80,47: (51,77,128,255)  #334D80FF  srgba(51,77,128,1)
81,47: (51,77,128,255)  #334D80FF  srgba(51,77,128,1)
82,47: (51,77,128,255)  #334D80FF  srgba(51,77,128,1)
83,47: (51,77,128,255)  #334D80FF  srgba(51,77,128,1)
84,47: (51,77,128,255)  #334D80FF  srgba(51,77,128,1)
85,47: (51,77,128,255)  #334D80FF  srgba(51,77,128,1)
86,47: (51,77,128,255)  #334D80FF  srgba(51,77,128,1)
87,47: (51,77,128,255)  #334D80FF  srgba(51,77,128,1)
88,47: (51,77,128,255)  #334D80FF  srgba(51,77,128,1)
89,47: (51,77,128,255)  #334D80FF  srgba(51,77,128,1)
90,47: (51,77,128,255)  #334D80FF  srgba(51,77,128,1)
91,47: (51,77,128,255)  #334D80FF  srgba(51,77,128,1)
92,47: (51,77,128,255)  #334D80FF  srgba(51,77,128,1)
93,47: (51,77,128,255)  #334D80FF  srgba(51,77,128,1)
94,47: (51,77,128,255)  #334D80FF  srgba(51,77,128,1)
95,47: (51,77,128,255)  #334D80FF  srgba(51,77,128,1)
96,47: (51,77,128,255)  #334D80FF  srgba(51,77,128,1)
97,47: (51,77,128,255)  #334D80FF  srgba(51,77,128,1)
98,47: (51,77,128,255)  #334D80FF  srgba(51,77,128,1)
99,47: (51,77,128,255)  #334D80FF  srgba(51,77,128,1)
0,48: (51,77,128,255)  #334D80FF  srgba(51,77,128,1)
1,48: (51,77,128,255)  #334D80FF  srgba(51,77,128,1)
2,48: (51,77,128,255)  #334D80FF  srgba(51,77,128,1)
3,48: (51,77,128,255)  #334D80FF  srgba(51,77,128,1)
4,48: (51,77,128,255)  #334D80FF  srgba(51,77,128,1)
5,48: (51,77,128,255)  #334D80FF  srgba(51,77,128,1)
6,48: (51,77,128,255)  #334D80FF  srgba(51,77,128,1)
7,48: (51,77,128,255)  #334D80FF  srgba(51,77,128,1)
8,48: (51,77,128,255)  #334D80FF  srgba(51,77,128,1)
9,48: (51,77,128,255)  #334D80FF  srgba(51,77,128,1)
10,48: (51,77,128,255)  #334D80FF  srgba(51,77,128,1)
11,48: (51,77,128,255)  #334D80FF  srgba(51,77,128,1)
12,48: (51,77,128,255)  #334D80FF  srgba(51,77,128,1)
13,48: (51,77,128,255)  #334D80FF  srgba(51,77,128,1)
14,48: (51,77,128,255)  #334D80FF  srgba(51,77,128,1)
15,48: (51,77,128,255)  #334D80FF  srgba(51,77,128,1)
16,48: (51,77,128,255)  #334D80FF  srgba(51,77,128,1)
17,48: (51,77,128,255)  #334D80FF  srgba(51,77,128,1)
18,48: (51,77,128,255)  #334D80FF  srgba(51,77,128,1)
19,48: (51,77,128,255)  #334D80FF  srgba(51,77,128,1)
20,48: (51,77,128,255)  #334D80FF  srgba(51,77,128,1)
21,48: (51,77,128,255)  #334D80FF  srgba(51,77,128,1)
22,48: (51,77,128,255)  #334D80FF  srgba(51,77,128,1)
23,48: (51,77,128,255)  #334D80FF  srgba(51,77,128,1)
24,48: (51,77,128,255)  #334D80FF  srgba(51,77,128,1)
25,48: (51,77,128,255)  #334D80FF  srgba(51,77,128,1)
26,48: (51,77,128,255)  #334D80FF  srgba(51,77,128,1)
27,48: (51,77,128,255)  #334D80FF  srgba(51,77,128,1)
28,48: (51,77,128,255)  #334D80FF  srgba(51,77,128,1)
29,48: (51,77,128,255)  #334D80FF  srgba(51,77,128,1)
30,48: (51,77,128,255)  #334D80FF  srgba(51,77,128,1)
31,48: (51,77,128,255)  #334D80FF  srgba(51,77,128,1)
32,48: (51,77,128,255)  #334D80FF  srgba(51,77,128,1)
33,48: (51,77,128,255)  #334D80FF  srgba(51,77,128,1)
34,48: (51,77,128,255)  #334D80FF  srgba(51,77,128,1)
35,48: (51,77,128,255)  #334D80FF  srgba(51,77,128,1)
36,48: (51,77,128,255)  #334D80FF  srgba(51,77,128,1)
37,48: (51,77,128,255)  #334D80FF  srgba(51,77,128,1)
38,48: (51,77,128,255)  #334D80FF  srgba(51,77,128,1)
39,48: (51,77,128,255)  #334D80FF  srgba(51,77,128,1)
40,48: (51,77,128,255)  #334D80FF  srgba(51,77,128,1)
41,48: (51,77,128,255)  #334D80FF  srgba(51,77,128,1)
42,48: (51,77,128,255)  #334D80FF  srgba(51,77,128,1)
43,48: (51,77,128,255)  #334D80FF  srgba(51,77,128,1)
44,48: (51,77,128,255)  #334D80FF  srgba(51,77,128,1)
45,48: (51,77,128,255)  #334D80FF  srgba(51,77,128,1)
46,48: (51,77,128,255)  #334D80FF  srgba(51,77,128,1)
47,48: (51,77,128,255)  #334D80FF  srgba(51,77,128,1)
48,48: (51,77,128,255)  #334D80FF  srgba(51,77,128,1)
49,48: (51,77,128,255)  #334D80FF  srgba(51,77,128,1)
50,48: (51,77,128,255)  #334D80FF  srgba(51,77,128,1)
51,48: (51,77,128,255)  #334D80FF  srgba(51,77,128,1)
52,48: (51,77,128,255)  #334D80FF  srgba(51,77,128,1)
53,48: (51,77,128,255)  #334D80FF  srgba(51,77,128,1)
54,48: (51,77,128,255)  #334D80FF  srgba(51,77,128,1)
55,48: (51,77,128,255)  #334D80FF  srgba(51,77,128,1)
56,48: (51,77,128,255)  #334D80FF  srgba(51,77,128,1)
57,48: (51,77,128,255)  #334D80FF  srgba(51,77,128,1)
58,48: (51,77,128,255)  #334D80FF  srgba(51,77,128,1)
59,48: (51,77,128,255)  #334D80FF  srgba(51,77,128,1)
60,48: (51,77,128,255)  #334D80FF  srgba(51,77,128,1)
61,48: (51,77,128,255)  #334D80FF  srgba(51,77,128,1)
62,48: (51,77,128,255)  #334D80FF  srgba(51,77,128,1)
63,48: (51,77,128,255)  #334D80FF  srgba(51,77,128,1)
64,48: (51,77,128,255)  #334D80FF  srgba(51,77,128,1)
65,48: (51,77,128,255)  #334D80FF  srgba(51,77,128,1)
66,48: (51,77,128,255)  #334D80FF  srgba(51,77,128,1)
67,48: (51,77,128,255)  #334D80FF  srgba(51,77,128,1)
68,48: (51,77,128,255)  #334D80FF  srgba(51,77,128,1)
69,48: (51,77,128,255)  #334D80FF  srgba(51,77,128,1)
70,48: (51,77,128,255)  #334D80FF  srgba(51,77,128,1)
71,48: (51,77,128,255)  #334D80FF  srgba(51,77,128,1)
72,48: (51,77,128,255)  #334D80FF  srgba(51,77,128,1)
73,48: (51,77,128,255)  #334D80FF  srgba(51,77,128,1)
74,48: (51,77,128,255)  #334D80FF  srgba(51,77,128,1)
75,48: (51,77,128,255)  #334D80FF  srgba(51,77,128,1)
76,48: (51,77,128,255)  #334D80FF  srgba(51,77,128,1)
77,48: (51,77,128,255)  #334D80FF  srgba(51,77,128,1)
78,48: (51,77,128,255)  #334D80FF  srgba(51,77,128,1)
79,48: (51,77,128,255)  #334D80FF  srgba(51,77,128,1)
80,48: (51,77,128,255)  #334D80FF  srgba(51,77,128,1)
81,48: (51,77,128,255)  #334D80FF  srgba(51,77,128,1)
82,48: (51,77,128,255)  #334D80FF  srgba(51,77,128,1)
83,48: (51,77,128,255)  #334D80FF  srgba(51,77,128,1)
84,48: (51,77,128,255)  #334D80FF  srgba(51,77,128,1)
85,48: (51,77,128,255)  #334D80FF  srgba(51,77,128,1)
86,48: (51,77,128,255)  #334D80FF  srgba(51,77,128,1)
87,48: (51,77,128,255)  #334D80FF  srgba(51,77,128,1)
88,48: (51,77,128,255)  #334D80FF  srgba(51,77,128,1)
89,48: (51,77,128,255)  #334D80FF  srgba(51,77,128,1)
90,48: (51,77,128,255)  #334D80FF  srgba(51,77,128,1)
91,48: (51,77,128,255)  #334D80FF  srgba(51,77,128,1)
92,48: (51,77,128,255)  #334D80FF  srgba(51,77,128,1)
93,48: (51,77,128,255)  #334D80FF  srgba(51,77,128,1)
94,48: (51,77,128,255)  #334D80FF  srgba(51,77,128,1)
95,48: (51,77,128,255)  #334D80FF  srgba(51,77,128,1)
96,48: (51,77,128,255)  #334D80FF  srgba(51,77,128,1)
97,48: (51,77,128,255)  #334D80FF  srgba(51,77,128,1)
98,48: (51,77,128,255)  #334D80FF  srgba(51,77,128,1)
99,48: (51,77,128,255)  #334D80FF  srgba(51,77,128,1)
0,49: (51,77,128,255)  #334D80FF  srgba(51,77,128,1)
1,49: (51,77,128,255)  #334D80FF  srgba(51,77,128,1)
2,49: (51,77,128,255)  #334D80FF  srgba(51,77,128,1)
3,49: (51,77,128,255)  #334D80FF  srgba(51,77,128,1)
4,49: (51,77,128,255)  #334D80FF  srgba(51,77,128,1)
5,49: (51,77,128,255)  #334D80FF  srgba(51,77,128,1)
6,49: (51,77,128,255)  #334D80FF  srgba(51,77,128,1)
7,49: (51,77,128,255)  #334D80FF  srgba(51,77,128,1)
8,49: (51,77,128,255)  #334D80FF  srgba(51,77,128,1)
9,49: (51,77,128,255)  #334D80FF  srgba(51,77,128,1)
10,49: (51,77,128,255)  #334D80FF  srgba(51,77,128,1)
11,49: (51,77,128,255)  #334D80FF  srgba(51,77,128,1)
12,49: (51,77,128,255)  #334D80FF  srgba(51,77,128,1)
13,49: (51,77,128,255)  #334D80FF  srgba(51,77,128,1)
14,49: (51,77,128,255)  #334D80FF  srgba(51,77,128,1)
15,49: (51,77,128,255)  #334D80FF  srgba(51,77,128,1)
16,49: (51,77,128,255)  #334D80FF  srgba(51,77,128,1)
17,49: (51,77,128,255)  #334D80FF  srgba(51,77,128,1)
18,49: (51,77,128,255)  #334D80FF  srgba(51,77,128,1)
19,49: (51,77,128,255)  #334D80FF  srgba(51,77,128,1)
20,49: (51,77,128,255)  #334D80FF  srgba(51,77,128,1)
21,49: (51,77,128,255)  #334D80FF  srgba(51,77,128,1)
22,49: (51,77,128,255)  #334D80FF  srgba(51,77,128,1)
23,49: (51,77,128,255)  #334D80FF  srgba(51,77,128,1)
24,49: (51,77,128,255)  #334D80FF  srgba(51,77,128,1)
25,49: (51,77,128,255)  #334D80FF  srgba(51,77,128,1)
26,49: (51,77,128,255)  #334D80FF  srgba(51,77,128,1)
27,49: (51,77,128,255)  #334D80FF  srgba(51,77,128,1)
28,49: (51,77,128,255)  #334D80FF  srgba(51,77,128,1)
29,49: (51,77,128,255)  #334D80FF  srgba(51,77,128,1)
30,49: (51,77,128,255)  #334D80FF  srgba(51,77,128,1)
31,49: (51,77,128,255)  #334D80FF  srgba(51,77,128,1)
32,49: (51,77,128,255)  #334D80FF  srgba(51,77,128,1)
33,49: (51,77,128,255)  #334D80FF  srgba(51,77,128,1)
34,49: (51,77,128,255)  #334D80FF  srgba(51,77,128,1)
35,49: (51,77,128,255)  #334D80FF  srgba(51,77,128,1)
36,49: (51,77,128,255)  #334D80FF  srgba(51,77,128,1)
37,49: (51,77,128,255)  #334D80FF  srgba(51,77,128,1)
38,49: (51,77,128,255)  #334D80FF  srgba(51,77,128,1)
39,49: (51,77,128,255)  #334D80FF  srgba(51,77,128,1)
40,49: (51,77,128,255)  #334D80FF  srgba(51,77,128,1)
41,49: (51,77,128,255)  #334D80FF  srgba(51,77,128,1)
42,49: (51,77,128,255)  #334D80FF  srgba(51,77,128,1)
43,49: (51,77,128,255)  #334D80FF  srgba(51,77,128,1)
44,49: (51,77,128,255)  #334D80FF  srgba(51,77,128,1)
45,49: (51,77,128,255)  #334D80FF  srgba(51,77,128,1)
46,49: (51,77,128,255)  #334D80FF  srgba(51,77,128,1)
47,49: (51,77,128,255)  #334D80FF  srgba(51,77,128,1)
48,49: (51,77,128,255)  #334D80FF  srgba(51,77,128,1)
49,49: (51,77,128,255)  #334D80FF  srgba(51,77,128,1)
50,49: (51,77,128,255)  #334D80FF  srgba(51,77,128,1)
51,49: (51,77,128,255)  #334D80FF  srgba(51,77,128,1)
52,49: (51,77,128,255)  #334D80FF  srgba(51,77,128,1)
53,49: (51,77,128,255)  #334D80FF  srgba(51,77,128,1)
54,49: (51,77,128,255)  #334D80FF  srgba(51,77,128,1)
55,49: (51,77,128,255)  #334D80FF  srgba(51,77,128,1)
56,49: (51,77,128,255)  #334D80FF  srgba(51,77,128,1)
57,49: (51,77,128,255)  #334D80FF  srgba(51,77,128,1)
58,49: (51,77,128,255)  #334D80FF  srgba(51,77,128,1)
59,49: (51,77,128,255)  #334D80FF  srgba(51,77,128,1)
60,49: (51,77,128,255)  #334D80FF  srgba(51,77,128,1)
61,49: (51,77,128,255)  #334D80FF  srgba(51,77,128,1)
62,49: (51,77,128,255)  #334D80FF  srgba(51,77,128,1)
63,49: (51,77,128,255)  #334D80FF  srgba(51,77,128,1)
64,49: (51,77,128,255)  #334D80FF  srgba(51,77,128,1)
65,49: (51,77,128,255)  #334D80FF  srgba(51,77,128,1)
66,49: (51,77,128,255)  #334D80FF  srgba(51,77,128,1)
67,49: (51,77,128,255)  #334D80FF  srgba(51,77,128,1)
68,49: (51,77,128,255)  #334D80FF  srgba(51,77,128,1)
69,49: (51,77,128,255)  #334D80FF  srgba(51,77,128,1)
70,49: (51,77,128,255)  #334D80FF  srgba(51,77,128,1)
71,49: (51,77,128,255)  #334D80FF  srgba(51,77,128,1)
72,49: (51,77,128,255)  #334D80FF  srgba(51,77,128,1)
73,49: (51,77,128,255)  #334D80FF  srgba(51,77,128,1)
74,49: (51,77,128,255)  #334D80FF  srgba(51,77,128,1)
75,49: (51,77,128,255)  #334D80FF  srgba(51,77,128,1)
76,49: (51,77,128,255)  #334D80FF  srgba(51,77,128,1)
77,49: (51,77,128,255)  #334D80FF  srgba(51,77,128,1)
78,49: (51,77,128,255)  #334D80FF  srgba(51,77,128,1)
79,49: (51,77,128,255)  #334D80FF  srgba(51,77,128,1)
80,49: (51,77,128,255)  #334D80FF  srgba(51,77,128,1)
81,49: (51,77,128,255)  #334D80FF  srgba(51,77,128,1)
82,49: (51,77,128,255)  #334D80FF  srgba(51,77,128,1)
83,49: (51,77,128,255)  #334D80FF  srgba(51,77,128,1)
84,49: (51,77,128,255)  #334D80FF  srgba(51,77,128,1)
85,49: (51,77,128,255)  #334D80FF  srgba(51,77,128,1)
86,49: (51,77,128,255)  #334D80FF  srgba(51,77,128,1)
87,49: (51,77,128,255)  #334D80FF  srgba(51,77,128,1)
88,49: (51,77,128,255)  #334D80FF  srgba(51,77,128,1)
89,49: (51,77,128,255)  #334D80FF  srgba(51,77,128,1)
90,49: (51,77,128,255)  #334D80FF  srgba(51,77,128,1)
91,49: (51,77,128,255)  #334D80FF  srgba(51,77,128,1)
92,49: (51,77,128,255)  #334D80FF  srgba(51,77,128,1)
93,49: (51,77,128,255)  #334D80FF  srgba(51,77,128,1)
94,49: (51,77,128,255)  #334D80FF  srgba(51,77,128,1)
95,49: (51,77,128,255)  #334D80FF  srgba(51,77,128,1)
96,49: (51,77,128,255)  #334D80FF  srgba(51,77,128,1)
97,49: (51,77,128,255)  #334D80FF  srgba(51,77,128,1)
98,49: (51,77,128,255)  #334D80FF  srgba(51,77,128,1)
99,49: (51,77,128,255)  #334D80FF  srgba(51,77,128,1)
0,50: (51,77,128,255)  #334D80FF  srgba(51,77,128,1)
1,50: (51,77,128,255)  #334D80FF  srgba(51,77,128,1)
2,50: (51,77,128,255)  #334D80FF  srgba(51,77,128,1)
3,50: (51,77,128,255)  #334D80FF  srgba(51,77,128,1)
4,50: (51,77,128,255)  #334D80FF  srgba(51,77,128,1)
5,50: (51,77,128,255)  #334D80FF  srgba(51,77,128,1)
6,50: (51,77,128,255)  #334D80FF  srgba(51,77,128,1)
7,50: (51,77,128,255)  #334D80FF  srgba(51,77,128,1)
8,50: (51,77,128,255)  #334D80FF  srgba(51,77,128,1)
9,50: (51,77,128,255)  #334D80FF  srgba(51,77,128,1)
10,50: (51,77,128,255)  #334D80FF  srgba(51,77,128,1)
11,50: (51,77,128,255)  #334D80FF  srgba(51,77,128,1)
12,50: (51,77,128,255)  #334D80FF  srgba(51,77,128,1)
13,50: (51,77,128,255)  #334D80FF  srgba(51,77,128,1)
14,50: (51,77,128,255)  #334D80FF  srgba(51,77,128,1)
15,50: (51,77,128,255)  #334D80FF  srgba(51,77,128,1)
16,50: (51,77,128,255)  #334D80FF  srgba(51,77,128,1)
17,50: (51,77,128,255)  #334D80FF  srgba(51,77,128,1)
18,50: (51,77,128,255)  #334D80FF  srgba(51,77,128,1)
19,50: (51,77,128,255)  #334D80FF  srgba(51,77,128,1)
20,50: (51,77,128,255)  #334D80FF  srgba(51,77,128,1)
21,50: (51,77,128,255)  #334D80FF  srgba(51,77,128,1)
22,50: (51,77,128,255)  #334D80FF  srgba(51,77,128,1)
23,50: (51,77,128,255)  #334D80FF  srgba(51,77,128,1)
24,50: (51,77,128,255)  #334D80FF  srgba(51,77,128,1)
25,50: (51,77,128,255)  #334D80FF  srgba(51,77,128,1)
26,50: (51,77,128,255)  #334D80FF  srgba(51,77,128,1)
27,50: (51,77,128,255)  #334D80FF  srgba(51,77,128,1)
28,50: (51,77,128,255)  #334D80FF  srgba(51,77,128,1)
29,50: (51,77,128,255)  #334D80FF  srgba(51,77,128,1)
30,50: (51,77,128,255)  #334D80FF  srgba(51,77,128,1)
31,50: (51,77,128,255)  #334D80FF  srgba(51,77,128,1)
32,50: (51,77,128,255)  #334D80FF  srgba(51,77,128,1)
33,50: (51,77,128,255)  #334D80FF  srgba(51,77,128,1)
34,50: (51,77,128,255)  #334D80FF  srgba(51,77,128,1)
35,50: (51,77,128,255)  #334D80FF  srgba(51,77,128,1)
36,50: (51,77,128,255)  #334D80FF  srgba(51,77,128,1)
37,50: (51,77,128,255)  #334D80FF  srgba(51,77,128,1)
38,50: (51,77,128,255)  #334D80FF  srgba(51,77,128,1)
39,50: (51,77,128,255)  #334D80FF  srgba(51,77,128,1)
40,50: (51,77,128,255)  #334D80FF  srgba(51,77,128,1)
41,50: (51,77,128,255)  #334D80FF  srgba(51,77,128,1)
42,50: (51,77,128,255)  #334D80FF  srgba(51,77,128,1)
43,50: (51,77,128,255)  #334D80FF  srgba(51,77,128,1)
44,50: (51,77,128,255)  #334D80FF  srgba(51,77,128,1)
45,50: (51,77,128,255)  #334D80FF  srgba(51,77,128,1)
46,50: (51,77,128,255)  #334D80FF  srgba(51,77,128,1)
47,50: (51,77,128,255)  #334D80FF  srgba(51,77,128,1)
48,50: (51,77,128,255)  #334D80FF  srgba(51,77,128,1)
49,50: (51,77,128,255)  #334D80FF  srgba(51,77,128,1)
50,50: (51,77,128,255)  #334D80FF  srgba(51,77,128,1)
51,50: (51,77,128,255)  #334D80FF  srgba(51,77,128,1)
52,50: (51,77,128,255)  #334D80FF  srgba(51,77,128,1)
53,50: (51,77,128,255)  #334D80FF  srgba(51,77,128,1)
54,50: (51,77,128,255)  #334D80FF  srgba(51,77,128,1)
55,50: (51,77,128,255)  #334D80FF  srgba(51,77,128,1)
56,50: (51,77,128,255)  #334D80FF  srgba(51,77,128,1)
57,50: (51,77,128,255)  #334D80FF  srgba(51,77,128,1)
58,50: (51,77,128,255)  #334D80FF  srgba(51,77,128,1)
59,50: (51,77,128,255)  #334D80FF  srgba(51,77,128,1)
60,50: (51,77,128,255)  #334D80FF  srgba(51,77,128,1)
61,50: (51,77,128,255)  #334D80FF  srgba(51,77,128,1)
62,50: (51,77,128,255)  #334D80FF  srgba(51,77,128,1)
63,50: (51,77,128,255)  #334D80FF  srgba(51,77,128,1)
64,50: (51,77,128,255)  #334D80FF  srgba(51,77,128,1)
65,50: (51,77,128,255)  #334D80FF  srgba(51,77,128,1)
66,50: (51,77,128,255)  #334D80FF  srgba(51,77,128,1)
67,50: (51,77,128,255)  #334D80FF  srgba(51,77,128,1)
68,50: (51,77,128,255)  #334D80FF  srgba(51,77,128,1)
69,50: (51,77,128,255)  #334D80FF  srgba(51,77,128,1)
70,50: (51,77,128,255)  #334D80FF  srgba(51,77,128,1)
71,50: (51,77,128,255)  #334D80FF  srgba(51,77,128,1)
72,50: (51,77,128,255)  #334D80FF  srgba(51,77,128,1)
73,50: (51,77,128,255)  #334D80FF  srgba(51,77,128,1)
74,50: (51,77,128,255)  #334D80FF  srgba(51,77,128,1)
75,50: (51,77,128,255)  #334D80FF  srgba(51,77,128,1)
76,50: (51,77,128,255)  #334D80FF  srgba(51,77,128,1)
77,50: (51,77,128,255)  #334D80FF  srgba(51,77,128,1)
78,50: (51,77,128,255)  #334D80FF  srgba(51,77,128,1)
79,50: (51,77,128,255)  #334D80FF  srgba(51,77,128,1)
80,50: (51,77,128,255)  #334D80FF  srgba(51,77,128,1)
81,50: (51,77,128,255)  #334D80FF  srgba(51,77,128,1)
82,50: (51,77,128,255)  #334D80FF  srgba(51,77,128,1)
83,50: (51,77,128,255)  #334D80FF  srgba(51,77,128,1)
84,50: (51,77,128,255)  #334D80FF  srgba(51,77,128,1)
85,50: (51,77,128,255)  #334D80FF  srgba(51,77,128,1)
86,50: (51,77,128,255)  #334D80FF  srgba(51,77,128,1)
87,50: (51,77,128,255)  #334D80FF  srgba(51,77,128,1)
88,50: (51,77,128,255)  #334D80FF  srgba(51,77,128,1)
89,50: (51,77,128,255)  #334D80FF  srgba(51,77,128,1)
90,50: (51,77,128,255)  #334D80FF  srgba(51,77,128,1)
91,50: (51,77,128,255)  #334D80FF  srgba(51,77,128,1)
92,50: (51,77,128,255)  #334D80FF  srgba(51,77,128,1)
93,50: (51,77,128,255)  #334D80FF  srgba(51,77,128,1)
94,50: (51,77,128,255)  #334D80FF  srgba(51,77,128,1)
95,50: (51,77,128,255)  #334D80FF  srgba(51,77,128,1)
96,50: (51,77,128,255)  #334D80FF  srgba(51,77,128,1)
97,50: (51,77,128,255)  #334D80FF  srgba(51,77,128,1)
98,50: (51,77,128,255)  #334D80FF  srgba(51,77,128,1)
99,50: (51,77,128,255)  #334D80FF  srgba(51,77,128,1)
0,51: (51,77,128,255)  #334D80FF  srgba(51,77,128,1)
1,51: (51,77,128,255)  #334D80FF  srgba(51,77,128,1)
2,51: (51,77,128,255)  #334D80FF  srgba(51,77,128,1)
3,51: (51,77,128,255)  #334D80FF  srgba(51,77,128,1)
4,51: (51,77,128,255)  #334D80FF  srgba(51,77,128,1)
5,51: (51,77,128,255)  #334D80FF  srgba(51,77,128,1)
6,51: (51,77,128,255)  #334D80FF  srgba(51,77,128,1)
7,51: (51,77,128,255)  #334D80FF  srgba(51,77,128,1)
8,51: (51,77,128,255)  #334D80FF  srgba(51,77,128,1)
9,51: (51,77,128,255)  #334D80FF  srgba(51,77,128,1)
10,51: (51,77,128,255)  #334D80FF  srgba(51,77,128,1)
11,51: (51,77,128,255)  #334D80FF  srgba(51,77,128,1)
12,51: (51,77,128,255)  #334D80FF  srgba(51,77,128,1)
13,51: (51,77,128,255)  #334D80FF  srgba(51,77,128,1)
14,51: (51,77,128,255)  #334D80FF  srgba(51,77,128,1)
15,51: (51,77,128,255)  #334D80FF  srgba(51,77,128,1)
16,51: (51,77,128,255)  #334D80FF  srgba(51,77,128,1)
17,51: (51,77,128,255)  #334D80FF  srgba(51,77,128,1)
18,51: (51,77,128,255)  #334D80FF  srgba(51,77,128,1)
19,51: (51,77,128,255)  #334D80FF  srgba(51,77,128,1)
20,51: (51,77,128,255)  #334D80FF  srgba(51,77,128,1)
21,51: (51,77,128,255)  #334D80FF  srgba(51,77,128,1)
22,51: (51,77,128,255)  #334D80FF  srgba(51,77,128,1)
23,51: (51,77,128,255)  #334D80FF  srgba(51,77,128,1)
24,51: (51,77,128,255)  #334D80FF  srgba(51,77,128,1)
25,51: (51,77,128,255)  #334D80FF  srgba(51,77,128,1)
26,51: (51,77,128,255)  #334D80FF  srgba(51,77,128,1)
27,51: (51,77,128,255)  #334D80FF  srgba(51,77,128,1)
28,51: (51,77,128,255)  #334D80FF  srgba(51,77,128,1)
29,51: (51,77,128,255)  #334D80FF  srgba(51,77,128,1)
30,51: (51,77,128,255)  #334D80FF  srgba(51,77,128,1)
31,51: (51,77,128,255)  #334D80FF  srgba(51,77,128,1)
32,51: (51,77,128,255)  #334D80FF  srgba(51,77,128,1)
33,51: (51,77,128,255)  #334D80FF  srgba(51,77,128,1)
34,51: (51,77,128,255)  #334D80FF  srgba(51,77,128,1)
35,51: (51,77,128,255)  #334D80FF  srgba(51,77,128,1)
36,51: (51,77,128,255)  #334D80FF  srgba(51,77,128,1)
37,51: (51,77,128,255)  #334D80FF  srgba(51,77,128,1)
38,51: (51,77,128,255)  #334D80FF  srgba(51,77,128,1)
39,51: (51,77,128,255)  #334D80FF  srgba(51,77,128,1)
40,51: (51,77,128,255)  #334D80FF  srgba(51,77,128,1)
41,51: (51,77,128,255)  #334D80FF  srgba(51,77,128,1)
42,51: (51,77,128,255)  #334D80FF  srgba(51,77,128,1)
43,51: (51,77,128,255)  #334D80FF  srgba(51,77,128,1)
44,51: (51,77,128,255)  #334D80FF  srgba(51,77,128,1)
45,51: (51,77,128,255)  #334D80FF  srgba(51,77,128,1)
46,51: (51,77,128,255)  #334D80FF  srgba(51,77,128,1)
47,51: (51,77,128,255)  #334D80FF  srgba(51,77,128,1)
48,51: (51,77,128,255)  #334D80FF  srgba(51,77,128,1)
49,51: (51,77,128,255)  #334D80FF  srgba(51,77,128,1)
50,51: (51,77,128,255)  #334D80FF  srgba(51,77,128,1)
51,51: (51,77,128,255)  #334D80FF  srgba(51,77,128,1)
52,51: (51,77,128,255)  #334D80FF  srgba(51,77,128,1)
53,51: (51,77,128,255)  #334D80FF  srgba(51,77,128,1)
54,51: (51,77,128,255)  #334D80FF  srgba(51,77,128,1)
55,51: (51,77,128,255)  #334D80FF  srgba(51,77,128,1)
56,51: (51,77,128,255)  #334D80FF  srgba(51,77,128,1)
57,51: (51,77,128,255)  #334D80FF  srgba(51,77,128,1)
58,51: (51,77,128,255)  #334D80FF  srgba(51,77,128,1)
59,51: (51,77,128,255)  #334D80FF  srgba(51,77,128,1)
60,51: (51,77,128,255)  #334D80FF  srgba(51,77,128,1)
61,51: (51,77,128,255)  #334D80FF  srgba(51,77,128,1)
62,51: (51,77,128,255)  #334D80FF  srgba(51,77,128,1)
63,51: (51,77,128,255)  #334D80FF  srgba(51,77,128,1)
64,51: (51,77,128,255)  #334D80FF  srgba(51,77,128,1)
65,51: (51,77,128,255)  #334D80FF  srgba(51,77,128,1)
66,51: (51,77,128,255)  #334D80FF  srgba(51,77,128,1)
67,51: (51,77,128,255)  #334D80FF  srgba(51,77,128,1)
68,51: (51,77,128,255)  #334D80FF  srgba(51,77,128,1)
69,51: (51,77,128,255)  #334D80FF  srgba(51,77,128,1)
70,51: (51,77,128,255)  #334D80FF  srgba(51,77,128,1)
71,51: (51,77,128,255)  #334D80FF  srgba(51,77,128,1)
72,51: (51,77,128,255)  #334D80FF  srgba(51,77,128,1)
73,51: (51,77,128,255)  #334D80FF  srgba(51,77,128,1)
74,51: (51,77,128,255)  #334D80FF  srgba(51,77,128,1)
75,51: (51,77,128,255)  #334D80FF  srgba(51,77,128,1)
76,51: (51,77,128,255)  #334D80FF  srgba(51,77,128,1)
77,51: (51,77,128,255)  #334D80FF  srgba(51,77,128,1)
78,51: (51,77,128,255)  #334D80FF  srgba(51,77,128,1)
79,51: (51,77,128,255)  #334D80FF  srgba(51,77,128,1)
80,51: (51,77,128,255)  #334D80FF  srgba(51,77,128,1)
81,51: (51,77,128,255)  #334D80FF  srgba(51,77,128,1)
82,51: (51,77,128,255)  #334D80FF  srgba(51,77,128,1)
83,51: (51,77,128,255)  #334D80FF  srgba(51,77,128,1)
84,51: (51,77,128,255)  #334D80FF  srgba(51,77,128,1)
85,51: (51,77,128,255)  #334D80FF  srgba(51,77,128,1)
86,51: (51,77,128,255)  #334D80FF  srgba(51,77,128,1)
87,51: (51,77,128,255)  #334D80FF  srgba(51,77,128,1)
88,51: (51,77,128,255)  #334D80FF  srgba(51,77,128,1)
89,51: (51,77,128,255)  #334D80FF  srgba(51,77,128,1)
90,51: (51,77,128,255)  #334D80FF  srgba(51,77,128,1)
91,51: (51,77,128,255)  #334D80FF  srgba(51,77,128,1)
92,51: (51,77,128,255)  #334D80FF  srgba(51,77,128,1)
93,51: (51,77,128,255)  #334D80FF  srgba(51,77,128,1)
94,51: (51,77,128,255)  #334D80FF  srgba(51,77,128,1)
95,51: (51,77,128,255)  #334D80FF  srgba(51,77,128,1)
96,51: (51,77,128,255)  #334D80FF  srgba(51,77,128,1)
97,51: (51,77,128,255)  #334D80FF  srgba(51,77,128,1)
98,51: (51,77,128,255)  #334D80FF  srgba(51,77,128,1)
99,51: (51,77,128,255)  #334D80FF  srgba(51,77,128,1)
0,52: (51,77,128,255)  #334D80FF  srgba(51,77,128,1)
1,52: (51,77,128,255)  #334D80FF  srgba(51,77,128,1)
2,52: (51,77,128,255)  #334D80FF  srgba(51,77,128,1)
3,52: (51,77,128,255)  #334D80FF  srgba(51,77,128,1)
4,52: (51,77,128,255)  #334D80FF  srgba(51,77,128,1)
5,52: (51,77,128,255)  #334D80FF  srgba(51,77,128,1)
6,52: (51,77,128,255)  #334D80FF  srgba(51,77,128,1)
7,52: (51,77,128,255)  #334D80FF  srgba(51,77,128,1)
8,52: (51,77,128,255)  #334D80FF  srgba(51,77,128,1)
9,52: (51,77,128,255)  #334D80FF  srgba(51,77,128,1)
10,52: (51,77,128,255)  #334D80FF  srgba(51,77,128,1)
11,52: (51,77,128,255)  #334D80FF  srgba(51,77,128,1)
12,52: (51,77,128,255)  #334D80FF  srgba(51,77,128,1)
13,52: (51,77,128,255)  #334D80FF  srgba(51,77,128,1)
14,52: (51,77,128,255)  #334D80FF  srgba(51,77,128,1)
15,52: (51,77,128,255)  #334D80FF  srgba(51,77,128,1)
16,52: (51,77,128,255)  #334D80FF  srgba(51,77,128,1)
17,52: (51,77,128,255)  #334D80FF  srgba(51,77,128,1)
18,52: (51,77,128,255)  #334D80FF  srgba(51,77,128,1)
19,52: (51,77,128,255)  #334D80FF  srgba(51,77,128,1)
20,52: (51,77,128,255)  #334D80FF  srgba(51,77,128,1)
21,52: (51,77,128,255)  #334D80FF  srgba(51,77,128,1)
22,52: (51,77,128,255)  #334D80FF  srgba(51,77,128,1)
23,52: (51,77,128,255)  #334D80FF  srgba(51,77,128,1)
24,52: (51,77,128,255)  #334D80FF  srgba(51,77,128,1)
25,52: (51,77,128,255)  #334D80FF  srgba(51,77,128,1)
26,52: (51,77,128,255)  #334D80FF  srgba(51,77,128,1)
27,52: (51,77,128,255)  #334D80FF  srgba(51,77,128,1)
28,52: (51,77,128,255)  #334D80FF  srgba(51,77,128,1)
29,52: (51,77,128,255)  #334D80FF  srgba(51,77,128,1)
30,52: (51,77,128,255)  #334D80FF  srgba(51,77,128,1)
31,52: (51,77,128,255)  #334D80FF  srgba(51,77,128,1)
32,52: (51,77,128,255)  #334D80FF  srgba(51,77,128,1)
33,52: (51,77,128,255)  #334D80FF  srgba(51,77,128,1)
34,52: (51,77,128,255)  #334D80FF  srgba(51,77,128,1)
35,52: (51,77,128,255)  #334D80FF  srgba(51,77,128,1)
36,52: (51,77,128,255)  #334D80FF  srgba(51,77,128,1)
37,52: (51,77,128,255)  #334D80FF  srgba(51,77,128,1)
38,52: (51,77,128,255)  #334D80FF  srgba(51,77,128,1)
39,52: (51,77,128,255)  #334D80FF  srgba(51,77,128,1)
40,52: (51,77,128,255)  #334D80FF  srgba(51,77,128,1)
41,52: (51,77,128,255)  #334D80FF  srgba(51,77,128,1)
42,52: (51,77,128,255)  #334D80FF  srgba(51,77,128,1)
43,52: (51,77,128,255)  #334D80FF  srgba(51,77,128,1)
44,52: (51,77,128,255)  #334D80FF  srgba(51,77,128,1)
45,52: (51,77,128,255)  #334D80FF  srgba(51,77,128,1)
46,52: (51,77,128,255)  #334D80FF  srgba(51,77,128,1)
47,52: (51,77,128,255)  #334D80FF  srgba(51,77,128,1)
48,52: (51,77,128,255)  #334D80FF  srgba(51,77,128,1)
49,52: (51,77,128,255)  #334D80FF  srgba(51,77,128,1)
50,52: (51,77,128,255)  #334D80FF  srgba(51,77,128,1)
51,52: (51,77,128,255)  #334D80FF  srgba(51,77,128,1)
52,52: (51,77,128,255)  #334D80FF  srgba(51,77,128,1)
53,52: (51,77,128,255)  #334D80FF  srgba(51,77,128,1)
54,52: (51,77,128,255)  #334D80FF  srgba(51,77,128,1)
55,52: (51,77,128,255)  #334D80FF  srgba(51,77,128,1)
56,52: (51,77,128,255)  #334D80FF  srgba(51,77,128,1)
57,52: (51,77,128,255)  #334D80FF  srgba(51,77,128,1)
58,52: (51,77,128,255)  #334D80FF  srgba(51,77,128,1)
59,52: (51,77,128,255)  #334D80FF  srgba(51,77,128,1)
60,52: (51,77,128,255)  #334D80FF  srgba(51,77,128,1)
61,52: (51,77,128,255)  #334D80FF  srgba(51,77,128,1)
62,52: (51,77,128,255)  #334D80FF  srgba(51,77,128,1)
63,52: (51,77,128,255)  #334D80FF  srgba(51,77,128,1)
64,52: (51,77,128,255)  #334D80FF  srgba(51,77,128,1)
65,52: (51,77,128,255)  #334D80FF  srgba(51,77,128,1)
66,52: (51,77,128,255)  #334D80FF  srgba(51,77,128,1)
67,52: (51,77,128,255)  #334D80FF  srgba(51,77,128,1)
68,52: (51,77,128,255)  #334D80FF  srgba(51,77,128,1)
69,52: (51,77,128,255)  #334D80FF  srgba(51,77,128,1)
70,52: (51,77,128,255)  #334D80FF  srgba(51,77,128,1)
71,52: (51,77,128,255)  #334D80FF  srgba(51,77,128,1)
72,52: (51,77,128,255)  #334D80FF  srgba(51,77,128,1)
73,52: (51,77,128,255)  #334D80FF  srgba(51,77,128,1)
74,52: (51,77,128,255)  #334D80FF  srgba(51,77,128,1)
75,52: (51,77,128,255)  #334D80FF  srgba(51,77,128,1)
76,52: (51,77,128,255)  #334D80FF  srgba(51,77,128,1)
77,52: (51,77,128,255)  #334D80FF  srgba(51,77,128,1)
78,52: (51,77,128,255)  #334D80FF  srgba(51,77,128,1)
79,52: (51,77,128,255)  #334D80FF  srgba(51,77,128,1)
80,52: (51,77,128,255)  #334D80FF  srgba(51,77,128,1)
81,52: (51,77,128,255)  #334D80FF  srgba(51,77,128,1)
82,52: (51,77,128,255)  #334D80FF  srgba(51,77,128,1)
83,52: (51,77,128,255)  #334D80FF  srgba(51,77,128,1)
84,52: (51,77,128,255)  #334D80FF  srgba(51,77,128,1)
85,52: (51,77,128,255)  #334D80FF  srgba(51,77,128,1)
86,52: (51,77,128,255)  #334D80FF  srgba(51,77,128,1)
87,52: (51,77,128,255)  #334D80FF  srgba(51,77,128,1)
88,52: (51,77,128,255)  #334D80FF  srgba(51,77,128,1)
89,52: (51,77,128,255)  #334D80FF  srgba(51,77,128,1)
90,52: (51,77,128,255)  #334D80FF  srgba(51,77,128,1)
91,52: (51,77,128,255)  #334D80FF  srgba(51,77,128,1)
92,52: (51,77,128,255)  #334D80FF  srgba(51,77,128,1)
93,52: (51,77,128,255)  #334D80FF  srgba(51,77,128,1)
94,52: (51,77,128,255)  #334D80FF  srgba(51,77,128,1)
95,52: (51,77,128,255)  #334D80FF  srgba(51,77,128,1)
96,52: (51,77,128,255)  #334D80FF  srgba(51,77,128,1)
97,52: (51,77,128,255)  #334D80FF  srgba(51,77,128,1)
98,52: (51,77,128,255)  #334D80FF  srgba(51,77,128,1)
99,52: (51,77,128,255)  #334D80FF  srgba(51,77,128,1)
0,53: (51,77,128,255)  #334D80FF  srgba(51,77,128,1)
1,53: (51,77,128,255)  #334D80FF  srgba(51,77,128,1)
2,53: (51,77,128,255)  #334D80FF  srgba(51,77,128,1)
3,53: (51,77,128,255)  #334D80FF  srgba(51,77,128,1)
4,53: (51,77,128,255)  #334D80FF  srgba(51,77,128,1)
5,53: (51,77,128,255)  #334D80FF  srgba(51,77,128,1)
6,53: (51,77,128,255)  #334D80FF  srgba(51,77,128,1)
7,53: (51,77,128,255)  #334D80FF  srgba(51,77,128,1)
8,53: (51,77,128,255)  #334D80FF  srgba(51,77,128,1)
9,53: (51,77,128,255)  #334D80FF  srgba(51,77,128,1)
10,53: (51,77,128,255)  #334D80FF  srgba(51,77,128,1)
11,53: (51,77,128,255)  #334D80FF  srgba(51,77,128,1)
12,53: (51,77,128,255)  #334D80FF  srgba(51,77,128,1)
13,53: (51,77,128,255)  #334D80FF  srgba(51,77,128,1)
14,53: (51,77,128,255)  #334D80FF  srgba(51,77,128,1)
15,53: (51,77,128,255)  #334D80FF  srgba(51,77,128,1)
16,53: (51,77,128,255)  #334D80FF  srgba(51,77,128,1)
17,53: (51,77,128,255)  #334D80FF  srgba(51,77,128,1)
18,53: (51,77,128,255)  #334D80FF  srgba(51,77,128,1)
19,53: (51,77,128,255)  #334D80FF  srgba(51,77,128,1)
20,53: (51,77,128,255)  #334D80FF  srgba(51,77,128,1)
21,53: (51,77,128,255)  #334D80FF  srgba(51,77,128,1)
22,53: (51,77,128,255)  #334D80FF  srgba(51,77,128,1)
23,53: (51,77,128,255)  #334D80FF  srgba(51,77,128,1)
24,53: (51,77,128,255)  #334D80FF  srgba(51,77,128,1)
25,53: (51,77,128,255)  #334D80FF  srgba(51,77,128,1)
26,53: (51,77,128,255)  #334D80FF  srgba(51,77,128,1)
27,53: (51,77,128,255)  #334D80FF  srgba(51,77,128,1)
28,53: (51,77,128,255)  #334D80FF  srgba(51,77,128,1)
29,53: (51,77,128,255)  #334D80FF  srgba(51,77,128,1)
30,53: (51,77,128,255)  #334D80FF  srgba(51,77,128,1)
31,53: (51,77,128,255)  #334D80FF  srgba(51,77,128,1)
32,53: (51,77,128,255)  #334D80FF  srgba(51,77,128,1)
33,53: (51,77,128,255)  #334D80FF  srgba(51,77,128,1)
34,53: (51,77,128,255)  #334D80FF  srgba(51,77,128,1)
35,53: (51,77,128,255)  #334D80FF  srgba(51,77,128,1)
36,53: (51,77,128,255)  #334D80FF  srgba(51,77,128,1)
37,53: (51,77,128,255)  #334D80FF  srgba(51,77,128,1)
38,53: (51,77,128,255)  #334D80FF  srgba(51,77,128,1)
39,53: (51,77,128,255)  #334D80FF  srgba(51,77,128,1)
40,53: (51,77,128,255)  #334D80FF  srgba(51,77,128,1)
41,53: (51,77,128,255)  #334D80FF  srgba(51,77,128,1)
42,53: (51,77,128,255)  #334D80FF  srgba(51,77,128,1)
43,53: (51,77,128,255)  #334D80FF  srgba(51,77,128,1)
44,53: (51,77,128,255)  #334D80FF  srgba(51,77,128,1)
45,53: (51,77,128,255)  #334D80FF  srgba(51,77,128,1)
46,53: (51,77,128,255)  #334D80FF  srgba(51,77,128,1)
47,53: (51,77,128,255)  #334D80FF  srgba(51,77,128,1)
48,53: (51,77,128,255)  #334D80FF  srgba(51,77,128,1)
49,53: (51,77,128,255)  #334D80FF  srgba(51,77,128,1)
50,53: (51,77,128,255)  #334D80FF  srgba(51,77,128,1)
51,53: (51,77,128,255)  #334D80FF  srgba(51,77,128,1)
52,53: (51,77,128,255)  #334D80FF  srgba(51,77,128,1)
53,53: (51,77,128,255)  #334D80FF  srgba(51,77,128,1)
54,53: (51,77,128,255)  #334D80FF  srgba(51,77,128,1)
55,53: (51,77,128,255)  #334D80FF  srgba(51,77,128,1)
56,53: (51,77,128,255)  #334D80FF  srgba(51,77,128,1)
57,53: (51,77,128,255)  #334D80FF  srgba(51,77,128,1)
58,53: (51,77,128,255)  #334D80FF  srgba(51,77,128,1)
59,53: (51,77,128,255)  #334D80FF  srgba(51,77,128,1)
60,53: (51,77,128,255)  #334D80FF  srgba(51,77,128,1)
61,53: (51,77,128,255)  #334D80FF  srgba(51,77,128,1)
62,53: (51,77,128,255)  #334D80FF  srgba(51,77,128,1)
63,53: (51,77,128,255)  #334D80FF  srgba(51,77,128,1)
64,53: (51,77,128,255)  #334D80FF  srgba(51,77,128,1)
65,53: (51,77,128,255)  #334D80FF  srgba(51,77,128,1)
66,53: (51,77,128,255)  #334D80FF  srgba(51,77,128,1)
67,53: (51,77,128,255)  #334D80FF  srgba(51,77,128,1)
68,53: (51,77,128,255)  #334D80FF  srgba(51,77,128,1)
69,53: (51,77,128,255)  #334D80FF  srgba(51,77,128,1)
70,53: (51,77,128,255)  #334D80FF  srgba(51,77,128,1)
71,53: (51,77,128,255)  #334D80FF  srgba(51,77,128,1)
72,53: (51,77,128,255)  #334D80FF  srgba(51,77,128,1)
73,53: (51,77,128,255)  #334D80FF  srgba(51,77,128,1)
74,53: (51,77,128,255)  #334D80FF  srgba(51,77,128,1)
75,53: (51,77,128,255)  #334D80FF  srgba(51,77,128,1)
76,53: (51,77,128,255)  #334D80FF  srgba(51,77,128,1)
77,53: (51,77,128,255)  #334D80FF  srgba(51,77,128,1)
78,53: (51,77,128,255)  #334D80FF  srgba(51,77,128,1)
79,53: (51,77,128,255)  #334D80FF  srgba(51,77,128,1)
80,53: (51,77,128,255)  #334D80FF  srgba(51,77,128,1)
81,53: (51,77,128,255)  #334D80FF  srgba(51,77,128,1)
82,53: (51,77,128,255)  #334D80FF  srgba(51,77,128,1)
83,53: (51,77,128,255)  #334D80FF  srgba(51,77,128,1)
84,53: (51,77,128,255)  #334D80FF  srgba(51,77,128,1)
85,53: (51,77,128,255)  #334D80FF  srgba(51,77,128,1)
86,53: (51,77,128,255)  #334D80FF  srgba(51,77,128,1)
87,53: (51,77,128,255)  #334D80FF  srgba(51,77,128,1)
88,53: (51,77,128,255)  #334D80FF  srgba(51,77,128,1)
89,53: (51,77,128,255)  #334D80FF  srgba(51,77,128,1)
90,53: (51,77,128,255)  #334D80FF  srgba(51,77,128,1)
91,53: (51,77,128,255)  #334D80FF  srgba(51,77,128,1)
92,53: (51,77,128,255)  #334D80FF  srgba(51,77,128,1)
93,53: (51,77,128,255)  #334D80FF  srgba(51,77,128,1)
94,53: (51,77,128,255)  #334D80FF  srgba(51,77,128,1)
95,53: (51,77,128,255)  #334D80FF  srgba(51,77,128,1)
96,53: (51,77,128,255)  #334D80FF  srgba(51,77,128,1)
97,53: (51,77,128,255)  #334D80FF  srgba(51,77,128,1)
98,53: (51,77,128,255)  #334D80FF  srgba(51,77,128,1)
99,53: (51,77,128,255)  #334D80FF  srgba(51,77,128,1)
0,54: (51,77,128,255)  #334D80FF  srgba(51,77,128,1)
1,54: (51,77,128,255)  #334D80FF  srgba(51,77,128,1)
2,54: (51,77,128,255)  #334D80FF  srgba(51,77,128,1)
3,54: (51,77,128,255)  #334D80FF  srgba(51,77,128,1)
4,54: (51,77,128,255)  #334D80FF  srgba(51,77,128,1)
5,54: (51,77,128,255)  #334D80FF  srgba(51,77,128,1)
6,54: (51,77,128,255)  #334D80FF  srgba(51,77,128,1)
7,54: (51,77,128,255)  #334D80FF  srgba(51,77,128,1)
8,54: (51,77,128,255)  #334D80FF  srgba(51,77,128,1)
9,54: (51,77,128,255)  #334D80FF  srgba(51,77,128,1)
10,54: (51,77,128,255)  #334D80FF  srgba(51,77,128,1)
11,54: (51,77,128,255)  #334D80FF  srgba(51,77,128,1)
12,54: (51,77,128,255)  #334D80FF  srgba(51,77,128,1)
13,54: (51,77,128,255)  #334D80FF  srgba(51,77,128,1)
14,54: (51,77,128,255)  #334D80FF  srgba(51,77,128,1)
15,54: (51,77,128,255)  #334D80FF  srgba(51,77,128,1)
16,54: (51,77,128,255)  #334D80FF  srgba(51,77,128,1)
17,54: (51,77,128,255)  #334D80FF  srgba(51,77,128,1)
18,54: (51,77,128,255)  #334D80FF  srgba(51,77,128,1)
19,54: (51,77,128,255)  #334D80FF  srgba(51,77,128,1)
20,54: (51,77,128,255)  #334D80FF  srgba(51,77,128,1)
21,54: (51,77,128,255)  #334D80FF  srgba(51,77,128,1)
22,54: (51,77,128,255)  #334D80FF  srgba(51,77,128,1)
23,54: (51,77,128,255)  #334D80FF  srgba(51,77,128,1)
24,54: (51,77,128,255)  #334D80FF  srgba(51,77,128,1)
25,54: (51,77,128,255)  #334D80FF  srgba(51,77,128,1)
26,54: (51,77,128,255)  #334D80FF  srgba(51,77,128,1)
27,54: (51,77,128,255)  #334D80FF  srgba(51,77,128,1)
28,54: (51,77,128,255)  #334D80FF  srgba(51,77,128,1)
29,54: (51,77,128,255)  #334D80FF  srgba(51,77,128,1)
30,54: (51,77,128,255)  #334D80FF  srgba(51,77,128,1)
31,54: (51,77,128,255)  #334D80FF  srgba(51,77,128,1)
32,54: (51,77,128,255)  #334D80FF  srgba(51,77,128,1)
33,54: (51,77,128,255)  #334D80FF  srgba(51,77,128,1)
34,54: (51,77,128,255)  #334D80FF  srgba(51,77,128,1)
35,54: (51,77,128,255)  #334D80FF  srgba(51,77,128,1)
36,54: (51,77,128,255)  #334D80FF  srgba(51,77,128,1)
37,54: (51,77,128,255)  #334D80FF  srgba(51,77,128,1)
38,54: (51,77,128,255)  #334D80FF  srgba(51,77,128,1)
39,54: (51,77,128,255)  #334D80FF  srgba(51,77,128,1)
40,54: (51,77,128,255)  #334D80FF  srgba(51,77,128,1)
41,54: (51,77,128,255)  #334D80FF  srgba(51,77,128,1)
42,54: (51,77,128,255)  #334D80FF  srgba(51,77,128,1)
43,54: (51,77,128,255)  #334D80FF  srgba(51,77,128,1)
44,54: (51,77,128,255)  #334D80FF  srgba(51,77,128,1)
45,54: (51,77,128,255)  #334D80FF  srgba(51,77,128,1)
46,54: (51,77,128,255)  #334D80FF  srgba(51,77,128,1)
47,54: (51,77,128,255)  #334D80FF  srgba(51,77,128,1)
48,54: (51,77,128,255)  #334D80FF  srgba(51,77,128,1)
49,54: (51,77,128,255)  #334D80FF  srgba(51,77,128,1)
50,54: (51,77,128,255)  #334D80FF  srgba(51,77,128,1)
51,54: (51,77,128,255)  #334D80FF  srgba(51,77,128,1)
52,54: (51,77,128,255)  #334D80FF  srgba(51,77,128,1)
53,54: (51,77,128,255)  #334D80FF  srgba(51,77,128,1)
54,54: (51,77,128,255)  #334D80FF  srgba(51,77,128,1)
55,54: (51,77,128,255)  #334D80FF  srgba(51,77,128,1)
56,54: (51,77,128,255)  #334D80FF  srgba(51,77,128,1)
57,54: (51,77,128,255)  #334D80FF  srgba(51,77,128,1)
58,54: (51,77,128,255)  #334D80FF  srgba(51,77,128,1)
59,54: (51,77,128,255)  #334D80FF  srgba(51,77,128,1)
60,54: (51,77,128,255)  #334D80FF  srgba(51,77,128,1)
61,54: (51,77,128,255)  #334D80FF  srgba(51,77,128,1)
62,54: (51,77,128,255)  #334D80FF  srgba(51,77,128,1)
63,54: (51,77,128,255)  #334D80FF  srgba(51,77,128,1)
64,54: (51,77,128,255)  #334D80FF  srgba(51,77,128,1)
65,54: (51,77,128,255)  #334D80FF  srgba(51,77,128,1)
66,54: (51,77,128,255)  #334D80FF  srgba(51,77,128,1)
67,54: (51,77,128,255)  #334D80FF  srgba(51,77,128,1)
68,54: (51,77,128,255)  #334D80FF  srgba(51,77,128,1)
69,54: (51,77,128,255)  #334D80FF  srgba(51,77,128,1)
70,54: (51,77,128,255)  #334D80FF  srgba(51,77,128,1)
71,54: (51,77,128,255)  #334D80FF  srgba(51,77,128,1)
72,54: (51,77,128,255)  #334D80FF  srgba(51,77,128,1)
73,54: (51,77,128,255)  #334D80FF  srgba(51,77,128,1)
74,54: (51,77,128,255)  #334D80FF  srgba(51,77,128,1)
75,54: (51,77,128,255)  #334D80FF  srgba(51,77,128,1)
76,54: (51,77,128,255)  #334D80FF  srgba(51,77,128,1)
77,54: (51,77,128,255)  #334D80FF  srgba(51,77,128,1)
78,54: (51,77,128,255)  #334D80FF  srgba(51,77,128,1)
79,54: (51,77,128,255)  #334D80FF  srgba(51,77,128,1)
80,54: (51,77,128,255)  #334D80FF  srgba(51,77,128,1)
81,54: (51,77,128,255)  #334D80FF  srgba(51,77,128,1)
82,54: (51,77,128,255)  #334D80FF  srgba(51,77,128,1)
83,54: (51,77,128,255)  #334D80FF  srgba(51,77,128,1)
84,54: (51,77,128,255)  #334D80FF  srgba(51,77,128,1)
85,54: (51,77,128,255)  #334D80FF  srgba(51,77,128,1)
86,54: (51,77,128,255)  #334D80FF  srgba(51,77,128,1)
87,54: (51,77,128,255)  #334D80FF  srgba(51,77,128,1)
88,54: (51,77,128,255)  #334D80FF  srgba(51,77,128,1)
89,54: (51,77,128,255)  #334D80FF  srgba(51,77,128,1)
90,54: (51,77,128,255)  #334D80FF  srgba(51,77,128,1)
91,54: (51,77,128,255)  #334D80FF  srgba(51,77,128,1)
92,54: (51,77,128,255)  #334D80FF  srgba(51,77,128,1)
93,54: (51,77,128,255)  #334D80FF  srgba(51,77,128,1)
94,54: (51,77,128,255)  #334D80FF  srgba(51,77,128,1)
95,54: (51,77,128,255)  #334D80FF  srgba(51,77,128,1)
96,54: (51,77,128,255)  #334D80FF  srgba(51,77,128,1)
97,54: (51,77,128,255)  #334D80FF  srgba(51,77,128,1)
98,54: (51,77,128,255)  #334D80FF  srgba(51,77,128,1)
99,54: (51,77,128,255)  #334D80FF  srgba(51,77,128,1)
0,55: (51,77,128,255)  #334D80FF  srgba(51,77,128,1)
1,55: (51,77,128,255)  #334D80FF  srgba(51,77,128,1)
2,55: (51,77,128,255)  #334D80FF  srgba(51,77,128,1)
3,55: (51,77,128,255)  #334D80FF  srgba(51,77,128,1)
4,55: (51,77,128,255)  #334D80FF  srgba(51,77,128,1)
5,55: (51,77,128,255)  #334D80FF  srgba(51,77,128,1)
6,55: (51,77,128,255)  #334D80FF  srgba(51,77,128,1)
7,55: (51,77,128,255)  #334D80FF  srgba(51,77,128,1)
8,55: (51,77,128,255)  #334D80FF  srgba(51,77,128,1)
9,55: (51,77,128,255)  #334D80FF  srgba(51,77,128,1)
10,55: (51,77,128,255)  #334D80FF  srgba(51,77,128,1)
11,55: (51,77,128,255)  #334D80FF  srgba(51,77,128,1)
12,55: (51,77,128,255)  #334D80FF  srgba(51,77,128,1)
13,55: (51,77,128,255)  #334D80FF  srgba(51,77,128,1)
14,55: (51,77,128,255)  #334D80FF  srgba(51,77,128,1)
15,55: (51,77,128,255)  #334D80FF  srgba(51,77,128,1)
16,55: (51,77,128,255)  #334D80FF  srgba(51,77,128,1)
17,55: (51,77,128,255)  #334D80FF  srgba(51,77,128,1)
18,55: (51,77,128,255)  #334D80FF  srgba(51,77,128,1)
19,55: (51,77,128,255)  #334D80FF  srgba(51,77,128,1)
20,55: (51,77,128,255)  #334D80FF  srgba(51,77,128,1)
21,55: (51,77,128,255)  #334D80FF  srgba(51,77,128,1)
22,55: (51,77,128,255)  #334D80FF  srgba(51,77,128,1)
23,55: (51,77,128,255)  #334D80FF  srgba(51,77,128,1)
24,55: (51,77,128,255)  #334D80FF  srgba(51,77,128,1)
25,55: (51,77,128,255)  #334D80FF  srgba(51,77,128,1)
26,55: (51,77,128,255)  #334D80FF  srgba(51,77,128,1)
27,55: (51,77,128,255)  #334D80FF  srgba(51,77,128,1)
28,55: (51,77,128,255)  #334D80FF  srgba(51,77,128,1)
29,55: (51,77,128,255)  #334D80FF  srgba(51,77,128,1)
30,55: (51,77,128,255)  #334D80FF  srgba(51,77,128,1)
31,55: (51,77,128,255)  #334D80FF  srgba(51,77,128,1)
32,55: (51,77,128,255)  #334D80FF  srgba(51,77,128,1)
33,55: (51,77,128,255)  #334D80FF  srgba(51,77,128,1)
34,55: (51,77,128,255)  #334D80FF  srgba(51,77,128,1)
35,55: (51,77,128,255)  #334D80FF  srgba(51,77,128,1)
36,55: (51,77,128,255)  #334D80FF  srgba(51,77,128,1)
37,55: (51,77,128,255)  #334D80FF  srgba(51,77,128,1)
38,55: (51,77,128,255)  #334D80FF  srgba(51,77,128,1)
39,55: (51,77,128,255)  #334D80FF  srgba(51,77,128,1)
40,55: (51,77,128,255)  #334D80FF  srgba(51,77,128,1)
41,55: (51,77,128,255)  #334D80FF  srgba(51,77,128,1)
42,55: (51,77,128,255)  #334D80FF  srgba(51,77,128,1)
43,55: (51,77,128,255)  #334D80FF  srgba(51,77,128,1)
44,55: (51,77,128,255)  #334D80FF  srgba(51,77,128,1)
45,55: (51,77,128,255)  #334D80FF  srgba(51,77,128,1)
46,55: (51,77,128,255)  #334D80FF  srgba(51,77,128,1)
47,55: (51,77,128,255)  #334D80FF  srgba(51,77,128,1)
48,55: (51,77,128,255)  #334D80FF  srgba(51,77,128,1)
49,55: (51,77,128,255)  #334D80FF  srgba(51,77,128,1)
50,55: (51,77,128,255)  #334D80FF  srgba(51,77,128,1)
51,55: (51,77,128,255)  #334D80FF  srgba(51,77,128,1)
52,55: (51,77,128,255)  #334D80FF  srgba(51,77,128,1)
53,55: (51,77,128,255)  #334D80FF  srgba(51,77,128,1)
54,55: (51,77,128,255)  #334D80FF  srgba(51,77,128,1)
55,55: (51,77,128,255)  #334D80FF  srgba(51,77,128,1)
56,55: (51,77,128,255)  #334D80FF  srgba(51,77,128,1)
57,55: (51,77,128,255)  #334D80FF  srgba(51,77,128,1)
58,55: (51,77,128,255)  #334D80FF  srgba(51,77,128,1)
59,55: (51,77,128,255)  #334D80FF  srgba(51,77,128,1)
60,55: (51,77,128,255)  #334D80FF  srgba(51,77,128,1)
61,55: (51,77,128,255)  #334D80FF  srgba(51,77,128,1)
62,55: (51,77,128,255)  #334D80FF  srgba(51,77,128,1)
63,55: (51,77,128,255)  #334D80FF  srgba(51,77,128,1)
64,55: (51,77,128,255)  #334D80FF  srgba(51,77,128,1)
65,55: (51,77,128,255)  #334D80FF  srgba(51,77,128,1)
66,55: (51,77,128,255)  #334D80FF  srgba(51,77,128,1)
67,55: (51,77,128,255)  #334D80FF  srgba(51,77,128,1)
68,55: (51,77,128,255)  #334D80FF  srgba(51,77,128,1)
69,55: (51,77,128,255)  #334D80FF  srgba(51,77,128,1)
70,55: (51,77,128,255)  #334D80FF  srgba(51,77,128,1)
71,55: (51,77,128,255)  #334D80FF  srgba(51,77,128,1)
72,55: (51,77,128,255)  #334D80FF  srgba(51,77,128,1)
73,55: (51,77,128,255)  #334D80FF  srgba(51,77,128,1)
74,55: (51,77,128,255)  #334D80FF  srgba(51,77,128,1)
75,55: (51,77,128,255)  #334D80FF  srgba(51,77,128,1)
76,55: (51,77,128,255)  #334D80FF  srgba(51,77,128,1)
77,55: (51,77,128,255)  #334D80FF  srgba(51,77,128,1)
78,55: (51,77,128,255)  #334D80FF  srgba(51,77,128,1)
79,55: (51,77,128,255)  #334D80FF  srgba(51,77,128,1)
80,55: (51,77,128,255)  #334D80FF  srgba(51,77,128,1)
81,55: (51,77,128,255)  #334D80FF  srgba(51,77,128,1)
82,55: (51,77,128,255)  #334D80FF  srgba(51,77,128,1)
83,55: (51,77,128,255)  #334D80FF  srgba(51,77,128,1)
84,55: (51,77,128,255)  #334D80FF  srgba(51,77,128,1)
85,55: (51,77,128,255)  #334D80FF  srgba(51,77,128,1)
86,55: (51,77,128,255)  #334D80FF  srgba(51,77,128,1)
87,55: (51,77,128,255)  #334D80FF  srgba(51,77,128,1)
88,55: (51,77,128,255)  #334D80FF  srgba(51,77,128,1)
89,55: (51,77,128,255)  #334D80FF  srgba(51,77,128,1)
90,55: (51,77,128,255)  #334D80FF  srgba(51,77,128,1)
91,55: (51,77,128,255)  #334D80FF  srgba(51,77,128,1)
92,55: (51,77,128,255)  #334D80FF  srgba(51,77,128,1)
93,55: (51,77,128,255)  #334D80FF  srgba(51,77,128,1)
94,55: (51,77,128,255)  #334D80FF  srgba(51,77,128,1)
95,55: (51,77,128,255)  #334D80FF  srgba(51,77,128,1)
96,55: (51,77,128,255)  #334D80FF  srgba(51,77,128,1)
97,55: (51,77,128,255)  #334D80FF  srgba(51,77,128,1)
98,55: (51,77,128,255)  #334D80FF  srgba(51,77,128,1)
99,55: (51,77,128,255)  #334D80FF  srgba(51,77,128,1)
